{"type":"FeatureCollection","features":[{"type":"Feature","properties":{"kind":"admin1","iso":"CA","region":"British Columbia","name":"British Columbia"},"geometry":{"type":"MultiPolygon","coordinates":[[[[-117.038,48.993],[-122.753,48.993],[-122.76,49.001],[-122.782,49.017],[-122.823,49.007],[-122.853,49.017],[-122.876,49.037],[-122.876,49.055],[-122.865,49.07],[-122.868,49.08],[-122.882,49.086],[-122.907,49.088],[-122.951,49.083],[-123.033,49.051],[-123.049,49.035],[-123.044,49.017],[-123.032,48.995],[-123.035,48.992],[-123.091,48.993],[-123.1,49.021],[-123.108,49.034],[-123.139,49.054],[-123.143,49.061],[-123.129,49.075],[-123.076,49.106],[-123.054,49.123],[-123.041,49.151],[-123.081,49.128],[-123.123,49.116],[-123.167,49.116],[-123.212,49.13],[-123.212,49.137],[-123.2,49.149],[-123.205,49.19],[-123.198,49.206],[-123.18,49.21],[-123.157,49.205],[-123.138,49.196],[-123.143,49.207],[-123.236,49.25],[-123.247,49.275],[-123.218,49.279],[-123.175,49.277],[-123.143,49.28],[-123.162,49.3],[-123.155,49.309],[-123.139,49.309],[-123.129,49.305],[-123.123,49.294],[-123.109,49.289],[-123.09,49.289],[-123.074,49.294],[-123.067,49.288],[-123.057,49.294],[-123.039,49.296],[-123.021,49.293],[-123.006,49.288],[-122.961,49.282],[-122.922,49.3],[-122.892,49.334],[-122.863,49.406],[-122.856,49.442],[-122.86,49.45],[-122.869,49.456],[-122.878,49.457],[-122.882,49.449],[-122.88,49.417],[-122.882,49.404],[-122.938,49.326],[-123.021,49.307],[-123.212,49.343],[-123.228,49.343],[-123.27,49.335],[-123.284,49.363],[-123.294,49.37],[-123.284,49.383],[-123.256,49.397],[-123.245,49.411],[-123.24,49.442],[-123.252,49.512],[-123.251,49.523],[-123.24,49.555],[-123.218,49.596],[-123.225,49.597],[-123.226,49.603],[-123.215,49.61],[-123.207,49.622],[-123.205,49.636],[-123.212,49.65],[-123.17,49.675],[-123.154,49.693],[-123.171,49.705],[-123.203,49.682],[-123.228,49.675],[-123.247,49.658],[-123.253,49.65],[-123.245,49.613],[-123.249,49.598],[-123.256,49.593],[-123.267,49.591],[-123.287,49.581],[-123.328,49.582],[-123.355,49.555],[-123.397,49.558],[-123.41,49.548],[-123.489,49.515],[-123.503,49.505],[-123.486,49.494],[-123.491,49.473],[-123.473,49.435],[-123.482,49.414],[-123.5,49.4],[-123.516,49.392],[-123.534,49.388],[-123.555,49.39],[-123.781,49.465],[-123.807,49.471],[-123.865,49.473],[-123.886,49.477],[-123.903,49.486],[-123.92,49.507],[-123.931,49.513],[-123.964,49.521],[-123.975,49.531],[-123.993,49.55],[-124.027,49.603],[-124.061,49.631],[-124.066,49.644],[-124.068,49.662],[-124.064,49.678],[-124.044,49.691],[-124.02,49.733],[-124.006,49.741],[-123.99,49.745],[-123.955,49.747],[-123.939,49.744],[-123.921,49.716],[-123.869,49.672],[-123.835,49.634],[-123.827,49.595],[-123.828,49.582],[-123.805,49.529],[-123.794,49.513],[-123.777,49.505],[-123.767,49.513],[-123.753,49.541],[-123.772,49.575],[-123.772,49.594],[-123.76,49.61],[-123.718,49.617],[-123.694,49.635],[-123.638,49.641],[-123.59,49.654],[-123.55,49.675],[-123.534,49.705],[-123.664,49.656],[-123.795,49.644],[-123.808,49.647],[-123.812,49.667],[-123.823,49.683],[-123.884,49.739],[-123.928,49.764],[-123.934,49.783],[-123.923,49.8],[-123.89,49.829],[-123.882,49.847],[-123.884,49.901],[-123.891,49.921],[-123.908,49.931],[-123.945,49.945],[-123.958,49.967],[-123.954,49.99],[-123.936,50.007],[-123.896,50.018],[-123.878,50.031],[-123.808,50.041],[-123.772,50.073],[-123.755,50.094],[-123.756,50.103],[-123.777,50.112],[-123.815,50.149],[-123.828,50.158],[-123.888,50.182],[-123.929,50.19],[-123.971,50.214],[-123.993,50.22],[-123.972,50.193],[-123.945,50.172],[-123.925,50.164],[-123.881,50.154],[-123.862,50.144],[-123.846,50.121],[-123.808,50.103],[-123.815,50.09],[-123.833,50.076],[-123.869,50.055],[-123.981,50.021],[-123.993,50.011],[-124,49.993],[-124,49.974],[-123.989,49.934],[-123.979,49.918],[-123.962,49.904],[-123.926,49.886],[-123.911,49.87],[-123.938,49.829],[-123.978,49.809],[-124.001,49.812],[-124.009,49.821],[-124.013,49.842],[-124.011,49.855],[-124.013,49.864],[-124.034,49.883],[-124.026,49.894],[-124.02,49.908],[-124.023,49.92],[-124.037,49.925],[-124.045,49.917],[-124.075,49.87],[-124.053,49.852],[-124.048,49.841],[-124.058,49.836],[-124.085,49.831],[-124.089,49.822],[-124.082,49.808],[-124.102,49.798],[-124.148,49.784],[-124.171,49.781],[-124.25,49.781],[-124.274,49.774],[-124.267,49.752],[-124.283,49.747],[-124.304,49.753],[-124.327,49.774],[-124.355,49.774],[-124.404,49.767],[-124.43,49.772],[-124.478,49.79],[-124.513,49.798],[-124.526,49.815],[-124.528,49.838],[-124.532,49.844],[-124.583,49.882],[-124.606,49.893],[-124.635,49.902],[-124.65,49.921],[-124.675,49.927],[-124.732,49.954],[-124.764,49.977],[-124.822,50.04],[-124.829,50.055],[-124.82,50.071],[-124.801,50.062],[-124.763,50.034],[-124.742,50.028],[-124.704,49.997],[-124.685,49.986],[-124.702,50.023],[-124.704,50.041],[-124.683,50.052],[-124.673,50.073],[-124.672,50.083],[-124.677,50.089],[-124.705,50.103],[-124.693,50.114],[-124.676,50.12],[-124.666,50.127],[-124.672,50.144],[-124.649,50.153],[-124.628,50.169],[-124.618,50.189],[-124.623,50.206],[-124.603,50.24],[-124.608,50.251],[-124.626,50.266],[-124.64,50.294],[-124.687,50.313],[-124.705,50.322],[-124.713,50.331],[-124.703,50.335],[-124.677,50.355],[-124.673,50.361],[-124.672,50.374],[-124.66,50.392],[-124.632,50.402],[-124.6,50.405],[-124.576,50.405],[-124.546,50.397],[-124.534,50.397],[-124.506,50.416],[-124.477,50.422],[-124.411,50.446],[-124.357,50.486],[-124.348,50.497],[-124.359,50.509],[-124.383,50.498],[-124.425,50.466],[-124.504,50.438],[-124.589,50.425],[-124.672,50.431],[-124.685,50.422],[-124.694,50.402],[-124.75,50.352],[-124.808,50.322],[-124.83,50.318],[-124.898,50.328],[-124.941,50.326],[-124.952,50.328],[-124.963,50.341],[-124.959,50.35],[-124.95,50.358],[-124.946,50.371],[-124.952,50.392],[-124.967,50.412],[-124.986,50.428],[-125.007,50.432],[-124.998,50.411],[-124.991,50.384],[-124.995,50.36],[-125.039,50.342],[-125.062,50.328],[-125.082,50.325],[-125.089,50.35],[-125.086,50.364],[-125.07,50.369],[-125.062,50.377],[-125.065,50.415],[-125.069,50.424],[-125.057,50.477],[-125.042,50.487],[-124.97,50.501],[-124.959,50.511],[-124.953,50.537],[-124.937,50.547],[-124.891,50.555],[-124.87,50.583],[-124.874,50.608],[-124.866,50.63],[-124.864,50.672],[-124.856,50.693],[-124.829,50.72],[-124.824,50.735],[-124.836,50.754],[-124.906,50.779],[-124.911,50.785],[-124.91,50.794],[-124.885,50.819],[-124.853,50.84],[-124.825,50.87],[-124.809,50.88],[-124.787,50.885],[-124.803,50.916],[-124.814,50.927],[-124.832,50.932],[-124.849,50.931],[-124.861,50.927],[-124.868,50.916],[-124.87,50.895],[-124.918,50.844],[-124.971,50.82],[-124.986,50.808],[-124.956,50.799],[-124.952,50.792],[-124.949,50.761],[-124.928,50.758],[-124.909,50.749],[-124.9,50.735],[-124.913,50.706],[-124.925,50.658],[-124.918,50.645],[-124.909,50.637],[-124.908,50.627],[-124.94,50.598],[-124.949,50.597],[-124.954,50.604],[-124.959,50.603],[-124.967,50.591],[-125.027,50.559],[-125.04,50.531],[-125.102,50.499],[-125.124,50.474],[-125.112,50.454],[-125.128,50.437],[-125.155,50.424],[-125.178,50.419],[-125.197,50.421],[-125.208,50.427],[-125.227,50.453],[-125.243,50.467],[-125.247,50.474],[-125.246,50.481],[-125.239,50.496],[-125.244,50.504],[-125.256,50.507],[-125.267,50.498],[-125.285,50.477],[-125.299,50.467],[-125.325,50.474],[-125.342,50.489],[-125.348,50.52],[-125.357,50.543],[-125.384,50.535],[-125.383,50.526],[-125.385,50.512],[-125.397,50.487],[-125.414,50.474],[-125.432,50.466],[-125.518,50.456],[-125.544,50.456],[-125.563,50.459],[-125.577,50.471],[-125.573,50.478],[-125.548,50.494],[-125.541,50.506],[-125.53,50.542],[-125.528,50.555],[-125.542,50.589],[-125.535,50.617],[-125.517,50.651],[-125.505,50.662],[-125.487,50.672],[-125.453,50.685],[-125.425,50.713],[-125.455,50.72],[-125.48,50.707],[-125.504,50.688],[-125.556,50.666],[-125.569,50.638],[-125.571,50.608],[-125.563,50.589],[-125.572,50.573],[-125.577,50.552],[-125.586,50.535],[-125.622,50.522],[-125.622,50.511],[-125.61,50.494],[-125.613,50.479],[-125.618,50.471],[-125.644,50.448],[-125.67,50.439],[-125.71,50.44],[-125.774,50.488],[-125.795,50.494],[-125.786,50.506],[-125.752,50.509],[-125.74,50.52],[-125.787,50.532],[-125.814,50.533],[-125.836,50.528],[-125.864,50.501],[-125.955,50.476],[-126.008,50.472],[-126.057,50.479],[-126.09,50.501],[-126.111,50.491],[-126.131,50.49],[-126.242,50.501],[-126.261,50.507],[-126.281,50.519],[-126.276,50.525],[-126.228,50.544],[-126.209,50.538],[-126.179,50.52],[-126.186,50.549],[-126.185,50.564],[-126.179,50.576],[-126.138,50.583],[-126.104,50.597],[-126.086,50.589],[-126.063,50.603],[-125.978,50.613],[-125.958,50.618],[-125.939,50.63],[-125.96,50.646],[-125.985,50.644],[-126.035,50.63],[-126.062,50.627],[-126.132,50.603],[-126.16,50.598],[-126.244,50.597],[-126.252,50.601],[-126.265,50.62],[-126.277,50.626],[-126.269,50.63],[-126.222,50.643],[-126.119,50.647],[-126.048,50.665],[-126.019,50.666],[-125.939,50.652],[-125.914,50.654],[-125.826,50.677],[-125.75,50.685],[-125.716,50.679],[-125.706,50.682],[-125.699,50.689],[-125.684,50.726],[-125.672,50.74],[-125.659,50.746],[-125.632,50.751],[-125.62,50.758],[-125.608,50.781],[-125.62,50.799],[-125.64,50.816],[-125.651,50.836],[-125.645,50.855],[-125.628,50.863],[-125.56,50.866],[-125.55,50.873],[-125.535,50.912],[-125.512,50.927],[-125.507,50.939],[-125.512,50.961],[-125.538,50.995],[-125.563,51.055],[-125.578,51.072],[-125.637,51.104],[-125.631,51.063],[-125.61,51.015],[-125.583,50.967],[-125.542,50.939],[-125.557,50.92],[-125.576,50.907],[-125.598,50.9],[-125.639,50.895],[-125.67,50.879],[-125.679,50.87],[-125.686,50.829],[-125.682,50.822],[-125.644,50.799],[-125.648,50.782],[-125.656,50.778],[-125.685,50.775],[-125.709,50.758],[-125.743,50.717],[-125.767,50.706],[-125.767,50.713],[-125.88,50.709],[-125.905,50.689],[-125.921,50.685],[-125.953,50.685],[-125.966,50.696],[-125.974,50.708],[-125.985,50.715],[-126.008,50.713],[-126.047,50.689],[-126.059,50.685],[-126.187,50.672],[-126.212,50.675],[-126.227,50.693],[-126.21,50.709],[-126.168,50.718],[-126.126,50.748],[-126.055,50.775],[-126.031,50.789],[-126.035,50.795],[-126.08,50.795],[-126.152,50.774],[-126.179,50.781],[-126.196,50.798],[-126.194,50.815],[-126.185,50.833],[-126.179,50.853],[-126.184,50.868],[-126.214,50.848],[-126.233,50.844],[-126.238,50.848],[-126.24,50.863],[-126.27,50.864],[-126.313,50.857],[-126.365,50.856],[-126.388,50.852],[-126.46,50.822],[-126.489,50.817],[-126.522,50.832],[-126.547,50.837],[-126.556,50.844],[-126.559,50.853],[-126.557,50.869],[-126.562,50.877],[-126.499,50.922],[-126.467,50.912],[-126.361,50.904],[-126.319,50.914],[-126.223,50.905],[-126.204,50.91],[-126.184,50.923],[-126.173,50.939],[-126.179,50.954],[-126.227,50.932],[-126.243,50.928],[-126.405,50.939],[-126.459,50.952],[-126.484,50.965],[-126.506,51.012],[-126.515,51.062],[-126.515,51.076],[-126.521,51.076],[-126.545,51.032],[-126.552,51.005],[-126.545,50.984],[-126.527,50.956],[-126.535,50.942],[-126.553,50.931],[-126.562,50.915],[-126.575,50.906],[-126.674,50.878],[-126.696,50.877],[-126.747,50.891],[-126.749,50.897],[-126.77,50.91],[-126.804,50.913],[-126.815,50.918],[-126.833,50.935],[-126.846,50.943],[-126.859,50.943],[-126.87,50.938],[-126.878,50.932],[-126.892,50.912],[-126.899,50.907],[-127.027,50.906],[-127.08,50.927],[-127.111,50.932],[-127.152,50.932],[-127.166,50.939],[-127.174,50.926],[-127.156,50.915],[-127.129,50.908],[-127.085,50.902],[-127.034,50.888],[-127.007,50.885],[-126.953,50.885],[-126.926,50.877],[-126.922,50.872],[-126.958,50.864],[-127.001,50.832],[-127.022,50.822],[-127.042,50.823],[-127.067,50.831],[-127.131,50.866],[-127.214,50.877],[-127.248,50.898],[-127.255,50.918],[-127.263,50.919],[-127.285,50.912],[-127.31,50.913],[-127.429,50.943],[-127.447,50.954],[-127.417,50.97],[-127.416,50.976],[-127.424,50.983],[-127.443,50.988],[-127.473,50.984],[-127.506,50.991],[-127.531,51.004],[-127.532,51.018],[-127.519,51.041],[-127.5,51.095],[-127.481,51.104],[-127.481,51.11],[-127.503,51.12],[-127.527,51.117],[-127.553,51.108],[-127.635,51.097],[-127.662,51.097],[-127.687,51.11],[-127.69,51.129],[-127.777,51.167],[-127.783,51.186],[-127.794,51.198],[-127.788,51.22],[-127.79,51.233],[-127.736,51.258],[-127.626,51.275],[-127.571,51.301],[-127.416,51.289],[-127.378,51.275],[-127.221,51.289],[-127.179,51.309],[-127.138,51.323],[-127.127,51.339],[-127.118,51.36],[-127.114,51.382],[-127.117,51.399],[-127.133,51.385],[-127.165,51.345],[-127.176,51.336],[-127.201,51.332],[-127.256,51.309],[-127.282,51.302],[-127.515,51.317],[-127.515,51.323],[-127.472,51.343],[-127.464,51.353],[-127.484,51.358],[-127.514,51.353],[-127.563,51.334],[-127.59,51.33],[-127.649,51.336],[-127.68,51.336],[-127.722,51.321],[-127.752,51.322],[-127.78,51.331],[-127.79,51.35],[-127.778,51.365],[-127.755,51.378],[-127.729,51.387],[-127.68,51.393],[-127.664,51.398],[-127.621,51.443],[-127.604,51.456],[-127.585,51.465],[-127.552,51.471],[-127.555,51.489],[-127.553,51.498],[-127.522,51.516],[-127.515,51.528],[-127.515,51.549],[-127.521,51.589],[-127.512,51.607],[-127.492,51.621],[-127.468,51.628],[-127.316,51.656],[-127.044,51.669],[-126.709,51.645],[-126.677,51.646],[-126.655,51.656],[-126.652,51.675],[-126.648,51.679],[-126.625,51.678],[-126.612,51.707],[-126.603,51.714],[-126.638,51.762],[-126.638,51.773],[-126.666,51.803],[-126.663,51.792],[-126.659,51.788],[-126.668,51.766],[-126.661,51.75],[-126.649,51.735],[-126.644,51.72],[-126.649,51.707],[-126.679,51.693],[-126.699,51.665],[-127.096,51.704],[-127.259,51.686],[-127.285,51.691],[-127.329,51.711],[-127.35,51.714],[-127.354,51.689],[-127.386,51.674],[-127.423,51.672],[-127.447,51.686],[-127.44,51.688],[-127.437,51.694],[-127.44,51.693],[-127.426,51.706],[-127.433,51.706],[-127.433,51.755],[-127.422,51.76],[-127.375,51.769],[-127.362,51.78],[-127.337,51.857],[-127.35,51.87],[-127.376,51.837],[-127.387,51.816],[-127.394,51.784],[-127.4,51.778],[-127.449,51.777],[-127.453,51.775],[-127.477,51.713],[-127.493,51.699],[-127.55,51.711],[-127.583,51.712],[-127.616,51.708],[-127.646,51.7],[-127.646,51.693],[-127.549,51.672],[-127.499,51.677],[-127.477,51.675],[-127.467,51.662],[-127.478,51.652],[-127.546,51.634],[-127.559,51.619],[-127.575,51.588],[-127.59,51.577],[-127.59,51.569],[-127.573,51.558],[-127.567,51.544],[-127.572,51.528],[-127.623,51.478],[-127.643,51.465],[-127.666,51.46],[-127.714,51.458],[-127.728,51.46],[-127.762,51.494],[-127.746,51.505],[-127.681,51.505],[-127.659,51.508],[-127.659,51.515],[-127.7,51.535],[-127.718,51.536],[-127.791,51.527],[-127.796,51.528],[-127.803,51.538],[-127.79,51.556],[-127.802,51.589],[-127.803,51.604],[-127.826,51.599],[-127.833,51.609],[-127.837,51.645],[-127.85,51.658],[-127.864,51.664],[-127.874,51.673],[-127.878,51.696],[-127.877,51.715],[-127.865,51.738],[-127.878,51.758],[-127.878,51.785],[-127.889,51.806],[-127.892,51.816],[-127.878,51.844],[-127.885,51.861],[-127.883,51.866],[-127.871,51.87],[-127.86,51.906],[-127.85,51.92],[-127.817,51.93],[-127.782,51.949],[-127.765,51.953],[-127.712,51.949],[-127.685,51.95],[-127.666,51.96],[-127.673,51.967],[-127.659,51.992],[-127.648,52.057],[-127.638,52.084],[-127.615,52.107],[-127.583,52.128],[-127.547,52.143],[-127.515,52.152],[-127.493,52.154],[-127.477,52.151],[-127.468,52.141],[-127.467,52.125],[-127.475,52.107],[-127.489,52.098],[-127.507,52.096],[-127.566,52.1],[-127.577,52.094],[-127.624,52.029],[-127.59,52.05],[-127.561,52.078],[-127.55,52.082],[-127.465,52.083],[-127.43,52.089],[-127.405,52.104],[-127.443,52.159],[-127.449,52.163],[-127.454,52.173],[-127.452,52.182],[-127.398,52.196],[-127.381,52.22],[-127.357,52.229],[-127.284,52.238],[-127.264,52.246],[-127.186,52.309],[-127.173,52.316],[-127.148,52.319],[-127.095,52.311],[-127.043,52.31],[-127.02,52.306],[-126.998,52.298],[-126.957,52.269],[-126.943,52.253],[-126.937,52.235],[-126.947,52.213],[-126.908,52.178],[-126.779,52.098],[-126.711,52.047],[-126.7,52.035],[-126.672,51.987],[-126.67,52.031],[-126.672,52.047],[-126.686,52.063],[-126.716,52.077],[-126.723,52.095],[-126.751,52.128],[-126.793,52.153],[-126.885,52.195],[-126.913,52.227],[-126.903,52.245],[-126.903,52.258],[-126.939,52.306],[-126.939,52.32],[-126.926,52.337],[-126.885,52.344],[-126.875,52.358],[-126.856,52.357],[-126.814,52.368],[-126.734,52.371],[-126.753,52.393],[-126.785,52.397],[-126.913,52.372],[-127.002,52.339],[-127.042,52.338],[-127.117,52.351],[-127.152,52.351],[-127.159,52.356],[-127.166,52.371],[-127.19,52.388],[-127.193,52.399],[-127.179,52.412],[-127.2,52.439],[-127.225,52.456],[-127.233,52.508],[-127.228,52.523],[-127.191,52.555],[-127.15,52.579],[-127.109,52.589],[-127.076,52.615],[-127.056,52.625],[-127.003,52.634],[-126.982,52.645],[-126.966,52.686],[-126.932,52.713],[-126.926,52.734],[-126.932,52.753],[-126.955,52.788],[-126.97,52.829],[-126.992,52.844],[-127.042,52.865],[-127.065,52.883],[-127.076,52.885],[-127.061,52.86],[-127.017,52.814],[-127.001,52.783],[-127.001,52.752],[-126.984,52.733],[-126.98,52.724],[-126.987,52.711],[-127.054,52.653],[-127.152,52.611],[-127.223,52.566],[-127.243,52.561],[-127.259,52.553],[-127.255,52.536],[-127.269,52.529],[-127.282,52.515],[-127.28,52.504],[-127.262,52.484],[-127.269,52.469],[-127.286,52.459],[-127.452,52.412],[-127.495,52.359],[-127.542,52.342],[-127.589,52.331],[-127.611,52.32],[-127.617,52.299],[-127.631,52.296],[-127.673,52.303],[-127.73,52.276],[-127.755,52.282],[-127.745,52.32],[-127.714,52.358],[-127.737,52.354],[-127.756,52.339],[-127.783,52.303],[-127.791,52.287],[-127.801,52.256],[-127.83,52.241],[-127.861,52.216],[-127.872,52.22],[-127.885,52.241],[-127.886,52.266],[-127.89,52.277],[-127.914,52.285],[-127.923,52.294],[-127.933,52.316],[-127.923,52.324],[-127.909,52.348],[-127.897,52.354],[-127.871,52.355],[-127.858,52.358],[-127.847,52.371],[-127.857,52.385],[-127.892,52.412],[-127.915,52.441],[-127.919,52.45],[-127.915,52.464],[-127.885,52.488],[-127.873,52.504],[-127.874,52.512],[-127.888,52.515],[-127.897,52.512],[-127.919,52.488],[-127.915,52.48],[-127.926,52.447],[-127.925,52.433],[-127.909,52.421],[-127.899,52.406],[-127.903,52.385],[-127.922,52.362],[-127.968,52.323],[-128.016,52.347],[-128.027,52.376],[-128.053,52.394],[-128.064,52.406],[-128.056,52.412],[-128.067,52.45],[-128.053,52.485],[-128.023,52.512],[-127.984,52.522],[-127.972,52.519],[-127.947,52.502],[-127.934,52.506],[-127.934,52.515],[-127.94,52.529],[-127.93,52.535],[-127.899,52.542],[-127.886,52.562],[-127.878,52.584],[-127.932,52.56],[-128.028,52.548],[-128.046,52.539],[-128.071,52.518],[-128.092,52.513],[-128.153,52.433],[-128.166,52.406],[-128.197,52.389],[-128.235,52.326],[-128.283,52.284],[-128.297,52.276],[-128.311,52.276],[-128.341,52.289],[-128.368,52.29],[-128.392,52.296],[-128.38,52.309],[-128.33,52.33],[-128.339,52.349],[-128.338,52.369],[-128.328,52.386],[-128.31,52.399],[-128.299,52.402],[-128.272,52.399],[-128.26,52.402],[-128.252,52.429],[-128.226,52.461],[-128.222,52.479],[-128.234,52.505],[-128.235,52.529],[-128.243,52.559],[-128.242,52.57],[-128.233,52.589],[-128.194,52.639],[-128.188,52.668],[-128.183,52.677],[-128.157,52.696],[-128.148,52.721],[-128.126,52.753],[-128.127,52.785],[-128.136,52.823],[-128.138,52.844],[-128.132,52.873],[-128.11,52.892],[-128.078,52.902],[-128.038,52.907],[-128.031,52.911],[-128.029,52.917],[-128.036,52.923],[-128.042,52.924],[-128.105,52.912],[-128.121,52.914],[-128.132,52.927],[-128.138,52.927],[-128.142,52.907],[-128.168,52.864],[-128.179,52.851],[-128.214,52.83],[-128.237,52.808],[-128.248,52.803],[-128.276,52.8],[-128.305,52.803],[-128.371,52.82],[-128.433,52.824],[-128.443,52.828],[-128.45,52.852],[-128.478,52.868],[-128.497,52.895],[-128.499,52.899],[-128.493,52.909],[-128.497,52.929],[-128.508,52.964],[-128.522,53.046],[-128.534,53.069],[-128.536,53.08],[-128.532,53.09],[-128.495,53.097],[-128.512,53.107],[-128.549,53.109],[-128.557,53.129],[-128.547,53.136],[-128.498,53.141],[-128.481,53.146],[-128.498,53.15],[-128.56,53.146],[-128.576,53.15],[-128.59,53.161],[-128.648,53.224],[-128.656,53.24],[-128.662,53.242],[-128.673,53.235],[-128.672,53.227],[-128.659,53.201],[-128.68,53.193],[-128.701,53.198],[-128.8,53.256],[-128.833,53.267],[-128.849,53.279],[-128.875,53.306],[-128.884,53.326],[-128.876,53.345],[-128.845,53.372],[-128.876,53.372],[-128.888,53.377],[-128.874,53.401],[-128.886,53.427],[-128.881,53.448],[-128.844,53.471],[-128.831,53.488],[-128.862,53.489],[-128.877,53.486],[-128.889,53.478],[-128.908,53.459],[-128.918,53.459],[-128.933,53.468],[-128.947,53.486],[-128.963,53.533],[-128.974,53.557],[-128.946,53.555],[-128.892,53.537],[-128.865,53.536],[-128.847,53.546],[-128.831,53.562],[-128.813,53.573],[-128.789,53.57],[-128.776,53.556],[-128.759,53.511],[-128.749,53.495],[-128.708,53.482],[-128.673,53.454],[-128.667,53.461],[-128.692,53.482],[-128.694,53.488],[-128.683,53.493],[-128.668,53.489],[-128.639,53.475],[-128.563,53.42],[-128.52,53.402],[-128.498,53.387],[-128.493,53.381],[-128.501,53.376],[-128.503,53.363],[-128.494,53.344],[-128.488,53.346],[-128.483,53.357],[-128.48,53.387],[-128.482,53.398],[-128.491,53.405],[-128.508,53.406],[-128.508,53.413],[-128.496,53.416],[-128.467,53.434],[-128.38,53.447],[-128.363,53.459],[-128.352,53.482],[-128.309,53.461],[-128.254,53.453],[-128.149,53.454],[-128.127,53.451],[-128.106,53.443],[-128.09,53.431],[-128.082,53.411],[-128.07,53.399],[-128.104,53.338],[-128.071,53.365],[-128.051,53.374],[-128.032,53.368],[-127.977,53.342],[-127.961,53.33],[-127.956,53.318],[-127.953,53.265],[-127.943,53.254],[-127.871,53.228],[-127.877,53.25],[-127.918,53.271],[-127.933,53.289],[-127.934,53.303],[-127.928,53.325],[-127.933,53.338],[-127.943,53.344],[-128.002,53.362],[-128.03,53.382],[-128.085,53.448],[-128.104,53.457],[-128.112,53.465],[-128.116,53.476],[-128.111,53.488],[-128.133,53.484],[-128.201,53.488],[-128.3,53.482],[-128.348,53.499],[-128.374,53.504],[-128.385,53.492],[-128.39,53.475],[-128.403,53.462],[-128.421,53.453],[-128.453,53.446],[-128.492,53.447],[-128.503,53.445],[-128.516,53.434],[-128.529,53.434],[-128.539,53.439],[-128.553,53.457],[-128.584,53.467],[-128.594,53.474],[-128.598,53.485],[-128.612,53.505],[-128.643,53.513],[-128.687,53.519],[-128.691,53.534],[-128.701,53.547],[-128.728,53.57],[-128.749,53.562],[-128.765,53.576],[-128.779,53.595],[-128.808,53.615],[-128.817,53.635],[-128.816,53.65],[-128.774,53.705],[-128.77,53.721],[-128.792,53.76],[-128.789,53.781],[-128.775,53.798],[-128.755,53.81],[-128.71,53.816],[-128.693,53.821],[-128.678,53.859],[-128.656,53.862],[-128.559,53.842],[-128.479,53.837],[-128.474,53.841],[-128.485,53.855],[-128.501,53.863],[-128.55,53.858],[-128.572,53.861],[-128.617,53.876],[-128.645,53.882],[-128.663,53.891],[-128.675,53.887],[-128.683,53.889],[-128.694,53.899],[-128.694,53.906],[-128.68,53.913],[-128.671,53.93],[-128.636,53.971],[-128.632,53.978],[-128.632,54.005],[-128.628,54.013],[-128.598,54.03],[-128.622,54.032],[-128.653,54.02],[-128.682,54.001],[-128.7,53.982],[-128.716,53.957],[-128.735,53.934],[-128.748,53.926],[-128.749,53.92],[-128.765,53.914],[-128.772,53.914],[-128.783,53.92],[-128.789,53.893],[-128.839,53.866],[-128.862,53.83],[-128.933,53.776],[-128.928,53.796],[-128.908,53.827],[-128.906,53.845],[-128.915,53.858],[-128.926,53.847],[-128.947,53.81],[-128.948,53.839],[-128.94,53.865],[-128.966,53.891],[-128.984,53.898],[-129.009,53.899],[-129.009,53.892],[-128.978,53.867],[-128.965,53.821],[-128.973,53.778],[-129.002,53.762],[-129.02,53.774],[-129.048,53.812],[-129.064,53.81],[-129.064,53.791],[-129.033,53.749],[-129.046,53.742],[-129.066,53.739],[-129.112,53.722],[-129.129,53.711],[-129.146,53.678],[-129.189,53.662],[-129.228,53.633],[-129.238,53.619],[-129.242,53.594],[-129.239,53.551],[-129.245,53.53],[-129.262,53.523],[-129.262,53.516],[-129.242,53.512],[-129.236,53.492],[-129.242,53.447],[-129.263,53.411],[-129.278,53.393],[-129.29,53.385],[-129.335,53.397],[-129.593,53.572],[-129.615,53.577],[-129.67,53.618],[-129.688,53.64],[-129.727,53.672],[-129.743,53.68],[-129.743,53.687],[-129.732,53.686],[-129.702,53.673],[-129.716,53.695],[-129.733,53.705],[-129.776,53.721],[-129.803,53.755],[-129.845,53.755],[-129.879,53.783],[-129.92,53.804],[-129.939,53.83],[-129.948,53.838],[-129.996,53.852],[-129.974,53.866],[-129.965,53.876],[-129.961,53.889],[-129.969,53.891],[-130.006,53.875],[-130.02,53.876],[-130.064,53.906],[-130.093,53.94],[-130.105,53.947],[-130.087,53.971],[-130.084,54.005],[-130.092,54.081],[-130.085,54.101],[-130.057,54.14],[-130.05,54.156],[-130.038,54.154],[-129.98,54.161],[-129.961,54.167],[-129.95,54.159],[-129.941,54.133],[-129.9,54.112],[-129.873,54.086],[-129.852,54.057],[-129.844,54.036],[-129.838,54.03],[-129.829,54.026],[-129.803,54.023],[-129.784,54.002],[-129.756,54.002],[-129.749,53.982],[-129.735,53.965],[-129.727,53.958],[-129.715,53.954],[-129.734,53.992],[-129.745,54.009],[-129.782,54.022],[-129.825,54.051],[-129.847,54.074],[-129.866,54.105],[-129.9,54.129],[-129.907,54.145],[-129.932,54.168],[-129.927,54.187],[-129.911,54.201],[-129.887,54.212],[-129.838,54.222],[-129.792,54.218],[-129.766,54.204],[-129.721,54.208],[-129.637,54.181],[-129.612,54.184],[-129.583,54.197],[-129.563,54.213],[-129.553,54.216],[-129.504,54.232],[-129.475,54.235],[-129.492,54.251],[-129.518,54.247],[-129.575,54.224],[-129.595,54.2],[-129.626,54.202],[-129.768,54.237],[-129.829,54.242],[-129.886,54.235],[-129.954,54.211],[-129.979,54.208],[-129.989,54.203],[-130.009,54.185],[-130.02,54.18],[-130.078,54.18],[-130.089,54.175],[-130.102,54.162],[-130.112,54.159],[-130.125,54.161],[-130.154,54.174],[-130.16,54.184],[-130.176,54.195],[-130.277,54.208],[-130.281,54.214],[-130.284,54.232],[-130.293,54.237],[-130.231,54.26],[-130.195,54.263],[-130.239,54.287],[-130.243,54.326],[-130.253,54.332],[-130.258,54.341],[-130.246,54.387],[-130.249,54.406],[-130.272,54.358],[-130.349,54.334],[-130.373,54.332],[-130.458,54.349],[-130.474,54.359],[-130.483,54.374],[-130.475,54.392],[-130.483,54.404],[-130.481,54.419],[-130.465,54.444],[-130.445,54.453],[-130.4,54.454],[-130.38,54.461],[-130.421,54.486],[-130.435,54.502],[-130.441,54.527],[-130.44,54.549],[-130.431,54.568],[-130.418,54.57],[-130.386,54.565],[-130.38,54.578],[-130.42,54.604],[-130.44,54.624],[-130.431,54.633],[-130.406,54.63],[-130.383,54.623],[-130.363,54.612],[-130.346,54.598],[-130.318,54.565],[-130.288,54.539],[-130.276,54.52],[-130.053,54.337],[-130.031,54.327],[-130.006,54.32],[-129.979,54.318],[-129.964,54.319],[-129.959,54.322],[-129.976,54.332],[-130.013,54.334],[-130.073,54.377],[-130.085,54.392],[-130.085,54.411],[-130.064,54.447],[-130.071,54.461],[-130.063,54.479],[-130.052,54.485],[-130.017,54.488],[-129.999,54.495],[-129.985,54.505],[-129.981,54.515],[-129.996,54.524],[-130.064,54.502],[-130.077,54.491],[-130.083,54.479],[-130.085,54.444],[-130.101,54.426],[-130.137,54.442],[-130.191,54.482],[-130.212,54.493],[-130.291,54.571],[-130.284,54.585],[-130.323,54.604],[-130.36,54.632],[-130.372,54.664],[-130.338,54.694],[-130.288,54.708],[-130.234,54.711],[-130.182,54.705],[-130.085,54.674],[-130.061,54.643],[-130.04,54.629],[-130.012,54.62],[-129.906,54.609],[-129.894,54.612],[-129.88,54.621],[-129.881,54.625],[-129.891,54.626],[-129.962,54.627],[-129.99,54.631],[-130.017,54.64],[-130.036,54.655],[-130.076,54.693],[-130.095,54.701],[-130.11,54.703],[-130.14,54.718],[-130.155,54.723],[-130.187,54.725],[-130.202,54.729],[-130.195,54.756],[-130.174,54.777],[-130.16,54.797],[-130.157,54.818],[-130.153,54.825],[-130.126,54.832],[-130.098,54.845],[-130.071,54.866],[-130.05,54.893],[-130.067,54.897],[-130.08,54.89],[-130.105,54.866],[-130.12,54.859],[-130.155,54.852],[-130.174,54.845],[-130.15,54.873],[-130.134,54.887],[-130.104,54.901],[-130.064,54.954],[-130.046,54.966],[-130.022,54.974],[-129.997,54.977],[-129.975,54.972],[-129.957,54.957],[-129.962,54.948],[-129.977,54.938],[-129.989,54.92],[-129.975,54.921],[-129.965,54.925],[-129.948,54.935],[-129.935,54.948],[-129.903,54.948],[-129.881,54.955],[-129.845,54.987],[-129.825,54.995],[-129.811,54.993],[-129.77,54.976],[-129.718,54.989],[-129.663,54.984],[-129.641,54.99],[-129.626,55.01],[-129.676,54.995],[-129.955,55.01],[-129.988,55.006],[-130,55.013],[-130.001,55.022],[-129.976,55.058],[-129.957,55.101],[-129.941,55.119],[-129.917,55.126],[-129.89,55.157],[-129.861,55.177],[-129.852,55.188],[-129.852,55.208],[-129.838,55.222],[-129.828,55.243],[-129.814,55.26],[-129.768,55.283],[-129.753,55.287],[-129.749,55.293],[-129.749,55.311],[-129.721,55.349],[-129.703,55.366],[-129.675,55.378],[-129.674,55.402],[-129.639,55.441],[-129.61,55.446],[-129.543,55.438],[-129.519,55.444],[-129.476,55.464],[-129.475,55.479],[-129.478,55.483],[-129.544,55.455],[-129.592,55.461],[-129.635,55.462],[-129.647,55.459],[-129.657,55.452],[-129.694,55.414],[-129.713,55.421],[-129.716,55.465],[-129.743,55.484],[-129.754,55.502],[-129.791,55.598],[-129.807,55.624],[-129.825,55.619],[-129.816,55.601],[-129.812,55.583],[-129.811,55.541],[-129.777,55.479],[-129.78,55.468],[-129.79,55.464],[-129.79,55.435],[-129.798,55.426],[-129.816,55.42],[-129.832,55.404],[-129.84,55.385],[-129.838,55.373],[-129.833,55.366],[-129.825,55.367],[-129.82,55.374],[-129.825,55.386],[-129.809,55.397],[-129.79,55.4],[-129.799,55.388],[-129.811,55.38],[-129.801,55.367],[-129.784,55.366],[-129.786,55.357],[-129.798,55.341],[-129.82,55.336],[-129.825,55.328],[-129.825,55.302],[-129.822,55.29],[-129.828,55.28],[-129.878,55.248],[-129.887,55.229],[-129.9,55.188],[-129.912,55.169],[-129.996,55.099],[-130.02,55.068],[-130.056,55.009],[-130.064,55.003],[-130.083,54.997],[-130.106,54.998],[-130.125,55.005],[-130.133,55.02],[-130.136,55.037],[-130.167,55.085],[-130.14,55.113],[-130.12,55.148],[-130.089,55.178],[-130.079,55.193],[-130.016,55.229],[-129.958,55.274],[-129.949,55.293],[-129.961,55.311],[-129.996,55.339],[-130.003,55.357],[-130.007,55.41],[-130.021,55.442],[-130.025,55.465],[-130.05,55.489],[-130.077,55.522],[-130.094,55.553],[-130.1,55.587],[-130.092,55.633],[-130.08,55.66],[-130.078,55.671],[-130.081,55.685],[-130.112,55.701],[-130.124,55.715],[-130.131,55.736],[-130.129,55.759],[-130.116,55.78],[-130.034,55.849],[-129.985,55.905],[-129.961,55.921],[-129.97,55.932],[-129.982,55.935],[-129.996,55.933],[-130.01,55.928],[-130.02,55.908],[-130.015,55.963],[-130.019,56.002],[-130.027,56.024],[-130.039,56.046],[-130.072,56.084],[-130.094,56.101],[-130.117,56.106],[-130.211,56.09],[-130.243,56.092],[-130.404,56.122],[-130.418,56.13],[-130.428,56.144],[-130.458,56.211],[-130.472,56.225],[-130.496,56.232],[-130.602,56.247],[-130.646,56.262],[-130.76,56.345],[-130.839,56.372],[-131.017,56.387],[-131.101,56.408],[-131.492,56.56],[-131.536,56.585],[-131.56,56.594],[-131.586,56.595],[-131.692,56.585],[-131.799,56.588],[-131.826,56.593],[-131.832,56.603],[-131.827,56.645],[-131.83,56.665],[-131.839,56.682],[-131.886,56.737],[-131.888,56.748],[-131.866,56.786],[-131.872,56.793],[-132.107,56.859],[-132.032,57.028],[-132.341,57.08],[-132.231,57.197],[-132.362,57.346],[-132.552,57.499],[-132.917,57.88],[-133.075,58.008],[-133.095,58.033],[-133.142,58.121],[-133.166,58.147],[-133.375,58.291],[-133.415,58.331],[-133.43,58.372],[-133.392,58.404],[-133.463,58.462],[-133.626,58.546],[-133.7,58.599],[-133.796,58.693],[-133.831,58.718],[-133.871,58.736],[-134.222,58.843],[-134.317,58.904],[-134.327,58.916],[-134.333,58.934],[-134.33,58.945],[-134.32,58.953],[-134.33,58.963],[-134.343,58.969],[-134.399,58.975],[-134.386,59.019],[-134.387,59.037],[-134.398,59.052],[-134.451,59.098],[-134.478,59.115],[-134.509,59.123],[-134.557,59.123],[-134.583,59.129],[-134.611,59.145],[-134.66,59.181],[-134.671,59.194],[-134.683,59.223],[-134.692,59.235],[-134.706,59.24],[-134.932,59.271],[-134.958,59.281],[-134.98,59.297],[-135.016,59.336],[-135.014,59.352],[-134.993,59.382],[-135.096,59.419],[-135.079,59.438],[-135.037,59.462],[-135.023,59.477],[-135.019,59.493],[-135.016,59.543],[-135.019,59.559],[-135.033,59.573],[-135.088,59.607],[-135.107,59.613],[-135.158,59.623],[-135.192,59.647],[-135.222,59.675],[-135.26,59.698],[-135.404,59.753],[-135.465,59.79],[-135.483,59.792],[-135.924,59.667],[-136.258,59.622],[-136.35,59.592],[-136.299,59.576],[-136.258,59.556],[-136.245,59.528],[-136.275,59.486],[-136.32,59.459],[-136.367,59.45],[-136.416,59.452],[-136.468,59.462],[-136.467,59.288],[-136.485,59.254],[-136.569,59.172],[-136.613,59.154],[-136.672,59.151],[-136.785,59.157],[-136.841,59.148],[-137.282,58.987],[-137.423,58.908],[-137.453,58.899],[-137.487,58.9],[-137.509,58.915],[-137.508,58.94],[-137.484,58.992],[-137.582,59.207],[-137.594,59.225],[-137.611,59.239],[-138.599,59.754],[-138.637,59.784],[-138.654,59.805],[-138.692,59.887],[-138.705,59.898],[-138.743,59.913],[-139.004,59.977],[-139.06,60],[-120,60],[-120.001,53.823],[-119.996,53.805],[-119.981,53.791],[-119.962,53.785],[-119.919,53.783],[-119.904,53.775],[-119.903,53.768],[-119.921,53.73],[-119.921,53.724],[-119.915,53.716],[-119.903,53.711],[-119.876,53.71],[-119.855,53.698],[-119.83,53.708],[-119.818,53.709],[-119.808,53.705],[-119.79,53.681],[-119.754,53.658],[-119.737,53.642],[-119.732,53.623],[-119.754,53.605],[-119.794,53.603],[-119.881,53.616],[-119.927,53.615],[-119.931,53.605],[-119.887,53.567],[-119.886,53.557],[-119.904,53.542],[-119.909,53.532],[-119.905,53.522],[-119.895,53.513],[-119.883,53.507],[-119.848,53.513],[-119.827,53.508],[-119.809,53.493],[-119.791,53.471],[-119.757,53.415],[-119.742,53.4],[-119.719,53.385],[-119.642,53.354],[-119.632,53.355],[-119.606,53.378],[-119.589,53.379],[-119.533,53.366],[-119.476,53.357],[-119.426,53.367],[-119.408,53.368],[-119.393,53.364],[-119.381,53.356],[-119.375,53.323],[-119.354,53.283],[-119.297,53.226],[-119.263,53.198],[-119.222,53.194],[-119.188,53.184],[-119.156,53.182],[-119.138,53.167],[-119.126,53.161],[-119.09,53.157],[-119.046,53.138],[-119.029,53.135],[-119.015,53.142],[-119.014,53.15],[-119.026,53.176],[-119.011,53.193],[-119.01,53.223],[-119.007,53.231],[-118.997,53.236],[-118.978,53.238],[-118.963,53.233],[-118.92,53.209],[-118.877,53.197],[-118.85,53.183],[-118.777,53.132],[-118.757,53.121],[-118.751,53.115],[-118.751,53.104],[-118.757,53.095],[-118.776,53.078],[-118.78,53.068],[-118.777,53.053],[-118.766,53.051],[-118.738,53.062],[-118.726,53.061],[-118.712,53.039],[-118.684,53.038],[-118.672,53.034],[-118.663,53.016],[-118.665,52.994],[-118.673,52.98],[-118.674,52.966],[-118.651,52.948],[-118.637,52.93],[-118.624,52.887],[-118.605,52.878],[-118.533,52.897],[-118.498,52.9],[-118.483,52.893],[-118.477,52.883],[-118.471,52.862],[-118.46,52.856],[-118.43,52.848],[-118.421,52.84],[-118.417,52.826],[-118.42,52.815],[-118.431,52.799],[-118.432,52.791],[-118.423,52.779],[-118.374,52.761],[-118.355,52.748],[-118.325,52.696],[-118.306,52.677],[-118.305,52.667],[-118.317,52.654],[-118.342,52.639],[-118.352,52.628],[-118.348,52.616],[-118.329,52.588],[-118.286,52.569],[-118.279,52.559],[-118.284,52.534],[-118.282,52.524],[-118.276,52.516],[-118.244,52.493],[-118.219,52.488],[-118.207,52.482],[-118.209,52.471],[-118.22,52.463],[-118.25,52.456],[-118.259,52.445],[-118.258,52.431],[-118.232,52.399],[-118.227,52.37],[-118.211,52.367],[-118.156,52.396],[-118.064,52.399],[-118.043,52.408],[-118.039,52.424],[-118.045,52.445],[-118.032,52.455],[-118.024,52.472],[-118.012,52.485],[-117.992,52.485],[-117.971,52.472],[-117.934,52.441],[-117.891,52.425],[-117.802,52.416],[-117.758,52.405],[-117.736,52.391],[-117.727,52.373],[-117.729,52.352],[-117.742,52.33],[-117.822,52.28],[-117.822,52.263],[-117.778,52.218],[-117.754,52.2],[-117.724,52.193],[-117.69,52.19],[-117.664,52.181],[-117.642,52.165],[-117.616,52.14],[-117.591,52.13],[-117.524,52.147],[-117.493,52.15],[-117.418,52.135],[-117.376,52.134],[-117.346,52.148],[-117.332,52.182],[-117.319,52.182],[-117.312,52.177],[-117.302,52.156],[-117.297,52.137],[-117.298,52.105],[-117.288,52.082],[-117.271,52.063],[-117.27,52.045],[-117.257,52.042],[-117.237,52.03],[-117.199,51.996],[-117.185,51.988],[-117.128,51.973],[-117.112,51.965],[-117.072,51.931],[-117.047,51.915],[-117.037,51.905],[-117.032,51.891],[-117.03,51.863],[-117.027,51.855],[-116.994,51.835],[-116.987,51.805],[-116.953,51.741],[-116.938,51.72],[-116.914,51.708],[-116.888,51.706],[-116.853,51.706],[-116.823,51.713],[-116.807,51.729],[-116.809,51.733],[-116.82,51.741],[-116.818,51.748],[-116.764,51.792],[-116.752,51.798],[-116.713,51.803],[-116.685,51.809],[-116.672,51.806],[-116.66,51.799],[-116.651,51.789],[-116.646,51.758],[-116.606,51.724],[-116.596,51.709],[-116.593,51.665],[-116.576,51.644],[-116.557,51.636],[-116.514,51.626],[-116.495,51.617],[-116.484,51.607],[-116.473,51.581],[-116.461,51.569],[-116.417,51.554],[-116.405,51.547],[-116.4,51.541],[-116.399,51.518],[-116.388,51.495],[-116.366,51.481],[-116.315,51.466],[-116.296,51.451],[-116.296,51.427],[-116.302,51.402],[-116.3,51.379],[-116.277,51.36],[-116.275,51.334],[-116.257,51.314],[-116.234,51.303],[-116.181,51.304],[-116.166,51.299],[-116.159,51.291],[-116.152,51.271],[-116.146,51.263],[-116.118,51.252],[-116.051,51.241],[-116.028,51.22],[-116.022,51.2],[-116.022,51.16],[-116.018,51.142],[-116.003,51.129],[-115.977,51.115],[-115.93,51.094],[-115.904,51.087],[-115.816,51.084],[-115.779,51.073],[-115.772,51.067],[-115.764,51.041],[-115.757,51.034],[-115.737,51.027],[-115.695,51.018],[-115.677,51.007],[-115.666,50.985],[-115.659,50.979],[-115.62,50.97],[-115.603,50.93],[-115.595,50.92],[-115.577,50.908],[-115.572,50.9],[-115.581,50.893],[-115.633,50.884],[-115.645,50.875],[-115.647,50.852],[-115.623,50.845],[-115.593,50.842],[-115.573,50.835],[-115.554,50.81],[-115.542,50.8],[-115.528,50.792],[-115.484,50.781],[-115.464,50.761],[-115.434,50.759],[-115.419,50.754],[-115.403,50.722],[-115.391,50.716],[-115.379,50.719],[-115.357,50.733],[-115.343,50.73],[-115.335,50.725],[-115.31,50.705],[-115.287,50.666],[-115.288,50.656],[-115.316,50.649],[-115.313,50.636],[-115.239,50.582],[-115.221,50.55],[-115.207,50.545],[-115.188,50.548],[-115.179,50.554],[-115.174,50.564],[-115.159,50.579],[-115.129,50.587],[-115.096,50.589],[-115.028,50.579],[-115,50.563],[-114.93,50.487],[-114.88,50.441],[-114.856,50.408],[-114.814,50.384],[-114.775,50.354],[-114.777,50.346],[-114.791,50.338],[-114.79,50.328],[-114.76,50.288],[-114.754,50.242],[-114.733,50.203],[-114.733,50.162],[-114.724,50.126],[-114.719,50.116],[-114.704,50.107],[-114.685,50.076],[-114.667,50.072],[-114.661,50.064],[-114.664,50.057],[-114.66,50.015],[-114.644,49.983],[-114.643,49.973],[-114.65,49.963],[-114.673,49.964],[-114.683,49.959],[-114.688,49.946],[-114.686,49.907],[-114.683,49.892],[-114.671,49.87],[-114.638,49.827],[-114.628,49.802],[-114.625,49.78],[-114.629,49.774],[-114.645,49.765],[-114.65,49.759],[-114.636,49.73],[-114.644,49.714],[-114.666,49.697],[-114.663,49.686],[-114.67,49.662],[-114.681,49.643],[-114.681,49.636],[-114.684,49.631],[-114.709,49.629],[-114.731,49.618],[-114.744,49.596],[-114.744,49.588],[-114.728,49.574],[-114.701,49.565],[-114.694,49.551],[-114.689,49.547],[-114.659,49.553],[-114.623,49.543],[-114.61,49.546],[-114.587,49.557],[-114.576,49.556],[-114.564,49.539],[-114.569,49.514],[-114.592,49.471],[-114.598,49.444],[-114.592,49.418],[-114.578,49.395],[-114.557,49.376],[-114.538,49.372],[-114.521,49.354],[-114.508,49.348],[-114.482,49.342],[-114.47,49.334],[-114.461,49.307],[-114.441,49.292],[-114.433,49.27],[-114.426,49.264],[-114.38,49.258],[-114.372,49.25],[-114.375,49.241],[-114.388,49.23],[-114.387,49.217],[-114.376,49.205],[-114.36,49.198],[-114.312,49.198],[-114.276,49.188],[-114.225,49.186],[-114.154,49.148],[-114.153,49.138],[-114.16,49.117],[-114.157,49.104],[-114.132,49.08],[-114.104,49.06],[-114.048,49.049],[-114.037,49.034],[-114.038,49.023],[-114.06,49],[-114.064,48.993],[-117.038,48.993]]],[[[-127.919,51.522],[-127.904,51.514],[-127.888,51.496],[-127.876,51.474],[-127.871,51.457],[-127.879,51.442],[-127.898,51.43],[-127.918,51.421],[-127.933,51.419],[-127.943,51.422],[-127.961,51.44],[-128.008,51.468],[-128.027,51.459],[-128.05,51.46],[-128.069,51.47],[-128.086,51.487],[-128.099,51.509],[-128.109,51.545],[-128.145,51.59],[-128.157,51.628],[-128.139,51.658],[-128.104,51.682],[-128.026,51.72],[-128.01,51.724],[-127.977,51.682],[-127.971,51.664],[-127.981,51.652],[-127.951,51.629],[-127.92,51.596],[-127.905,51.559],[-127.919,51.522]]],[[[-128.138,51.864],[-128.163,51.857],[-128.23,51.856],[-128.248,51.864],[-128.251,51.876],[-128.245,51.892],[-128.231,51.906],[-128.196,51.916],[-128.199,51.926],[-128.217,51.943],[-128.222,51.954],[-128.219,51.963],[-128.207,51.974],[-128.178,52.016],[-128.159,52.035],[-128.107,52.054],[-128.066,52.056],[-127.999,52.066],[-127.97,52.063],[-127.953,52.049],[-127.961,52.002],[-127.953,51.987],[-127.988,51.912],[-128.036,51.844],[-128.029,51.837],[-128.036,51.83],[-128.01,51.795],[-128.009,51.782],[-128.018,51.772],[-128.033,51.764],[-128.064,51.755],[-128.075,51.765],[-128.135,51.747],[-128.14,51.753],[-128.138,51.764],[-128.129,51.787],[-128.118,51.801],[-128.119,51.816],[-128.122,51.824],[-128.138,51.844],[-128.134,51.857],[-128.138,51.864]]],[[[-130.997,52.112],[-130.96,52.104],[-130.951,52.095],[-130.955,52.077],[-130.967,52.068],[-131.017,52.069],[-131.045,52.062],[-131.055,52.065],[-131.065,52.084],[-131.071,52.061],[-131.055,52.047],[-131.01,52.029],[-130.992,52.013],[-131.002,52.012],[-131.044,52.029],[-131.04,52.014],[-131.017,51.995],[-131.01,51.98],[-131.044,51.974],[-131.032,51.961],[-131.024,51.947],[-131.051,51.954],[-131.074,51.969],[-131.113,52.002],[-131.1,52.01],[-131.09,52.021],[-131.088,52.031],[-131.113,52.042],[-131.119,52.075],[-131.128,52.098],[-131.127,52.112],[-131.109,52.154],[-131.099,52.156],[-131.067,52.151],[-131.061,52.147],[-131.06,52.141],[-131.065,52.131],[-131.03,52.117],[-131.017,52.108],[-131.01,52.106],[-130.997,52.112]]],[[[-127.947,52.166],[-127.909,52.159],[-127.889,52.171],[-127.878,52.172],[-127.895,52.136],[-127.92,52.119],[-127.94,52.09],[-127.961,52.083],[-128.014,52.091],[-128.052,52.076],[-128.07,52.08],[-128.097,52.097],[-128.106,52.111],[-128.111,52.128],[-128.122,52.142],[-128.123,52.152],[-128.107,52.152],[-128.077,52.145],[-128.036,52.166],[-127.947,52.166]]],[[[-128.248,52.022],[-128.252,52.028],[-128.255,52.049],[-128.279,52.091],[-128.296,52.106],[-128.291,52.125],[-128.277,52.144],[-128.266,52.152],[-128.248,52.179],[-128.237,52.187],[-128.202,52.198],[-128.18,52.2],[-128.16,52.199],[-128.145,52.194],[-128.153,52.186],[-128.155,52.094],[-128.163,52.073],[-128.194,52.056],[-128.207,52.022],[-128.228,52.017],[-128.248,52.022]]],[[[-128.228,52.213],[-128.248,52.207],[-128.266,52.198],[-128.278,52.185],[-128.283,52.169],[-128.304,52.131],[-128.314,52.131],[-128.33,52.148],[-128.337,52.116],[-128.322,52.09],[-128.34,52.079],[-128.366,52.088],[-128.384,52.098],[-128.368,52.122],[-128.358,52.145],[-128.395,52.156],[-128.422,52.128],[-128.442,52.123],[-128.455,52.131],[-128.439,52.143],[-128.43,52.154],[-128.477,52.151],[-128.505,52.153],[-128.522,52.158],[-128.518,52.175],[-128.484,52.187],[-128.472,52.203],[-128.457,52.211],[-128.455,52.225],[-128.447,52.238],[-128.366,52.235],[-128.344,52.241],[-128.279,52.237],[-128.247,52.229],[-128.228,52.213]]],[[[-128.097,52.241],[-128.138,52.242],[-128.173,52.255],[-128.1,52.279],[-128.08,52.293],[-128.055,52.303],[-128.02,52.306],[-127.985,52.302],[-127.961,52.296],[-127.936,52.251],[-127.933,52.238],[-127.927,52.227],[-127.915,52.215],[-127.908,52.201],[-127.916,52.183],[-127.932,52.176],[-127.995,52.186],[-128.045,52.181],[-128.071,52.182],[-128.091,52.194],[-128.094,52.205],[-128.087,52.216],[-128.073,52.224],[-128.034,52.232],[-128.021,52.241],[-128.022,52.251],[-128.039,52.255],[-128.054,52.253],[-128.097,52.241]]],[[[-127.241,52.426],[-127.236,52.404],[-127.241,52.384],[-127.238,52.366],[-127.207,52.351],[-127.238,52.313],[-127.277,52.289],[-127.364,52.261],[-127.378,52.248],[-127.413,52.255],[-127.454,52.238],[-127.463,52.223],[-127.484,52.21],[-127.529,52.194],[-127.577,52.186],[-127.585,52.177],[-127.595,52.156],[-127.601,52.152],[-127.625,52.148],[-127.642,52.138],[-127.693,52.068],[-127.706,52.043],[-127.698,52.004],[-127.718,51.988],[-127.769,51.974],[-127.82,51.971],[-127.873,51.955],[-127.888,51.953],[-127.902,51.968],[-127.9,52.002],[-127.878,52.084],[-127.865,52.104],[-127.848,52.112],[-127.844,52.118],[-127.847,52.119],[-127.851,52.149],[-127.842,52.168],[-127.82,52.196],[-127.795,52.218],[-127.775,52.22],[-127.751,52.25],[-127.713,52.255],[-127.671,52.255],[-127.619,52.281],[-127.577,52.29],[-127.542,52.308],[-127.512,52.313],[-127.499,52.327],[-127.476,52.336],[-127.447,52.378],[-127.432,52.387],[-127.312,52.413],[-127.295,52.42],[-127.27,52.435],[-127.259,52.435],[-127.241,52.426]]],[[[-128.618,52.454],[-128.618,52.435],[-128.626,52.42],[-128.613,52.377],[-128.623,52.33],[-128.648,52.29],[-128.68,52.268],[-128.686,52.286],[-128.717,52.308],[-128.728,52.323],[-128.728,52.364],[-128.749,52.371],[-128.749,52.392],[-128.763,52.429],[-128.764,52.45],[-128.755,52.467],[-128.741,52.475],[-128.673,52.488],[-128.673,52.481],[-128.687,52.467],[-128.669,52.472],[-128.653,52.481],[-128.624,52.463],[-128.618,52.454]]],[[[-128.563,52.611],[-128.566,52.63],[-128.561,52.652],[-128.551,52.665],[-128.536,52.652],[-128.525,52.598],[-128.472,52.488],[-128.485,52.443],[-128.498,52.436],[-128.516,52.434],[-128.534,52.436],[-128.561,52.453],[-128.593,52.461],[-128.619,52.478],[-128.679,52.501],[-128.699,52.518],[-128.714,52.508],[-128.702,52.499],[-128.706,52.491],[-128.72,52.488],[-128.735,52.495],[-128.757,52.49],[-128.797,52.514],[-128.817,52.522],[-128.812,52.541],[-128.801,52.547],[-128.787,52.544],[-128.769,52.536],[-128.745,52.518],[-128.735,52.515],[-128.713,52.529],[-128.7,52.522],[-128.694,52.529],[-128.721,52.542],[-128.708,52.549],[-128.738,52.56],[-128.741,52.567],[-128.736,52.581],[-128.742,52.586],[-128.732,52.596],[-128.583,52.6],[-128.563,52.611]]],[[[-131.565,52.727],[-131.592,52.722],[-131.657,52.722],[-131.674,52.707],[-131.659,52.713],[-131.645,52.714],[-131.633,52.708],[-131.627,52.693],[-131.607,52.698],[-131.555,52.7],[-131.544,52.704],[-131.534,52.719],[-131.511,52.73],[-131.485,52.736],[-131.469,52.734],[-131.453,52.717],[-131.445,52.703],[-131.447,52.685],[-131.462,52.659],[-131.453,52.645],[-131.467,52.636],[-131.491,52.632],[-131.51,52.632],[-131.531,52.64],[-131.571,52.662],[-131.593,52.666],[-131.592,52.661],[-131.586,52.659],[-131.594,52.639],[-131.555,52.615],[-131.579,52.598],[-131.602,52.595],[-131.619,52.606],[-131.654,52.645],[-131.647,52.665],[-131.696,52.7],[-131.702,52.721],[-131.679,52.735],[-131.639,52.737],[-131.565,52.727]]],[[[-128.31,52.429],[-128.379,52.378],[-128.402,52.374],[-128.439,52.374],[-128.466,52.383],[-128.464,52.402],[-128.427,52.425],[-128.411,52.439],[-128.406,52.461],[-128.399,52.467],[-128.425,52.488],[-128.436,52.526],[-128.44,52.611],[-128.45,52.623],[-128.452,52.631],[-128.438,52.653],[-128.442,52.673],[-128.426,52.7],[-128.424,52.715],[-128.431,52.729],[-128.447,52.741],[-128.435,52.761],[-128.415,52.782],[-128.391,52.797],[-128.372,52.796],[-128.36,52.759],[-128.352,52.717],[-128.333,52.697],[-128.319,52.688],[-128.318,52.675],[-128.324,52.659],[-128.315,52.588],[-128.303,52.573],[-128.295,52.534],[-128.288,52.521],[-128.282,52.498],[-128.284,52.479],[-128.308,52.44],[-128.31,52.429]]],[[[-128.93,52.614],[-128.925,52.602],[-128.925,52.586],[-128.926,52.528],[-128.932,52.499],[-128.95,52.473],[-128.981,52.454],[-128.986,52.48],[-128.993,52.487],[-129.009,52.488],[-129.001,52.504],[-129.004,52.52],[-129.014,52.53],[-129.043,52.518],[-129.06,52.524],[-129.073,52.539],[-129.078,52.557],[-129.102,52.554],[-129.119,52.566],[-129.126,52.587],[-129.119,52.611],[-129.155,52.605],[-129.184,52.627],[-129.228,52.68],[-129.212,52.685],[-129.194,52.68],[-129.209,52.694],[-129.256,52.714],[-129.276,52.727],[-129.269,52.734],[-129.286,52.751],[-129.292,52.763],[-129.287,52.774],[-129.269,52.789],[-129.281,52.81],[-129.275,52.825],[-129.257,52.828],[-129.181,52.789],[-129.136,52.753],[-129.102,52.743],[-129.057,52.707],[-128.945,52.628],[-128.93,52.614]]],[[[-128.31,52.727],[-128.323,52.751],[-128.323,52.779],[-128.28,52.787],[-128.235,52.788],[-128.214,52.796],[-128.2,52.821],[-128.19,52.83],[-128.173,52.824],[-128.183,52.776],[-128.201,52.752],[-128.211,52.707],[-128.228,52.684],[-128.255,52.618],[-128.275,52.603],[-128.288,52.607],[-128.291,52.623],[-128.283,52.639],[-128.283,52.645],[-128.297,52.666],[-128.288,52.684],[-128.292,52.7],[-128.31,52.727]]],[[[-128.533,52.727],[-128.531,52.734],[-128.536,52.766],[-128.523,52.802],[-128.51,52.863],[-128.502,52.872],[-128.485,52.865],[-128.473,52.854],[-128.466,52.839],[-128.458,52.809],[-128.456,52.789],[-128.461,52.776],[-128.481,52.783],[-128.478,52.707],[-128.485,52.69],[-128.502,52.669],[-128.51,52.654],[-128.517,52.654],[-128.529,52.68],[-128.522,52.687],[-128.54,52.708],[-128.542,52.722],[-128.533,52.727]]],[[[-129.557,53.001],[-129.53,52.965],[-129.544,52.96],[-129.559,52.964],[-129.579,52.981],[-129.592,52.982],[-129.609,52.962],[-129.621,52.958],[-129.629,52.992],[-129.647,53.01],[-129.653,53.022],[-129.599,53.025],[-129.572,53.02],[-129.557,53.001]]],[[[-129.564,53.056],[-129.544,53.04],[-129.533,53.035],[-129.516,53.036],[-129.52,53.027],[-129.526,53.019],[-129.544,53.009],[-129.555,53.025],[-129.57,53.036],[-129.582,53.038],[-129.593,53.031],[-129.602,53.028],[-129.646,53.052],[-129.675,53.058],[-129.688,53.064],[-129.671,53.064],[-129.619,53.056],[-129.575,53.06],[-129.564,53.056]]],[[[-129.653,53.132],[-129.628,53.118],[-129.599,53.094],[-129.589,53.072],[-129.619,53.064],[-129.661,53.07],[-129.694,53.083],[-129.72,53.104],[-129.743,53.132],[-129.694,53.139],[-129.668,53.137],[-129.653,53.132]]],[[[-129.304,53.036],[-129.292,53.001],[-129.291,52.982],[-129.3,52.974],[-129.338,52.973],[-129.375,52.995],[-129.395,53],[-129.408,53.013],[-129.427,53.043],[-129.471,53.082],[-129.48,53.112],[-129.489,53.11],[-129.506,53.097],[-129.515,53.1],[-129.516,53.107],[-129.511,53.114],[-129.503,53.118],[-129.515,53.13],[-129.536,53.135],[-129.552,53.143],[-129.55,53.166],[-129.534,53.185],[-129.51,53.192],[-129.461,53.187],[-129.457,53.17],[-129.443,53.157],[-129.414,53.138],[-129.362,53.08],[-129.346,53.068],[-129.315,53.053],[-129.304,53.036]]],[[[-131.113,52.172],[-131.123,52.185],[-131.128,52.209],[-131.148,52.213],[-131.14,52.177],[-131.152,52.142],[-131.175,52.124],[-131.202,52.138],[-131.208,52.153],[-131.211,52.187],[-131.216,52.2],[-131.243,52.223],[-131.277,52.241],[-131.243,52.17],[-131.237,52.136],[-131.263,52.125],[-131.28,52.132],[-131.293,52.147],[-131.31,52.19],[-131.338,52.216],[-131.346,52.235],[-131.352,52.235],[-131.357,52.2],[-131.38,52.203],[-131.409,52.224],[-131.432,52.245],[-131.459,52.284],[-131.489,52.294],[-131.517,52.33],[-131.527,52.324],[-131.538,52.323],[-131.558,52.33],[-131.538,52.358],[-131.557,52.352],[-131.568,52.351],[-131.575,52.354],[-131.574,52.357],[-131.586,52.389],[-131.575,52.403],[-131.549,52.404],[-131.503,52.392],[-131.512,52.409],[-131.529,52.421],[-131.55,52.43],[-131.568,52.433],[-131.604,52.423],[-131.616,52.429],[-131.647,52.457],[-131.658,52.478],[-131.683,52.49],[-131.736,52.502],[-131.761,52.512],[-131.883,52.576],[-131.897,52.587],[-131.902,52.62],[-131.93,52.63],[-131.928,52.649],[-132.01,52.68],[-132.086,52.734],[-132.06,52.759],[-132.045,52.765],[-132.024,52.762],[-132.011,52.756],[-131.969,52.727],[-131.963,52.734],[-132.002,52.767],[-132.017,52.775],[-132.004,52.783],[-131.934,52.732],[-131.922,52.727],[-131.93,52.741],[-131.941,52.748],[-131.939,52.773],[-131.963,52.787],[-132.017,52.803],[-132.036,52.817],[-132.065,52.85],[-132.086,52.858],[-132.066,52.822],[-132.061,52.803],[-132.069,52.796],[-132.09,52.788],[-132.11,52.757],[-132.134,52.755],[-132.175,52.783],[-132.182,52.796],[-132.213,52.806],[-132.24,52.834],[-132.243,52.851],[-132.223,52.865],[-132.289,52.883],[-132.308,52.896],[-132.327,52.913],[-132.334,52.923],[-132.342,52.942],[-132.317,52.954],[-132.289,52.949],[-132.26,52.958],[-132.237,52.954],[-132.199,52.932],[-132.18,52.927],[-132.168,52.94],[-132.189,52.949],[-132.202,52.968],[-132.141,52.933],[-132.145,52.95],[-132.161,52.96],[-132.161,52.968],[-132.13,52.98],[-132.117,52.991],[-132.114,53.001],[-132.129,53.006],[-132.18,52.999],[-132.199,53.005],[-132.231,53.026],[-132.269,53.031],[-132.347,53.028],[-132.339,53.043],[-132.393,53.035],[-132.408,53.028],[-132.421,53.043],[-132.436,53.041],[-132.47,53.028],[-132.489,53.032],[-132.504,53.04],[-132.509,53.054],[-132.497,53.07],[-132.517,53.075],[-132.538,53.087],[-132.552,53.099],[-132.548,53.105],[-132.533,53.11],[-132.539,53.122],[-132.566,53.146],[-132.542,53.152],[-132.46,53.132],[-132.373,53.133],[-132.347,53.138],[-132.312,53.159],[-132.295,53.161],[-132.247,53.152],[-132.065,53.161],[-132.051,53.17],[-132.04,53.183],[-131.977,53.215],[-131.956,53.215],[-131.941,53.228],[-131.904,53.241],[-131.839,53.242],[-131.81,53.257],[-131.798,53.256],[-131.765,53.199],[-131.764,53.182],[-131.784,53.174],[-131.784,53.166],[-131.72,53.153],[-131.702,53.146],[-131.689,53.125],[-131.682,53.118],[-131.651,53.116],[-131.641,53.111],[-131.613,53.056],[-131.596,53.042],[-131.618,53.033],[-131.63,53.035],[-131.669,53.055],[-131.721,53.055],[-131.784,53.074],[-131.829,53.077],[-131.904,53.064],[-132.004,53.064],[-131.991,53.054],[-131.95,53.047],[-131.941,53.039],[-131.937,53.009],[-131.922,52.987],[-131.9,53.022],[-131.856,53.046],[-131.837,53.05],[-131.75,53.022],[-131.68,53.013],[-131.626,52.998],[-131.595,52.977],[-131.603,52.965],[-131.62,52.954],[-131.627,52.94],[-131.623,52.942],[-131.618,52.938],[-131.613,52.927],[-131.674,52.884],[-131.695,52.877],[-131.8,52.875],[-131.821,52.879],[-131.843,52.896],[-131.878,52.93],[-131.898,52.94],[-131.922,52.94],[-131.949,52.933],[-131.925,52.922],[-131.91,52.919],[-131.894,52.919],[-131.894,52.913],[-131.984,52.885],[-131.984,52.878],[-131.952,52.881],[-131.901,52.895],[-131.874,52.885],[-131.856,52.875],[-131.852,52.867],[-131.867,52.858],[-131.87,52.851],[-131.879,52.844],[-131.881,52.841],[-131.878,52.831],[-131.856,52.834],[-131.836,52.807],[-131.829,52.803],[-131.661,52.806],[-131.654,52.796],[-131.689,52.791],[-131.731,52.79],[-131.771,52.783],[-131.798,52.762],[-131.811,52.771],[-131.824,52.773],[-131.853,52.768],[-131.827,52.765],[-131.805,52.755],[-131.834,52.726],[-131.84,52.714],[-131.782,52.717],[-131.756,52.714],[-131.73,52.701],[-131.711,52.682],[-131.692,52.654],[-131.687,52.631],[-131.709,52.625],[-131.692,52.614],[-131.659,52.583],[-131.62,52.573],[-131.625,52.564],[-131.661,52.549],[-131.661,52.542],[-131.624,52.536],[-131.616,52.533],[-131.605,52.518],[-131.593,52.515],[-131.556,52.537],[-131.538,52.529],[-131.54,52.513],[-131.52,52.508],[-131.469,52.508],[-131.483,52.485],[-131.464,52.473],[-131.434,52.465],[-131.414,52.454],[-131.443,52.406],[-131.449,52.392],[-131.423,52.394],[-131.398,52.39],[-131.387,52.378],[-131.408,52.358],[-131.392,52.36],[-131.366,52.37],[-131.352,52.364],[-131.355,52.412],[-131.346,52.426],[-131.33,52.434],[-131.289,52.438],[-131.248,52.447],[-131.242,52.435],[-131.248,52.42],[-131.283,52.407],[-131.296,52.394],[-131.304,52.376],[-131.305,52.358],[-131.294,52.367],[-131.281,52.371],[-131.25,52.371],[-131.255,52.355],[-131.263,52.351],[-131.285,52.351],[-131.307,52.343],[-131.326,52.33],[-131.341,52.354],[-131.35,52.356],[-131.36,52.344],[-131.344,52.335],[-131.332,52.297],[-131.318,52.282],[-131.302,52.294],[-131.243,52.262],[-131.216,52.261],[-131.248,52.278],[-131.26,52.29],[-131.257,52.303],[-131.249,52.306],[-131.226,52.296],[-131.184,52.318],[-131.163,52.32],[-131.143,52.316],[-131.128,52.296],[-131.098,52.288],[-131.085,52.276],[-131.099,52.256],[-131.125,52.25],[-131.155,52.248],[-131.181,52.241],[-131.181,52.235],[-131.126,52.235],[-131.1,52.23],[-131.079,52.22],[-131.044,52.233],[-131.024,52.235],[-131.01,52.227],[-131.008,52.212],[-131.016,52.195],[-131.038,52.172],[-131.052,52.169],[-131.098,52.169],[-131.113,52.172]]],[[[-128.804,52.701],[-128.826,52.672],[-128.856,52.659],[-128.891,52.66],[-128.927,52.673],[-129.017,52.716],[-129.057,52.741],[-129.036,52.755],[-129.036,52.762],[-129.063,52.768],[-129.077,52.778],[-129.102,52.806],[-129.121,52.845],[-129.125,52.868],[-129.115,52.878],[-129.093,52.876],[-129.03,52.858],[-129.017,52.859],[-129.028,52.869],[-129.071,52.893],[-129.036,52.906],[-129.005,52.927],[-128.989,52.934],[-128.965,52.966],[-128.947,52.974],[-128.948,52.999],[-128.914,53.017],[-128.838,53.036],[-128.852,53.052],[-128.877,53.072],[-128.905,53.09],[-128.934,53.1],[-128.961,53.118],[-129.015,53.146],[-129.012,53.124],[-128.992,53.096],[-128.979,53.104],[-128.963,53.104],[-128.947,53.092],[-128.91,53.073],[-128.892,53.053],[-128.882,53.047],[-128.865,53.043],[-128.865,53.036],[-128.905,53.034],[-128.94,53.022],[-128.967,53.003],[-128.974,52.995],[-128.988,52.968],[-129.013,52.947],[-129.057,52.918],[-129.1,52.903],[-129.126,52.932],[-129.161,52.93],[-129.177,52.937],[-129.184,52.95],[-129.194,53.005],[-129.19,53.023],[-129.171,53.047],[-129.159,53.074],[-129.143,53.082],[-129.127,53.081],[-129.119,53.07],[-129.091,53.089],[-129.079,53.111],[-129.078,53.163],[-129.082,53.201],[-129.065,53.215],[-129.064,53.231],[-129.071,53.262],[-129.087,53.282],[-129.088,53.291],[-129.078,53.303],[-129.042,53.311],[-129.02,53.311],[-128.976,53.295],[-128.905,53.293],[-128.869,53.273],[-128.795,53.219],[-128.705,53.175],[-128.68,53.166],[-128.635,53.163],[-128.622,53.156],[-128.587,53.114],[-128.539,53.02],[-128.527,52.981],[-128.522,52.933],[-128.524,52.892],[-128.532,52.847],[-128.565,52.743],[-128.571,52.737],[-128.585,52.741],[-128.577,52.701],[-128.584,52.686],[-128.605,52.666],[-128.59,52.666],[-128.577,52.659],[-128.589,52.623],[-128.595,52.614],[-128.606,52.611],[-128.704,52.611],[-128.725,52.607],[-128.749,52.598],[-128.755,52.604],[-128.746,52.622],[-128.736,52.656],[-128.737,52.692],[-128.749,52.745],[-128.743,52.764],[-128.719,52.795],[-128.711,52.837],[-128.702,52.847],[-128.673,52.865],[-128.648,52.916],[-128.645,52.934],[-128.646,52.96],[-128.664,52.971],[-128.675,52.971],[-128.68,52.964],[-128.67,52.927],[-128.669,52.908],[-128.683,52.899],[-128.704,52.904],[-128.733,52.918],[-128.749,52.913],[-128.737,52.899],[-128.728,52.876],[-128.728,52.854],[-128.757,52.835],[-128.779,52.73],[-128.777,52.715],[-128.759,52.687],[-128.757,52.677],[-128.76,52.669],[-128.773,52.666],[-128.782,52.67],[-128.804,52.701]]],[[[-129.294,53.108],[-129.324,53.124],[-129.331,53.132],[-129.338,53.154],[-129.339,53.178],[-129.334,53.202],[-129.324,53.221],[-129.262,53.265],[-129.249,53.283],[-129.249,53.295],[-129.254,53.304],[-129.272,53.321],[-129.276,53.331],[-129.261,53.335],[-129.241,53.334],[-129.198,53.322],[-129.184,53.314],[-129.174,53.303],[-129.17,53.292],[-129.175,53.274],[-129.174,53.262],[-129.168,53.251],[-129.157,53.239],[-129.153,53.228],[-129.16,53.187],[-129.155,53.164],[-129.134,53.12],[-129.14,53.105],[-129.163,53.099],[-129.24,53.1],[-129.262,53.105],[-129.269,53.093],[-129.277,53.092],[-129.294,53.108]]],[[[-128.914,53.406],[-128.906,53.391],[-128.906,53.381],[-128.927,53.358],[-128.92,53.349],[-128.921,53.338],[-128.928,53.328],[-128.94,53.324],[-128.957,53.325],[-129.013,53.34],[-129.06,53.338],[-129.075,53.333],[-129.104,53.319],[-129.118,53.321],[-129.148,53.364],[-129.112,53.409],[-129.066,53.452],[-129.064,53.488],[-129.048,53.509],[-129.022,53.532],[-128.997,53.544],[-128.988,53.529],[-128.987,53.501],[-128.977,53.48],[-128.914,53.406]]],[[[-129.743,53.235],[-129.737,53.216],[-129.738,53.191],[-129.748,53.17],[-129.77,53.159],[-129.785,53.162],[-129.806,53.181],[-129.817,53.187],[-129.831,53.184],[-129.858,53.159],[-129.913,53.159],[-129.939,53.169],[-129.994,53.214],[-130.008,53.231],[-130.01,53.248],[-130.076,53.269],[-130.085,53.279],[-130.086,53.312],[-130.094,53.323],[-130.112,53.33],[-130.144,53.332],[-130.156,53.337],[-130.165,53.363],[-130.176,53.366],[-130.198,53.365],[-130.222,53.385],[-130.315,53.393],[-130.326,53.4],[-130.365,53.447],[-130.408,53.485],[-130.414,53.499],[-130.404,53.51],[-130.382,53.515],[-130.338,53.516],[-130.365,53.527],[-130.385,53.527],[-130.434,53.516],[-130.45,53.517],[-130.47,53.525],[-130.503,53.55],[-130.527,53.553],[-130.531,53.56],[-130.53,53.583],[-130.526,53.609],[-130.515,53.63],[-130.496,53.639],[-130.444,53.635],[-130.415,53.629],[-130.393,53.618],[-130.366,53.613],[-130.316,53.59],[-130.261,53.581],[-130.237,53.571],[-130.188,53.544],[-130.115,53.519],[-130.075,53.493],[-129.974,53.458],[-129.929,53.433],[-129.901,53.409],[-129.883,53.398],[-129.876,53.378],[-129.868,53.368],[-129.766,53.265],[-129.743,53.235]]],[[[-129.166,53.385],[-129.172,53.408],[-129.174,53.45],[-129.172,53.493],[-129.159,53.533],[-129.166,53.591],[-129.165,53.614],[-129.16,53.627],[-129.136,53.649],[-129.08,53.667],[-129.061,53.684],[-129.038,53.692],[-128.996,53.701],[-128.903,53.701],[-128.842,53.716],[-128.824,53.708],[-128.857,53.683],[-128.868,53.668],[-128.865,53.653],[-128.882,53.621],[-128.88,53.592],[-128.884,53.576],[-128.953,53.591],[-128.981,53.585],[-129.069,53.52],[-129.094,53.509],[-129.093,53.493],[-129.084,53.468],[-129.091,53.45],[-129.129,53.43],[-129.166,53.385]]],[[[-130.406,53.687],[-130.367,53.713],[-130.304,53.746],[-130.291,53.755],[-130.302,53.789],[-130.296,53.801],[-130.277,53.804],[-130.261,53.798],[-130.222,53.776],[-130.231,53.765],[-130.235,53.753],[-130.235,53.741],[-130.229,53.728],[-130.217,53.718],[-130.184,53.715],[-130.138,53.703],[-130.125,53.696],[-130.119,53.684],[-130.128,53.654],[-130.119,53.639],[-130.126,53.632],[-130.106,53.604],[-130.092,53.57],[-130.117,53.57],[-130.174,53.591],[-130.252,53.597],[-130.294,53.619],[-130.332,53.624],[-130.349,53.635],[-130.373,53.666],[-130.406,53.687]]],[[[-130.253,53.892],[-130.233,53.898],[-130.196,53.917],[-130.181,53.913],[-130.157,53.898],[-130.106,53.88],[-130.07,53.856],[-130.03,53.848],[-130.027,53.839],[-130.018,53.832],[-129.996,53.824],[-129.933,53.782],[-129.9,53.773],[-129.865,53.746],[-129.831,53.735],[-129.777,53.689],[-129.77,53.676],[-129.675,53.593],[-129.535,53.508],[-129.516,53.488],[-129.551,53.482],[-129.567,53.484],[-129.616,53.499],[-129.63,53.497],[-129.639,53.482],[-129.612,53.488],[-129.588,53.475],[-129.56,53.471],[-129.499,53.475],[-129.478,53.468],[-129.427,53.435],[-129.414,53.42],[-129.403,53.398],[-129.369,53.384],[-129.337,53.361],[-129.346,53.328],[-129.326,53.296],[-129.329,53.263],[-129.361,53.246],[-129.379,53.28],[-129.397,53.292],[-129.391,53.309],[-129.406,53.332],[-129.43,53.336],[-129.441,53.316],[-129.459,53.295],[-129.475,53.297],[-129.503,53.317],[-129.513,53.311],[-129.503,53.282],[-129.503,53.269],[-129.482,53.245],[-129.483,53.224],[-129.499,53.216],[-129.523,53.228],[-129.545,53.218],[-129.568,53.215],[-129.585,53.224],[-129.592,53.245],[-129.66,53.31],[-129.639,53.317],[-129.674,53.33],[-129.674,53.338],[-129.66,53.344],[-129.673,53.349],[-129.699,53.339],[-129.715,53.338],[-129.763,53.365],[-129.762,53.383],[-129.766,53.385],[-129.797,53.378],[-129.807,53.385],[-129.831,53.413],[-129.819,53.459],[-129.821,53.471],[-129.834,53.473],[-129.875,53.466],[-129.897,53.478],[-129.895,53.487],[-129.876,53.52],[-129.872,53.536],[-129.877,53.554],[-129.889,53.562],[-129.927,53.563],[-129.919,53.572],[-129.886,53.585],[-129.913,53.595],[-129.927,53.597],[-129.941,53.591],[-129.941,53.598],[-129.913,53.611],[-129.939,53.62],[-129.954,53.61],[-129.967,53.593],[-129.986,53.585],[-130.03,53.582],[-130.05,53.588],[-130.058,53.608],[-130.033,53.631],[-129.978,53.643],[-129.918,53.643],[-129.879,53.632],[-129.872,53.639],[-129.902,53.659],[-129.946,53.664],[-129.992,53.661],[-130.03,53.653],[-130.058,53.64],[-130.076,53.638],[-130.092,53.646],[-130.098,53.661],[-130.092,53.693],[-130.098,53.708],[-130.167,53.728],[-130.202,53.73],[-130.212,53.737],[-130.215,53.755],[-130.205,53.786],[-130.204,53.801],[-130.215,53.817],[-130.231,53.826],[-130.291,53.838],[-130.267,53.886],[-130.253,53.892]]],[[[-130.447,53.982],[-130.458,53.963],[-130.472,53.91],[-130.489,53.899],[-130.523,53.902],[-130.544,53.911],[-130.582,53.944],[-130.604,53.959],[-130.619,53.966],[-130.63,53.964],[-130.649,53.949],[-130.657,53.951],[-130.66,53.968],[-130.676,53.961],[-130.691,53.933],[-130.701,53.92],[-130.69,53.906],[-130.64,53.886],[-130.628,53.872],[-130.622,53.856],[-130.628,53.843],[-130.65,53.838],[-130.681,53.852],[-130.708,53.853],[-130.715,53.858],[-130.708,53.906],[-130.719,53.913],[-130.724,53.92],[-130.718,53.937],[-130.705,53.954],[-130.687,53.965],[-130.674,53.989],[-130.656,53.992],[-130.647,53.989],[-130.604,54.025],[-130.567,54.033],[-130.516,54.057],[-130.519,54.069],[-130.452,54.076],[-130.434,54.081],[-130.422,54.1],[-130.392,54.095],[-130.338,54.071],[-130.29,54.029],[-130.265,54.015],[-130.246,53.996],[-130.232,53.974],[-130.229,53.954],[-130.242,53.937],[-130.301,53.903],[-130.328,53.876],[-130.341,53.846],[-130.352,53.838],[-130.406,53.838],[-130.413,53.845],[-130.424,53.872],[-130.443,53.863],[-130.462,53.849],[-130.479,53.844],[-130.49,53.865],[-130.491,53.878],[-130.469,53.886],[-130.46,53.892],[-130.411,53.953],[-130.396,53.962],[-130.365,53.968],[-130.331,53.968],[-130.331,53.975],[-130.344,53.978],[-130.35,53.982],[-130.349,53.989],[-130.338,53.995],[-130.349,53.999],[-130.387,53.989],[-130.433,53.988],[-130.447,53.982]]],[[[-132.579,53.207],[-132.562,53.22],[-132.552,53.235],[-132.571,53.235],[-132.627,53.256],[-132.668,53.261],[-132.71,53.262],[-132.698,53.279],[-132.674,53.289],[-132.62,53.303],[-132.613,53.317],[-132.579,53.324],[-132.553,53.313],[-132.543,53.312],[-132.538,53.327],[-132.569,53.337],[-132.758,53.317],[-132.749,53.331],[-132.703,53.378],[-132.691,53.378],[-132.648,53.365],[-132.532,53.365],[-132.519,53.362],[-132.502,53.348],[-132.483,53.341],[-132.465,53.327],[-132.438,53.322],[-132.428,53.315],[-132.415,53.297],[-132.4,53.33],[-132.425,53.351],[-132.497,53.378],[-132.518,53.413],[-132.529,53.417],[-132.553,53.418],[-132.641,53.432],[-132.661,53.44],[-132.655,53.463],[-132.661,53.483],[-132.671,53.491],[-132.685,53.458],[-132.707,53.451],[-132.733,53.454],[-132.758,53.461],[-132.758,53.468],[-132.742,53.476],[-132.728,53.49],[-132.723,53.505],[-132.736,53.516],[-132.749,53.516],[-132.761,53.495],[-132.842,53.469],[-132.862,53.467],[-132.874,53.475],[-132.87,53.488],[-132.838,53.511],[-132.826,53.523],[-132.929,53.523],[-132.918,53.531],[-132.905,53.55],[-132.894,53.557],[-132.908,53.568],[-132.977,53.557],[-132.972,53.576],[-132.991,53.59],[-132.97,53.598],[-132.948,53.598],[-132.9,53.589],[-132.884,53.594],[-132.891,53.62],[-132.984,53.667],[-133.011,53.687],[-132.998,53.681],[-132.987,53.68],[-132.977,53.684],[-132.97,53.694],[-132.956,53.688],[-132.94,53.686],[-132.931,53.69],[-132.936,53.701],[-132.971,53.71],[-132.984,53.718],[-132.977,53.735],[-132.982,53.745],[-132.978,53.763],[-132.984,53.77],[-132.995,53.771],[-133.018,53.755],[-133.029,53.756],[-133.061,53.765],[-133.11,53.787],[-133.111,53.798],[-133.097,53.807],[-133.065,53.817],[-133.079,53.833],[-133.12,53.86],[-133.137,53.876],[-133.144,53.897],[-133.136,53.915],[-133.124,53.93],[-133.121,53.941],[-133.101,53.955],[-133.1,53.971],[-133.105,53.987],[-133.101,54.002],[-133.073,54.002],[-133.065,54.016],[-133.051,54.027],[-133.038,54.044],[-133.047,54.05],[-133.067,54.095],[-133.087,54.105],[-133.045,54.148],[-133.041,54.165],[-133.073,54.167],[-133.053,54.183],[-133.025,54.176],[-132.998,54.164],[-132.98,54.163],[-132.969,54.169],[-132.953,54.168],[-132.937,54.163],[-132.909,54.145],[-132.834,54.128],[-132.778,54.125],[-132.753,54.128],[-132.703,54.143],[-132.676,54.146],[-132.649,54.141],[-132.602,54.123],[-132.576,54.118],[-132.567,54.108],[-132.563,54.085],[-132.566,54.044],[-132.58,54.023],[-132.623,54.01],[-132.645,53.999],[-132.675,53.969],[-132.681,53.951],[-132.661,53.941],[-132.621,53.971],[-132.586,53.975],[-132.568,53.982],[-132.555,53.999],[-132.547,54.02],[-132.545,54.04],[-132.532,54.046],[-132.457,54.064],[-132.407,54.099],[-132.297,54.112],[-132.284,54.108],[-132.276,54.095],[-132.238,54.072],[-132.23,54.054],[-132.234,54.035],[-132.23,54.031],[-132.216,54.023],[-132.174,54.015],[-132.161,54.008],[-132.149,53.992],[-132.145,53.974],[-132.147,53.955],[-132.155,53.934],[-132.127,53.902],[-132.114,53.881],[-132.117,53.872],[-132.144,53.841],[-132.155,53.836],[-132.196,53.831],[-132.241,53.777],[-132.268,53.77],[-132.374,53.762],[-132.395,53.753],[-132.433,53.727],[-132.525,53.704],[-132.552,53.701],[-132.608,53.703],[-132.637,53.701],[-132.658,53.691],[-132.666,53.677],[-132.658,53.675],[-132.631,53.68],[-132.615,53.68],[-132.605,53.677],[-132.598,53.671],[-132.593,53.66],[-132.594,53.654],[-132.607,53.632],[-132.589,53.637],[-132.567,53.659],[-132.552,53.666],[-132.54,53.665],[-132.513,53.65],[-132.497,53.646],[-132.462,53.651],[-132.391,53.671],[-132.353,53.673],[-132.381,53.648],[-132.421,53.635],[-132.459,53.616],[-132.484,53.577],[-132.468,53.578],[-132.435,53.604],[-132.408,53.613],[-132.38,53.618],[-132.318,53.618],[-132.29,53.623],[-132.271,53.639],[-132.31,53.642],[-132.328,53.649],[-132.333,53.66],[-132.319,53.673],[-132.296,53.674],[-132.254,53.666],[-132.218,53.656],[-132.202,53.655],[-132.189,53.681],[-132.159,53.7],[-132.155,53.714],[-132.162,53.726],[-132.188,53.741],[-132.196,53.755],[-132.194,53.774],[-132.161,53.814],[-132.117,53.841],[-132.087,53.878],[-132.079,53.892],[-132.114,53.93],[-132.115,53.943],[-132.127,53.975],[-132.13,54.011],[-132.161,54.026],[-132.182,54.044],[-132.167,54.046],[-132.13,54.034],[-132.046,54.023],[-131.993,54.026],[-131.916,54.04],[-131.864,54.067],[-131.794,54.08],[-131.755,54.103],[-131.709,54.118],[-131.682,54.142],[-131.661,54.167],[-131.664,54.156],[-131.668,54.153],[-131.66,54.137],[-131.662,54.13],[-131.668,54.125],[-131.671,54.079],[-131.679,54.034],[-131.693,53.992],[-131.715,53.954],[-131.749,53.916],[-131.819,53.855],[-131.853,53.817],[-131.864,53.8],[-131.871,53.783],[-131.877,53.718],[-131.884,53.698],[-131.933,53.619],[-131.936,53.596],[-131.922,53.564],[-131.925,53.552],[-131.943,53.522],[-131.916,53.453],[-131.914,53.438],[-131.919,53.389],[-131.917,53.375],[-131.908,53.358],[-131.925,53.342],[-131.963,53.283],[-131.984,53.261],[-132.008,53.254],[-132.096,53.255],[-132.166,53.246],[-132.196,53.235],[-132.224,53.231],[-132.236,53.208],[-132.249,53.207],[-132.278,53.215],[-132.261,53.201],[-132.245,53.197],[-132.21,53.201],[-132.127,53.201],[-132.136,53.189],[-132.155,53.176],[-132.196,53.159],[-132.228,53.157],[-132.255,53.161],[-132.28,53.173],[-132.315,53.198],[-132.32,53.19],[-132.319,53.17],[-132.324,53.165],[-132.375,53.157],[-132.401,53.148],[-132.443,53.146],[-132.47,53.152],[-132.458,53.17],[-132.457,53.177],[-132.46,53.184],[-132.473,53.187],[-132.485,53.168],[-132.503,53.167],[-132.538,53.18],[-132.538,53.187],[-132.518,53.194],[-132.579,53.207]]],[[[-130.229,54.118],[-130.243,54.123],[-130.27,54.153],[-130.259,54.182],[-130.253,54.191],[-130.242,54.196],[-130.228,54.197],[-130.216,54.194],[-130.215,54.187],[-130.186,54.18],[-130.163,54.161],[-130.156,54.142],[-130.214,54.121],[-130.229,54.118]]],[[[-130.654,54.118],[-130.673,54.113],[-130.698,54.115],[-130.719,54.123],[-130.729,54.136],[-130.739,54.136],[-130.79,54.162],[-130.805,54.174],[-130.787,54.203],[-130.776,54.214],[-130.756,54.215],[-130.681,54.172],[-130.649,54.145],[-130.654,54.118]]],[[[-130.353,54.268],[-130.371,54.252],[-130.365,54.242],[-130.394,54.254],[-130.444,54.291],[-130.469,54.304],[-130.462,54.318],[-130.451,54.328],[-130.437,54.333],[-130.421,54.332],[-130.38,54.304],[-130.353,54.268]]],[[[-130.352,54.268],[-130.354,54.297],[-130.334,54.32],[-130.305,54.334],[-130.277,54.332],[-130.253,54.311],[-130.265,54.279],[-130.298,54.254],[-130.338,54.256],[-130.352,54.268]]],[[[-130.76,54.362],[-130.77,54.381],[-130.756,54.394],[-130.715,54.414],[-130.709,54.406],[-130.701,54.414],[-130.695,54.401],[-130.688,54.4],[-130.695,54.386],[-130.691,54.367],[-130.713,54.359],[-130.743,54.358],[-130.76,54.362]]],[[[-130.743,54.606],[-130.756,54.575],[-130.764,54.563],[-130.777,54.55],[-130.83,54.521],[-130.838,54.513],[-130.962,54.455],[-130.969,54.462],[-130.962,54.485],[-130.962,54.54],[-130.959,54.55],[-130.945,54.56],[-130.928,54.591],[-130.935,54.614],[-130.931,54.623],[-130.917,54.63],[-130.897,54.634],[-130.88,54.631],[-130.873,54.619],[-130.854,54.63],[-130.808,54.612],[-130.774,54.629],[-130.757,54.634],[-130.749,54.612],[-130.743,54.606]]],[[[-130.592,54.742],[-130.61,54.756],[-130.615,54.765],[-130.579,54.774],[-130.51,54.805],[-130.484,54.81],[-130.462,54.804],[-130.434,54.769],[-130.462,54.712],[-130.478,54.712],[-130.51,54.722],[-130.522,54.71],[-130.535,54.706],[-130.547,54.711],[-130.592,54.742]]],[[[-130.208,54.811],[-130.213,54.797],[-130.222,54.79],[-130.202,54.79],[-130.208,54.763],[-130.221,54.744],[-130.24,54.731],[-130.284,54.715],[-130.324,54.711],[-130.378,54.698],[-130.376,54.705],[-130.34,54.737],[-130.319,54.751],[-130.274,54.765],[-130.233,54.803],[-130.208,54.811]]],[[[-130.431,54.79],[-130.448,54.807],[-130.462,54.832],[-130.421,54.851],[-130.255,54.97],[-130.204,55.021],[-130.182,55.032],[-130.167,55.017],[-130.153,54.991],[-130.15,54.969],[-130.158,54.948],[-130.177,54.924],[-130.225,54.89],[-130.27,54.832],[-130.324,54.811],[-130.371,54.782],[-130.4,54.769],[-130.409,54.767],[-130.431,54.79]]],[[[-123.287,48.613],[-123.283,48.611],[-123.28,48.601],[-123.288,48.591],[-123.303,48.597],[-123.337,48.631],[-123.338,48.634],[-123.333,48.63],[-123.332,48.634],[-123.337,48.648],[-123.305,48.619],[-123.287,48.613]]],[[[-123.369,48.774],[-123.382,48.756],[-123.408,48.754],[-123.458,48.767],[-123.429,48.738],[-123.428,48.73],[-123.461,48.715],[-123.482,48.712],[-123.496,48.716],[-123.531,48.734],[-123.541,48.746],[-123.55,48.771],[-123.547,48.784],[-123.534,48.794],[-123.534,48.801],[-123.553,48.815],[-123.57,48.832],[-123.572,48.85],[-123.547,48.862],[-123.572,48.881],[-123.587,48.898],[-123.594,48.919],[-123.596,48.952],[-123.586,48.943],[-123.582,48.931],[-123.503,48.892],[-123.431,48.842],[-123.459,48.845],[-123.489,48.862],[-123.499,48.856],[-123.5,48.849],[-123.496,48.846],[-123.472,48.828],[-123.369,48.774]]],[[[-123.654,49.034],[-123.698,49.082],[-123.703,49.1],[-123.697,49.109],[-123.687,49.109],[-123.659,49.073],[-123.57,48.992],[-123.547,48.976],[-123.472,48.938],[-123.391,48.92],[-123.366,48.907],[-123.334,48.903],[-123.322,48.897],[-123.314,48.882],[-123.317,48.87],[-123.327,48.864],[-123.342,48.87],[-123.369,48.862],[-123.395,48.872],[-123.437,48.904],[-123.531,48.942],[-123.633,49.024],[-123.654,49.034]]],[[[-123.721,49.161],[-123.704,49.156],[-123.697,49.148],[-123.697,49.137],[-123.706,49.133],[-123.75,49.129],[-123.777,49.133],[-123.843,49.151],[-123.862,49.164],[-123.867,49.174],[-123.866,49.179],[-123.87,49.185],[-123.87,49.19],[-123.863,49.196],[-123.834,49.201],[-123.824,49.199],[-123.809,49.184],[-123.769,49.169],[-123.721,49.161]]],[[[-125.95,49.201],[-125.937,49.191],[-125.938,49.185],[-125.954,49.181],[-125.96,49.172],[-125.962,49.153],[-125.969,49.149],[-126.012,49.159],[-126.018,49.181],[-126.03,49.19],[-126.035,49.202],[-126.024,49.212],[-126.006,49.214],[-125.95,49.201]]],[[[-126.083,49.315],[-126.064,49.278],[-126.048,49.267],[-126.069,49.256],[-126.09,49.254],[-126.136,49.265],[-126.158,49.274],[-126.193,49.272],[-126.224,49.277],[-126.24,49.302],[-126.227,49.308],[-126.234,49.332],[-126.24,49.343],[-126.231,49.357],[-126.231,49.379],[-126.227,49.383],[-126.206,49.384],[-126.15,49.396],[-126.132,49.397],[-126.108,49.384],[-126.086,49.363],[-126.075,49.339],[-126.083,49.315]]],[[[-123.331,49.373],[-123.344,49.356],[-123.359,49.343],[-123.376,49.337],[-123.416,49.337],[-123.426,49.34],[-123.429,49.347],[-123.426,49.367],[-123.418,49.381],[-123.385,49.404],[-123.35,49.418],[-123.326,49.42],[-123.315,49.413],[-123.319,49.399],[-123.33,49.384],[-123.33,49.382],[-123.327,49.381],[-123.331,49.373]]],[[[-124.232,49.499],[-124.172,49.464],[-124.172,49.455],[-124.186,49.447],[-124.232,49.459],[-124.268,49.456],[-124.318,49.463],[-124.361,49.48],[-124.356,49.49],[-124.365,49.497],[-124.377,49.5],[-124.379,49.507],[-124.365,49.521],[-124.355,49.522],[-124.329,49.513],[-124.296,49.512],[-124.232,49.499]]],[[[-123.452,49.445],[-123.449,49.459],[-123.457,49.478],[-123.445,49.486],[-123.445,49.494],[-123.453,49.508],[-123.44,49.521],[-123.418,49.531],[-123.373,49.542],[-123.362,49.541],[-123.342,49.507],[-123.322,49.486],[-123.324,49.462],[-123.343,49.443],[-123.376,49.438],[-123.367,49.454],[-123.375,49.464],[-123.389,49.467],[-123.404,49.466],[-123.433,49.446],[-123.452,49.445]]],[[[-124.607,49.531],[-124.594,49.522],[-124.625,49.523],[-124.636,49.517],[-124.643,49.504],[-124.653,49.496],[-124.663,49.494],[-124.691,49.509],[-124.704,49.521],[-124.703,49.538],[-124.684,49.549],[-124.655,49.547],[-124.607,49.531]]],[[[-124.709,49.497],[-124.694,49.491],[-124.691,49.483],[-124.71,49.48],[-124.746,49.488],[-124.825,49.54],[-124.839,49.557],[-124.84,49.578],[-124.836,49.598],[-124.827,49.603],[-124.792,49.58],[-124.716,49.499],[-124.709,49.497]]],[[[-124.109,49.678],[-124.136,49.657],[-124.164,49.66],[-124.188,49.679],[-124.205,49.705],[-124.133,49.754],[-124.119,49.755],[-124.103,49.747],[-124.098,49.767],[-124.09,49.77],[-124.047,49.779],[-124.02,49.781],[-124.021,49.775],[-124.027,49.774],[-124.075,49.741],[-124.109,49.678]]],[[[-124.664,49.747],[-124.652,49.762],[-124.652,49.768],[-124.658,49.774],[-124.654,49.788],[-124.658,49.802],[-124.633,49.802],[-124.609,49.795],[-124.597,49.786],[-124.576,49.762],[-124.562,49.754],[-124.521,49.747],[-124.488,49.734],[-124.391,49.72],[-124.348,49.704],[-124.323,49.671],[-124.294,49.65],[-124.282,49.628],[-124.27,49.616],[-124.173,49.554],[-124.144,49.53],[-124.123,49.5],[-124.143,49.489],[-124.162,49.496],[-124.198,49.521],[-124.378,49.603],[-124.439,49.612],[-124.442,49.617],[-124.439,49.631],[-124.462,49.654],[-124.473,49.672],[-124.493,49.672],[-124.517,49.685],[-124.534,49.69],[-124.572,49.708],[-124.614,49.716],[-124.664,49.747]]],[[[-126.659,49.788],[-126.643,49.759],[-126.634,49.692],[-126.619,49.653],[-126.618,49.631],[-126.639,49.595],[-126.679,49.592],[-126.807,49.627],[-126.822,49.636],[-126.856,49.666],[-126.913,49.692],[-126.974,49.736],[-126.971,49.755],[-126.962,49.759],[-126.933,49.739],[-126.919,49.759],[-126.909,49.765],[-126.864,49.773],[-126.856,49.78],[-126.864,49.788],[-126.874,49.789],[-126.898,49.781],[-126.944,49.806],[-126.987,49.815],[-126.978,49.829],[-126.97,49.833],[-126.864,49.855],[-126.801,49.881],[-126.769,49.883],[-126.742,49.856],[-126.723,49.85],[-126.703,49.86],[-126.69,49.857],[-126.659,49.788]]],[[[-127.241,50.022],[-127.232,50.013],[-127.234,50.005],[-127.251,50],[-127.272,49.978],[-127.285,49.979],[-127.319,50],[-127.319,50.008],[-127.315,50.013],[-127.311,50.026],[-127.286,50.037],[-127.263,50.034],[-127.241,50.022]]],[[[-125.027,50.144],[-124.986,50.179],[-124.98,50.189],[-124.983,50.2],[-125.007,50.233],[-124.996,50.232],[-124.929,50.169],[-124.917,50.145],[-124.919,50.133],[-124.926,50.128],[-124.911,50.114],[-124.906,50.088],[-124.891,50.069],[-124.963,50.049],[-124.976,50.022],[-124.986,50.014],[-125.005,50.018],[-125.011,50.03],[-125.007,50.052],[-125.007,50.072],[-125.013,50.08],[-125.053,50.105],[-125.06,50.115],[-125.051,50.126],[-125.027,50.144]]],[[[-125.199,50.041],[-125.227,50.069],[-125.212,50.075],[-125.23,50.09],[-125.283,50.117],[-125.3,50.131],[-125.324,50.143],[-125.329,50.155],[-125.335,50.194],[-125.349,50.22],[-125.349,50.242],[-125.344,50.262],[-125.336,50.274],[-125.318,50.284],[-125.29,50.291],[-125.263,50.294],[-125.247,50.288],[-125.235,50.265],[-125.23,50.261],[-125.215,50.256],[-125.199,50.237],[-125.18,50.229],[-125.171,50.219],[-125.166,50.206],[-125.165,50.193],[-125.172,50.178],[-125.191,50.158],[-125.185,50.144],[-125.225,50.132],[-125.228,50.121],[-125.212,50.103],[-125.186,50.092],[-125.178,50.083],[-125.171,50.041],[-125.161,50.003],[-125.163,49.993],[-125.178,50],[-125.187,50.01],[-125.199,50.041]]],[[[-124.891,50.193],[-124.913,50.194],[-124.926,50.2],[-124.958,50.234],[-124.965,50.249],[-124.964,50.262],[-124.949,50.268],[-124.937,50.276],[-124.928,50.293],[-124.917,50.303],[-124.883,50.29],[-124.836,50.281],[-124.816,50.274],[-124.812,50.269],[-124.822,50.247],[-124.816,50.212],[-124.792,50.198],[-124.766,50.189],[-124.754,50.168],[-124.764,50.156],[-124.786,50.139],[-124.812,50.124],[-124.832,50.117],[-124.843,50.122],[-124.852,50.133],[-124.867,50.155],[-124.869,50.166],[-124.829,50.185],[-124.84,50.198],[-124.856,50.2],[-124.891,50.193]]],[[[-124.803,50.229],[-124.808,50.232],[-124.812,50.24],[-124.786,50.277],[-124.773,50.289],[-124.749,50.304],[-124.725,50.305],[-124.69,50.291],[-124.661,50.263],[-124.651,50.224],[-124.665,50.191],[-124.694,50.171],[-124.716,50.162],[-124.726,50.163],[-124.731,50.168],[-124.731,50.175],[-124.743,50.204],[-124.739,50.22],[-124.727,50.243],[-124.709,50.26],[-124.705,50.274],[-124.713,50.286],[-124.723,50.293],[-124.727,50.291],[-124.725,50.281],[-124.727,50.266],[-124.757,50.219],[-124.768,50.214],[-124.803,50.229]]],[[[-125.336,50.302],[-125.36,50.295],[-125.382,50.296],[-125.398,50.308],[-125.404,50.332],[-125.394,50.35],[-125.372,50.351],[-125.329,50.343],[-125.314,50.35],[-125.311,50.363],[-125.315,50.397],[-125.3,50.427],[-125.288,50.437],[-125.216,50.409],[-125.199,50.391],[-125.171,50.391],[-125.152,50.345],[-125.129,50.321],[-125.115,50.297],[-125.077,50.262],[-125.049,50.219],[-125.048,50.206],[-125.055,50.195],[-125.065,50.194],[-125.083,50.206],[-125.096,50.164],[-125.106,50.145],[-125.142,50.126],[-125.154,50.134],[-125.132,50.191],[-125.13,50.214],[-125.136,50.232],[-125.167,50.247],[-125.18,50.263],[-125.212,50.322],[-125.224,50.322],[-125.246,50.314],[-125.268,50.326],[-125.277,50.327],[-125.313,50.32],[-125.336,50.302]]],[[[-125.502,50.414],[-125.503,50.405],[-125.592,50.388],[-125.609,50.391],[-125.636,50.383],[-125.743,50.377],[-125.766,50.38],[-125.781,50.386],[-125.783,50.397],[-125.772,50.404],[-125.735,50.411],[-125.688,50.41],[-125.593,50.438],[-125.547,50.443],[-125.523,50.442],[-125.507,50.431],[-125.502,50.414]]],[[[-125.368,50.461],[-125.34,50.453],[-125.328,50.434],[-125.338,50.412],[-125.346,50.402],[-125.355,50.398],[-125.382,50.394],[-125.377,50.383],[-125.379,50.376],[-125.392,50.367],[-125.448,50.354],[-125.487,50.358],[-125.545,50.378],[-125.54,50.384],[-125.5,50.401],[-125.49,50.413],[-125.491,50.422],[-125.478,50.43],[-125.409,50.448],[-125.389,50.459],[-125.368,50.461]]],[[[-125.749,50.422],[-125.785,50.412],[-125.824,50.409],[-125.872,50.416],[-125.907,50.417],[-125.949,50.425],[-125.965,50.438],[-125.889,50.461],[-125.806,50.475],[-125.794,50.472],[-125.77,50.459],[-125.764,50.449],[-125.743,50.437],[-125.739,50.429],[-125.749,50.422]]],[[[-126.538,50.584],[-126.518,50.576],[-126.519,50.57],[-126.543,50.563],[-126.615,50.553],[-126.65,50.559],[-126.658,50.564],[-126.648,50.57],[-126.654,50.579],[-126.668,50.585],[-126.671,50.59],[-126.627,50.59],[-126.587,50.595],[-126.576,50.589],[-126.538,50.584]]],[[[-126.337,50.603],[-126.288,50.603],[-126.261,50.581],[-126.245,50.572],[-126.227,50.569],[-126.235,50.557],[-126.245,50.554],[-126.268,50.555],[-126.305,50.535],[-126.413,50.527],[-126.448,50.519],[-126.625,50.535],[-126.584,50.548],[-126.368,50.583],[-126.337,50.603]]],[[[-126.404,50.63],[-126.385,50.629],[-126.364,50.619],[-126.374,50.605],[-126.426,50.589],[-126.453,50.588],[-126.485,50.579],[-126.511,50.582],[-126.513,50.584],[-126.507,50.586],[-126.53,50.592],[-126.538,50.596],[-126.536,50.598],[-126.546,50.598],[-126.559,50.603],[-126.548,50.614],[-126.471,50.628],[-126.404,50.63]]],[[[-126.859,50.646],[-126.84,50.634],[-126.833,50.625],[-126.838,50.622],[-126.854,50.629],[-126.862,50.629],[-126.897,50.621],[-127.003,50.626],[-127.037,50.64],[-127.07,50.634],[-127.122,50.63],[-127.15,50.64],[-127.141,50.655],[-127.124,50.666],[-127.107,50.671],[-127.037,50.663],[-126.935,50.66],[-126.895,50.666],[-126.859,50.646]]],[[[-126.618,50.672],[-126.59,50.679],[-126.585,50.688],[-126.588,50.701],[-126.55,50.733],[-126.527,50.744],[-126.508,50.74],[-126.479,50.757],[-126.428,50.795],[-126.398,50.808],[-126.323,50.816],[-126.289,50.829],[-126.272,50.83],[-126.244,50.816],[-126.224,50.795],[-126.213,50.772],[-126.185,50.76],[-126.179,50.751],[-126.186,50.742],[-126.233,50.727],[-126.245,50.717],[-126.268,50.685],[-126.264,50.665],[-126.288,50.655],[-126.35,50.652],[-126.435,50.669],[-126.46,50.665],[-126.449,50.657],[-126.449,50.65],[-126.457,50.646],[-126.47,50.644],[-126.485,50.646],[-126.521,50.658],[-126.576,50.652],[-126.603,50.655],[-126.618,50.672]]],[[[-126.782,50.775],[-126.855,50.786],[-126.886,50.812],[-126.905,50.822],[-126.905,50.829],[-126.892,50.829],[-126.879,50.834],[-126.863,50.836],[-126.826,50.836],[-126.816,50.828],[-126.805,50.814],[-126.793,50.807],[-126.782,50.822],[-126.784,50.832],[-126.771,50.836],[-126.682,50.834],[-126.666,50.836],[-126.65,50.848],[-126.641,50.85],[-126.588,50.822],[-126.562,50.802],[-126.603,50.808],[-126.638,50.797],[-126.673,50.793],[-126.741,50.775],[-126.769,50.788],[-126.782,50.775]]],[[[-123.321,48.496],[-123.302,48.484],[-123.287,48.468],[-123.281,48.448],[-123.287,48.424],[-123.302,48.414],[-123.33,48.405],[-123.357,48.401],[-123.437,48.445],[-123.453,48.434],[-123.48,48.392],[-123.496,48.383],[-123.511,48.381],[-123.52,48.355],[-123.555,48.328],[-123.551,48.313],[-123.572,48.306],[-123.595,48.31],[-123.596,48.328],[-123.612,48.327],[-123.654,48.314],[-123.668,48.318],[-123.685,48.332],[-123.734,48.351],[-123.781,48.363],[-123.841,48.362],[-123.891,48.367],[-124.131,48.433],[-124.389,48.518],[-124.414,48.52],[-124.438,48.526],[-124.43,48.539],[-124.391,48.561],[-124.401,48.565],[-124.445,48.568],[-124.468,48.556],[-124.486,48.54],[-124.665,48.573],[-124.731,48.596],[-124.769,48.615],[-124.8,48.639],[-124.816,48.647],[-125.094,48.73],[-125.109,48.739],[-125.16,48.787],[-125.185,48.801],[-125.171,48.816],[-125.11,48.842],[-125.096,48.863],[-125.078,48.876],[-125.058,48.882],[-125.022,48.887],[-125.011,48.892],[-125.007,48.9],[-125.014,48.928],[-125.004,48.941],[-124.984,48.956],[-124.918,48.972],[-124.883,48.991],[-124.847,49.02],[-124.819,49.058],[-124.808,49.099],[-124.801,49.117],[-124.787,49.133],[-124.779,49.152],[-124.799,49.189],[-124.808,49.247],[-124.821,49.238],[-124.829,49.225],[-124.822,49.181],[-124.822,49.14],[-124.828,49.12],[-124.87,49.075],[-124.879,49.032],[-124.888,49.014],[-124.908,49.006],[-124.968,48.988],[-124.993,48.986],[-125.045,48.993],[-125.086,48.979],[-125.111,48.984],[-125.147,48.999],[-125.171,48.993],[-125.202,48.967],[-125.221,48.955],[-125.24,48.955],[-125.265,48.963],[-125.315,48.965],[-125.336,48.972],[-125.302,49.003],[-125.283,49.015],[-125.261,49.021],[-125.261,49.028],[-125.309,49.028],[-125.333,49.042],[-125.343,49.041],[-125.354,49.027],[-125.366,48.987],[-125.401,48.973],[-125.43,48.944],[-125.449,48.937],[-125.461,48.921],[-125.469,48.918],[-125.498,48.92],[-125.5,48.924],[-125.531,48.933],[-125.573,48.956],[-125.607,48.962],[-125.62,48.969],[-125.637,48.993],[-125.672,49.018],[-125.698,49.029],[-125.736,49.053],[-125.836,49.069],[-125.863,49.081],[-125.872,49.09],[-125.871,49.103],[-125.862,49.11],[-125.831,49.114],[-125.816,49.123],[-125.785,49.105],[-125.768,49.103],[-125.747,49.109],[-125.701,49.135],[-125.692,49.133],[-125.684,49.148],[-125.646,49.164],[-125.637,49.175],[-125.632,49.188],[-125.613,49.206],[-125.61,49.225],[-125.699,49.181],[-125.723,49.161],[-125.747,49.148],[-125.755,49.169],[-125.754,49.222],[-125.743,49.252],[-125.741,49.267],[-125.777,49.248],[-125.791,49.247],[-125.802,49.253],[-125.802,49.3],[-125.799,49.311],[-125.782,49.338],[-125.776,49.355],[-125.775,49.37],[-125.782,49.37],[-125.806,49.343],[-125.818,49.324],[-125.83,49.284],[-125.844,49.267],[-125.852,49.266],[-125.865,49.276],[-125.877,49.28],[-125.901,49.274],[-125.94,49.241],[-125.956,49.233],[-125.977,49.235],[-125.994,49.242],[-126.028,49.274],[-126.009,49.292],[-125.979,49.304],[-125.951,49.32],[-125.929,49.373],[-125.91,49.398],[-125.899,49.422],[-125.912,49.438],[-125.922,49.42],[-125.958,49.393],[-125.967,49.38],[-125.97,49.358],[-125.979,49.342],[-125.994,49.33],[-126.014,49.322],[-126.059,49.346],[-126.076,49.384],[-126.072,49.396],[-126.058,49.412],[-126.055,49.445],[-126.122,49.426],[-126.174,49.415],[-126.18,49.407],[-126.186,49.404],[-126.214,49.407],[-126.227,49.413],[-126.233,49.421],[-126.236,49.435],[-126.244,49.446],[-126.255,49.451],[-126.268,49.445],[-126.259,49.431],[-126.257,49.416],[-126.261,49.4],[-126.288,49.363],[-126.297,49.363],[-126.309,49.376],[-126.338,49.386],[-126.361,49.401],[-126.395,49.414],[-126.405,49.421],[-126.391,49.431],[-126.406,49.442],[-126.421,49.466],[-126.432,49.473],[-126.448,49.471],[-126.465,49.46],[-126.487,49.438],[-126.464,49.406],[-126.464,49.396],[-126.487,49.384],[-126.51,49.378],[-126.528,49.379],[-126.542,49.386],[-126.573,49.414],[-126.574,49.426],[-126.562,49.459],[-126.562,49.486],[-126.558,49.503],[-126.558,49.51],[-126.562,49.521],[-126.556,49.521],[-126.556,49.527],[-126.568,49.536],[-126.577,49.548],[-126.571,49.554],[-126.572,49.566],[-126.565,49.584],[-126.549,49.596],[-126.499,49.611],[-126.453,49.636],[-126.417,49.638],[-126.337,49.631],[-126.218,49.646],[-126.186,49.657],[-126.172,49.657],[-126.138,49.65],[-126.09,49.661],[-126.092,49.67],[-126.107,49.683],[-126.117,49.685],[-126.195,49.681],[-126.297,49.661],[-126.324,49.648],[-126.453,49.674],[-126.477,49.684],[-126.487,49.695],[-126.479,49.712],[-126.412,49.772],[-126.411,49.778],[-126.467,49.792],[-126.474,49.784],[-126.472,49.75],[-126.478,49.735],[-126.494,49.719],[-126.517,49.708],[-126.545,49.704],[-126.573,49.707],[-126.593,49.716],[-126.605,49.732],[-126.637,49.817],[-126.65,49.898],[-126.664,49.897],[-126.683,49.885],[-126.706,49.877],[-126.726,49.882],[-126.749,49.896],[-126.767,49.912],[-126.783,49.942],[-126.802,49.955],[-126.844,49.973],[-126.843,49.961],[-126.811,49.943],[-126.803,49.928],[-126.809,49.914],[-126.823,49.9],[-126.839,49.888],[-126.854,49.883],[-126.872,49.882],[-126.883,49.883],[-126.892,49.891],[-126.91,49.957],[-126.919,49.973],[-126.929,49.933],[-126.93,49.883],[-126.936,49.867],[-126.945,49.864],[-127.073,49.862],[-127.122,49.858],[-127.142,49.867],[-127.229,49.946],[-127.238,49.962],[-127.231,49.977],[-127.2,50.008],[-127.184,50.013],[-127.18,50.026],[-127.186,50.029],[-127.186,50.034],[-127.178,50.053],[-127.164,50.071],[-127.148,50.084],[-127.106,50.096],[-127.089,50.111],[-127.083,50.131],[-127.097,50.151],[-127.106,50.143],[-127.111,50.126],[-127.117,50.117],[-127.147,50.111],[-127.164,50.097],[-127.19,50.096],[-127.215,50.099],[-127.227,50.107],[-127.251,50.132],[-127.27,50.145],[-127.285,50.151],[-127.292,50.144],[-127.276,50.093],[-127.277,50.076],[-127.283,50.062],[-127.296,50.051],[-127.317,50.041],[-127.363,50.033],[-127.385,50.034],[-127.405,50.041],[-127.441,50.061],[-127.457,50.074],[-127.467,50.09],[-127.469,50.108],[-127.459,50.116],[-127.419,50.13],[-127.488,50.13],[-127.479,50.144],[-127.463,50.156],[-127.426,50.179],[-127.463,50.187],[-127.495,50.169],[-127.525,50.143],[-127.553,50.13],[-127.594,50.12],[-127.614,50.119],[-127.631,50.13],[-127.636,50.145],[-127.631,50.16],[-127.611,50.185],[-127.65,50.178],[-127.689,50.16],[-127.725,50.136],[-127.774,50.092],[-127.785,50.085],[-127.796,50.083],[-127.827,50.103],[-127.876,50.106],[-127.898,50.114],[-127.906,50.13],[-127.897,50.143],[-127.84,50.175],[-127.775,50.233],[-127.747,50.243],[-127.748,50.254],[-127.755,50.259],[-127.804,50.253],[-127.833,50.274],[-127.851,50.281],[-127.841,50.292],[-127.813,50.295],[-127.803,50.302],[-127.8,50.314],[-127.809,50.322],[-127.822,50.323],[-127.843,50.319],[-127.866,50.338],[-127.878,50.343],[-127.907,50.326],[-127.919,50.322],[-127.944,50.328],[-127.968,50.342],[-127.979,50.357],[-127.964,50.364],[-127.954,50.393],[-127.942,50.414],[-127.926,50.425],[-127.926,50.432],[-127.931,50.441],[-127.931,50.452],[-127.926,50.462],[-127.916,50.466],[-127.88,50.458],[-127.864,50.46],[-127.858,50.474],[-127.824,50.466],[-127.798,50.472],[-127.774,50.482],[-127.745,50.487],[-127.591,50.486],[-127.57,50.478],[-127.552,50.464],[-127.498,50.401],[-127.475,50.384],[-127.447,50.377],[-127.482,50.435],[-127.508,50.466],[-127.558,50.493],[-127.562,50.521],[-127.55,50.544],[-127.523,50.542],[-127.5,50.567],[-127.424,50.581],[-127.419,50.603],[-127.512,50.589],[-127.546,50.57],[-127.556,50.572],[-127.6,50.6],[-127.615,50.603],[-127.82,50.611],[-127.878,50.63],[-127.866,50.617],[-127.843,50.604],[-127.818,50.593],[-127.799,50.589],[-127.687,50.589],[-127.635,50.58],[-127.611,50.571],[-127.594,50.559],[-127.593,50.544],[-127.615,50.537],[-127.663,50.535],[-127.837,50.49],[-127.846,50.506],[-127.866,50.504],[-127.906,50.487],[-127.951,50.477],[-127.997,50.474],[-128.033,50.492],[-128.05,50.496],[-128.064,50.479],[-128.052,50.477],[-128.042,50.46],[-128.044,50.455],[-128.06,50.453],[-128.078,50.459],[-128.104,50.477],[-128.145,50.487],[-128.173,50.514],[-128.189,50.522],[-128.218,50.53],[-128.238,50.563],[-128.242,50.586],[-128.248,50.597],[-128.289,50.61],[-128.31,50.608],[-128.32,50.61],[-128.324,50.621],[-128.336,50.637],[-128.339,50.647],[-128.284,50.662],[-128.278,50.669],[-128.297,50.672],[-128.341,50.665],[-128.373,50.682],[-128.379,50.689],[-128.384,50.709],[-128.406,50.744],[-128.406,50.761],[-128.417,50.772],[-128.407,50.781],[-128.368,50.788],[-128.348,50.805],[-128.34,50.807],[-128.303,50.802],[-128.267,50.812],[-128.227,50.832],[-128.187,50.845],[-128.153,50.836],[-128.098,50.866],[-128.077,50.87],[-128.018,50.862],[-127.918,50.871],[-127.882,50.867],[-127.57,50.795],[-127.536,50.781],[-127.518,50.78],[-127.505,50.773],[-127.496,50.762],[-127.488,50.747],[-127.493,50.74],[-127.494,50.731],[-127.474,50.699],[-127.445,50.738],[-127.429,50.752],[-127.405,50.747],[-127.421,50.729],[-127.404,50.708],[-127.35,50.679],[-127.263,50.656],[-127.235,50.644],[-127.199,50.621],[-127.179,50.617],[-127.126,50.62],[-127.111,50.617],[-127.097,50.597],[-127.087,50.594],[-127.063,50.597],[-126.987,50.588],[-126.974,50.583],[-126.994,50.569],[-126.977,50.563],[-126.873,50.562],[-126.857,50.559],[-126.85,50.552],[-126.864,50.53],[-126.85,50.528],[-126.844,50.53],[-126.837,50.543],[-126.829,50.548],[-126.789,50.549],[-126.766,50.544],[-126.679,50.518],[-126.631,50.507],[-126.595,50.48],[-126.569,50.479],[-126.563,50.484],[-126.562,50.498],[-126.556,50.501],[-126.537,50.495],[-126.493,50.487],[-126.46,50.475],[-126.364,50.487],[-126.34,50.484],[-126.294,50.469],[-126.272,50.466],[-126.193,50.47],[-126.117,50.455],[-126.024,50.426],[-125.958,50.395],[-125.936,50.391],[-125.838,50.387],[-125.789,50.377],[-125.753,50.359],[-125.74,50.356],[-125.589,50.371],[-125.564,50.366],[-125.524,50.347],[-125.477,50.339],[-125.454,50.329],[-125.436,50.314],[-125.425,50.295],[-125.432,50.288],[-125.411,50.257],[-125.388,50.199],[-125.35,50.144],[-125.37,50.139],[-125.35,50.125],[-125.302,50.107],[-125.293,50.09],[-125.259,50.065],[-125.261,50.049],[-125.223,50.018],[-125.219,50.01],[-125.219,49.991],[-125.216,49.983],[-125.178,49.925],[-124.882,49.725],[-124.873,49.713],[-124.87,49.695],[-124.876,49.677],[-124.891,49.672],[-124.973,49.685],[-124.98,49.682],[-124.976,49.668],[-124.949,49.654],[-124.918,49.631],[-124.838,49.517],[-124.808,49.507],[-124.795,49.473],[-124.773,49.461],[-124.724,49.465],[-124.692,49.449],[-124.668,49.443],[-124.658,49.438],[-124.637,49.411],[-124.596,49.391],[-124.545,49.377],[-124.445,49.363],[-124.387,49.361],[-124.36,49.357],[-124.32,49.335],[-124.208,49.308],[-124.175,49.315],[-124.159,49.31],[-124.109,49.28],[-124.127,49.274],[-124.163,49.272],[-124.178,49.26],[-124.165,49.255],[-124.123,49.26],[-124.071,49.247],[-124.009,49.246],[-123.978,49.241],[-123.955,49.229],[-123.946,49.215],[-123.946,49.208],[-123.964,49.203],[-123.951,49.185],[-123.931,49.144],[-123.917,49.135],[-123.884,49.137],[-123.842,49.128],[-123.828,49.13],[-123.813,49.119],[-123.787,49.069],[-123.757,49.042],[-123.751,49.028],[-123.774,49.021],[-123.761,48.996],[-123.765,48.988],[-123.78,48.986],[-123.794,48.993],[-123.804,49.005],[-123.816,49.013],[-123.835,49.006],[-123.835,49],[-123.787,48.965],[-123.74,48.943],[-123.718,48.922],[-123.594,48.837],[-123.58,48.822],[-123.596,48.811],[-123.602,48.797],[-123.599,48.794],[-123.575,48.798],[-123.568,48.794],[-123.565,48.781],[-123.567,48.761],[-123.573,48.746],[-123.585,48.75],[-123.599,48.758],[-123.618,48.763],[-123.637,48.764],[-123.651,48.76],[-123.651,48.753],[-123.632,48.742],[-123.561,48.712],[-123.527,48.678],[-123.53,48.665],[-123.542,48.65],[-123.541,48.636],[-123.517,48.611],[-123.514,48.595],[-123.518,48.58],[-123.535,48.565],[-123.541,48.555],[-123.535,48.54],[-123.514,48.548],[-123.472,48.575],[-123.479,48.591],[-123.475,48.621],[-123.479,48.636],[-123.437,48.65],[-123.462,48.663],[-123.472,48.672],[-123.472,48.685],[-123.463,48.69],[-123.446,48.692],[-123.417,48.691],[-123.399,48.682],[-123.396,48.661],[-123.39,48.646],[-123.389,48.635],[-123.393,48.63],[-123.39,48.62],[-123.355,48.561],[-123.346,48.523],[-123.337,48.508],[-123.321,48.496]]],[[[-127.846,50.923],[-127.839,50.912],[-127.84,50.903],[-127.852,50.897],[-127.875,50.89],[-127.895,50.897],[-127.923,50.897],[-127.937,50.905],[-127.954,50.902],[-127.981,50.907],[-127.983,50.917],[-127.94,50.925],[-127.915,50.94],[-127.861,50.936],[-127.848,50.929],[-127.846,50.923]]],[[[-127.545,51.09],[-127.527,51.084],[-127.527,51.066],[-127.542,51.052],[-127.591,51.052],[-127.612,51.075],[-127.558,51.089],[-127.545,51.09]]],[[[-131.681,52.842],[-131.654,52.838],[-131.655,52.831],[-131.701,52.818],[-131.744,52.811],[-131.808,52.815],[-131.832,52.826],[-131.838,52.841],[-131.759,52.857],[-131.736,52.854],[-131.731,52.845],[-131.745,52.841],[-131.743,52.84],[-131.681,52.842]]],[[[-132.23,52.995],[-132.202,52.984],[-132.216,52.975],[-132.303,52.967],[-132.324,52.969],[-132.383,53.004],[-132.365,53.007],[-132.23,52.995]]],[[[-132.979,54.246],[-132.969,54.24],[-132.966,54.234],[-132.977,54.218],[-132.978,54.197],[-133,54.19],[-133.013,54.194],[-133.021,54.215],[-133.052,54.223],[-133.077,54.224],[-133.082,54.232],[-133.076,54.246],[-133.061,54.256],[-133.04,54.259],[-133.006,54.255],[-132.979,54.246]]],[[[-123.287,48.813],[-123.252,48.79],[-123.249,48.777],[-123.25,48.766],[-123.24,48.762],[-123.219,48.762],[-123.188,48.756],[-123.182,48.743],[-123.187,48.736],[-123.199,48.732],[-123.257,48.739],[-123.307,48.765],[-123.311,48.772],[-123.311,48.797],[-123.323,48.806],[-123.323,48.813],[-123.313,48.817],[-123.287,48.813]]],[[[-123.089,48.768],[-123.102,48.762],[-123.12,48.765],[-123.158,48.763],[-123.185,48.775],[-123.204,48.784],[-123.204,48.809],[-123.208,48.816],[-123.222,48.823],[-123.223,48.833],[-123.204,48.83],[-123.18,48.816],[-123.141,48.801],[-123.054,48.796],[-123.044,48.789],[-123.042,48.784],[-123.071,48.779],[-123.089,48.768]]],[[[-125.862,49.237],[-125.831,49.237],[-125.797,49.227],[-125.786,49.209],[-125.801,49.144],[-125.842,49.134],[-125.88,49.146],[-125.88,49.161],[-125.888,49.173],[-125.915,49.176],[-125.923,49.197],[-125.915,49.213],[-125.901,49.226],[-125.862,49.237]]],[[[-128.639,50.805],[-128.627,50.812],[-128.607,50.812],[-128.604,50.82],[-128.591,50.813],[-128.574,50.809],[-128.573,50.795],[-128.602,50.793],[-128.603,50.785],[-128.616,50.783],[-128.635,50.79],[-128.639,50.805]]],[[[-128.702,50.837],[-128.698,50.832],[-128.662,50.825],[-128.67,50.819],[-128.666,50.814],[-128.655,50.809],[-128.663,50.805],[-128.692,50.802],[-128.704,50.807],[-128.716,50.814],[-128.715,50.824],[-128.702,50.837]]],[[[-127.779,50.902],[-127.745,50.913],[-127.713,50.913],[-127.688,50.901],[-127.669,50.88],[-127.656,50.838],[-127.674,50.838],[-127.729,50.846],[-127.753,50.859],[-127.817,50.869],[-127.834,50.879],[-127.835,50.889],[-127.779,50.902]]],[[[-128.438,51.981],[-128.432,51.995],[-128.417,52.003],[-128.413,51.983],[-128.421,51.952],[-128.423,51.926],[-128.432,51.902],[-128.445,51.898],[-128.454,51.917],[-128.479,51.907],[-128.493,51.926],[-128.487,51.954],[-128.438,51.981]]],[[[-129.433,52.683],[-129.413,52.688],[-129.4,52.68],[-129.402,52.647],[-129.418,52.645],[-129.435,52.638],[-129.45,52.644],[-129.427,52.674],[-129.433,52.683]]],[[[-129.355,52.863],[-129.312,52.839],[-129.324,52.821],[-129.329,52.8],[-129.348,52.8],[-129.366,52.815],[-129.368,52.845],[-129.355,52.863]]],[[[-130.592,53.496],[-130.587,53.466],[-130.625,53.482],[-130.636,53.498],[-130.617,53.506],[-130.592,53.496]]],[[[-130.609,53.797],[-130.617,53.823],[-130.569,53.837],[-130.51,53.826],[-130.42,53.783],[-130.438,53.757],[-130.497,53.765],[-130.513,53.793],[-130.553,53.784],[-130.609,53.797]]],[[[-130.818,54.486],[-130.79,54.494],[-130.766,54.469],[-130.728,54.438],[-130.73,54.421],[-130.785,54.412],[-130.823,54.421],[-130.829,54.439],[-130.87,54.435],[-130.861,54.455],[-130.818,54.486]]],[[[-131.099,54.628],[-131.057,54.626],[-131.05,54.606],[-131.069,54.588],[-131.091,54.582],[-131.102,54.596],[-131.099,54.628]]]]}},{"type":"Feature","properties":{"kind":"admin1","iso":"US","region":"California","name":"California"},"geometry":{"type":"MultiPolygon","coordinates":[[[[-114.724,32.713],[-117.125,32.532],[-117.137,32.616],[-117.15,32.646],[-117.166,32.67],[-117.188,32.683],[-117.224,32.685],[-117.226,32.697],[-117.22,32.707],[-117.206,32.713],[-117.191,32.714],[-117.188,32.706],[-117.168,32.699],[-117.164,32.684],[-117.131,32.631],[-117.124,32.607],[-117.115,32.6],[-117.103,32.607],[-117.102,32.62],[-117.12,32.653],[-117.119,32.671],[-117.133,32.69],[-117.146,32.694],[-117.177,32.715],[-117.175,32.727],[-117.21,32.725],[-117.224,32.719],[-117.238,32.707],[-117.237,32.67],[-117.245,32.675],[-117.255,32.691],[-117.257,32.702],[-117.254,32.764],[-117.258,32.784],[-117.279,32.823],[-117.284,32.838],[-117.274,32.851],[-117.266,32.847],[-117.26,32.854],[-117.254,32.885],[-117.275,32.993],[-117.286,33.024],[-117.298,33.036],[-117.322,33.109],[-117.362,33.166],[-117.509,33.335],[-117.596,33.39],[-117.654,33.442],[-117.735,33.485],[-117.777,33.529],[-117.825,33.562],[-117.88,33.593],[-117.93,33.608],[-117.979,33.636],[-118.091,33.731],[-118.117,33.744],[-118.153,33.759],[-118.174,33.763],[-118.186,33.758],[-118.199,33.764],[-118.207,33.764],[-118.192,33.752],[-118.187,33.741],[-118.185,33.732],[-118.193,33.732],[-118.202,33.739],[-118.203,33.747],[-118.21,33.742],[-118.222,33.771],[-118.25,33.764],[-118.255,33.765],[-118.27,33.754],[-118.277,33.757],[-118.274,33.75],[-118.278,33.739],[-118.272,33.715],[-118.282,33.716],[-118.282,33.712],[-118.276,33.708],[-118.283,33.708],[-118.291,33.703],[-118.301,33.71],[-118.355,33.726],[-118.362,33.736],[-118.385,33.74],[-118.401,33.736],[-118.405,33.74],[-118.412,33.742],[-118.415,33.754],[-118.428,33.774],[-118.422,33.784],[-118.409,33.791],[-118.409,33.798],[-118.396,33.806],[-118.392,33.818],[-118.391,33.836],[-118.445,33.949],[-118.483,33.999],[-118.514,34.022],[-118.544,34.039],[-118.557,34.038],[-118.571,34.041],[-118.583,34.037],[-118.603,34.039],[-118.609,34.036],[-118.667,34.039],[-118.676,34.038],[-118.68,34.03],[-118.748,34.032],[-118.756,34.026],[-118.788,34.02],[-118.794,34.007],[-118.803,34.005],[-118.807,33.999],[-118.83,34.021],[-118.853,34.034],[-118.915,34.041],[-118.93,34.046],[-118.937,34.043],[-118.954,34.048],[-118.978,34.06],[-119.008,34.066],[-119.038,34.084],[-119.061,34.086],[-119.09,34.1],[-119.12,34.106],[-119.12,34.104],[-119.101,34.099],[-119.106,34.094],[-119.129,34.101],[-119.194,34.142],[-119.204,34.144],[-119.205,34.15],[-119.208,34.152],[-119.217,34.146],[-119.26,34.217],[-119.263,34.227],[-119.259,34.233],[-119.264,34.235],[-119.269,34.255],[-119.281,34.269],[-119.29,34.275],[-119.304,34.272],[-119.339,34.29],[-119.349,34.304],[-119.371,34.32],[-119.391,34.318],[-119.401,34.331],[-119.43,34.353],[-119.443,34.355],[-119.46,34.374],[-119.47,34.376],[-119.478,34.373],[-119.495,34.384],[-119.517,34.387],[-119.529,34.395],[-119.537,34.396],[-119.563,34.415],[-119.576,34.412],[-119.596,34.419],[-119.617,34.421],[-119.639,34.415],[-119.678,34.414],[-119.688,34.411],[-119.691,34.403],[-119.708,34.395],[-119.733,34.397],[-119.788,34.417],[-119.832,34.416],[-119.841,34.413],[-119.844,34.404],[-119.855,34.409],[-119.879,34.407],[-119.89,34.419],[-119.901,34.42],[-119.922,34.433],[-119.957,34.436],[-119.976,34.447],[-119.99,34.45],[-120.01,34.461],[-120.022,34.458],[-120.037,34.463],[-120.091,34.459],[-120.133,34.473],[-120.293,34.468],[-120.425,34.451],[-120.444,34.451],[-120.454,34.443],[-120.473,34.45],[-120.492,34.491],[-120.51,34.521],[-120.536,34.535],[-120.558,34.541],[-120.578,34.554],[-120.622,34.553],[-120.637,34.563],[-120.644,34.574],[-120.648,34.586],[-120.606,34.679],[-120.603,34.705],[-120.64,34.759],[-120.63,34.782],[-120.619,34.819],[-120.616,34.858],[-120.622,34.867],[-120.633,34.871],[-120.64,34.879],[-120.645,34.895],[-120.655,34.901],[-120.668,34.899],[-120.673,34.908],[-120.634,35.035],[-120.631,35.074],[-120.636,35.109],[-120.645,35.139],[-120.659,35.15],[-120.679,35.153],[-120.706,35.174],[-120.75,35.177],[-120.756,35.172],[-120.755,35.163],[-120.759,35.159],[-120.766,35.16],[-120.791,35.179],[-120.85,35.203],[-120.877,35.224],[-120.898,35.25],[-120.896,35.274],[-120.887,35.286],[-120.868,35.33],[-120.862,35.362],[-120.854,35.348],[-120.857,35.327],[-120.856,35.322],[-120.843,35.324],[-120.842,35.332],[-120.831,35.336],[-120.842,35.346],[-120.852,35.367],[-120.86,35.374],[-120.867,35.371],[-120.871,35.405],[-120.887,35.433],[-120.908,35.448],[-120.946,35.446],[-120.963,35.457],[-121.005,35.461],[-121.102,35.55],[-121.131,35.601],[-121.143,35.605],[-121.169,35.637],[-121.187,35.642],[-121.193,35.64],[-121.192,35.634],[-121.195,35.632],[-121.216,35.648],[-121.269,35.664],[-121.288,35.665],[-121.288,35.681],[-121.298,35.697],[-121.315,35.714],[-121.323,35.765],[-121.337,35.787],[-121.387,35.821],[-121.409,35.844],[-121.413,35.855],[-121.426,35.858],[-121.463,35.887],[-121.463,35.904],[-121.472,35.914],[-121.49,35.982],[-121.507,36.003],[-121.523,36.01],[-121.567,36.02],[-121.593,36.051],[-121.595,36.064],[-121.606,36.072],[-121.618,36.084],[-121.63,36.113],[-121.678,36.163],[-121.729,36.198],[-121.781,36.226],[-121.799,36.234],[-121.81,36.232],[-121.825,36.239],[-121.836,36.249],[-121.845,36.272],[-121.852,36.279],[-121.874,36.29],[-121.881,36.3],[-121.9,36.304],[-121.896,36.314],[-121.897,36.328],[-121.894,36.339],[-121.904,36.362],[-121.906,36.377],[-121.904,36.385],[-121.908,36.396],[-121.914,36.403],[-121.918,36.416],[-121.915,36.423],[-121.929,36.448],[-121.932,36.463],[-121.938,36.468],[-121.945,36.486],[-121.946,36.492],[-121.942,36.497],[-121.942,36.512],[-121.957,36.518],[-121.955,36.523],[-121.928,36.524],[-121.93,36.538],[-121.936,36.544],[-121.931,36.547],[-121.933,36.555],[-121.935,36.561],[-121.94,36.559],[-121.946,36.565],[-121.954,36.56],[-121.97,36.569],[-121.978,36.575],[-121.981,36.584],[-121.967,36.585],[-121.96,36.611],[-121.956,36.614],[-121.95,36.61],[-121.938,36.639],[-121.93,36.638],[-121.921,36.634],[-121.921,36.629],[-121.902,36.621],[-121.887,36.602],[-121.87,36.607],[-121.838,36.636],[-121.827,36.656],[-121.814,36.683],[-121.805,36.738],[-121.764,36.722],[-121.761,36.73],[-121.77,36.739],[-121.784,36.738],[-121.803,36.75],[-121.79,36.806],[-121.804,36.836],[-121.86,36.927],[-121.906,36.969],[-121.937,36.978],[-121.953,36.971],[-121.964,36.959],[-121.974,36.955],[-122.021,36.963],[-122.025,36.96],[-122.025,36.951],[-122.035,36.953],[-122.047,36.948],[-122.106,36.956],[-122.121,36.963],[-122.135,36.966],[-122.142,36.975],[-122.154,36.977],[-122.208,37.019],[-122.222,37.024],[-122.228,37.04],[-122.254,37.059],[-122.281,37.097],[-122.298,37.111],[-122.308,37.117],[-122.328,37.113],[-122.339,37.119],[-122.338,37.135],[-122.36,37.15],[-122.361,37.162],[-122.369,37.174],[-122.383,37.182],[-122.396,37.182],[-122.404,37.195],[-122.411,37.227],[-122.416,37.234],[-122.418,37.252],[-122.41,37.269],[-122.4,37.36],[-122.409,37.364],[-122.412,37.375],[-122.444,37.438],[-122.449,37.477],[-122.463,37.497],[-122.479,37.503],[-122.494,37.501],[-122.495,37.495],[-122.499,37.493],[-122.501,37.501],[-122.512,37.51],[-122.52,37.531],[-122.515,37.561],[-122.52,37.574],[-122.519,37.59],[-122.522,37.593],[-122.503,37.601],[-122.496,37.627],[-122.495,37.665],[-122.514,37.752],[-122.515,37.781],[-122.506,37.786],[-122.486,37.791],[-122.476,37.811],[-122.463,37.805],[-122.409,37.81],[-122.398,37.803],[-122.388,37.791],[-122.387,37.779],[-122.382,37.774],[-122.383,37.764],[-122.379,37.756],[-122.355,37.73],[-122.362,37.715],[-122.376,37.717],[-122.379,37.707],[-122.392,37.71],[-122.388,37.677],[-122.38,37.677],[-122.381,37.667],[-122.375,37.655],[-122.381,37.647],[-122.384,37.631],[-122.364,37.627],[-122.354,37.614],[-122.359,37.608],[-122.371,37.613],[-122.374,37.604],[-122.362,37.6],[-122.359,37.593],[-122.317,37.59],[-122.316,37.584],[-122.299,37.577],[-122.258,37.572],[-122.251,37.568],[-122.245,37.553],[-122.24,37.547],[-122.199,37.535],[-122.199,37.527],[-122.207,37.517],[-122.193,37.515],[-122.183,37.508],[-122.171,37.504],[-122.159,37.503],[-122.148,37.497],[-122.134,37.498],[-122.1,37.455],[-122.081,37.449],[-122.059,37.447],[-122.039,37.451],[-122.032,37.463],[-122.052,37.471],[-122.052,37.489],[-122.062,37.502],[-122.093,37.504],[-122.109,37.518],[-122.117,37.543],[-122.146,37.579],[-122.163,37.664],[-122.192,37.7],[-122.207,37.711],[-122.214,37.699],[-122.252,37.723],[-122.262,37.743],[-122.249,37.748],[-122.212,37.743],[-122.217,37.758],[-122.239,37.755],[-122.284,37.763],[-122.3,37.772],[-122.297,37.78],[-122.308,37.781],[-122.31,37.776],[-122.332,37.782],[-122.325,37.804],[-122.339,37.803],[-122.341,37.807],[-122.335,37.812],[-122.322,37.811],[-122.317,37.817],[-122.328,37.821],[-122.32,37.825],[-122.301,37.826],[-122.296,37.831],[-122.304,37.863],[-122.316,37.861],[-122.318,37.868],[-122.308,37.87],[-122.314,37.886],[-122.329,37.908],[-122.365,37.904],[-122.391,37.908],[-122.388,37.92],[-122.396,37.928],[-122.41,37.932],[-122.43,37.964],[-122.398,37.956],[-122.395,37.97],[-122.369,37.98],[-122.36,37.988],[-122.37,38.004],[-122.366,38.012],[-122.336,38.004],[-122.322,38.005],[-122.317,38.01],[-122.299,38.011],[-122.277,38.025],[-122.276,38.039],[-122.25,38.055],[-122.227,38.058],[-122.186,38.048],[-122.169,38.028],[-122.148,38.024],[-122.124,38.029],[-122.082,38.048],[-122.053,38.053],[-122.004,38.056],[-121.939,38.045],[-121.888,38.041],[-121.878,38.034],[-121.837,38.023],[-121.779,38.015],[-121.751,38.019],[-121.723,38.011],[-121.69,38.009],[-121.681,38.017],[-121.695,38.025],[-121.711,38.022],[-121.723,38.026],[-121.721,38.032],[-121.705,38.035],[-121.695,38.043],[-121.682,38.048],[-121.671,38.084],[-121.625,38.089],[-121.624,38.095],[-121.607,38.099],[-121.582,38.092],[-121.577,38.074],[-121.585,38.063],[-121.599,38.059],[-121.621,38.062],[-121.632,38.044],[-121.613,38.021],[-121.605,38.018],[-121.584,38.029],[-121.578,38.062],[-121.569,38.066],[-121.538,38.051],[-121.526,38.041],[-121.513,38.04],[-121.501,38.031],[-121.48,38.023],[-121.445,37.996],[-121.445,38.004],[-121.459,38.021],[-121.487,38.045],[-121.513,38.055],[-121.526,38.054],[-121.536,38.065],[-121.549,38.064],[-121.565,38.081],[-121.571,38.097],[-121.604,38.106],[-121.627,38.106],[-121.645,38.093],[-121.665,38.099],[-121.68,38.093],[-121.689,38.075],[-121.689,38.062],[-121.699,38.051],[-121.742,38.029],[-121.767,38.03],[-121.779,38.036],[-121.785,38.043],[-121.78,38.061],[-121.769,38.069],[-121.736,38.079],[-121.717,38.093],[-121.688,38.124],[-121.683,38.147],[-121.689,38.148],[-121.705,38.122],[-121.747,38.088],[-121.803,38.063],[-121.846,38.073],[-121.862,38.07],[-121.883,38.057],[-121.898,38.053],[-121.917,38.053],[-121.929,38.058],[-121.916,38.067],[-121.908,38.079],[-121.955,38.079],[-121.971,38.075],[-122.015,38.099],[-121.986,38.111],[-121.989,38.125],[-122,38.137],[-122.016,38.14],[-122.055,38.134],[-122.069,38.122],[-122.066,38.113],[-122.075,38.101],[-122.121,38.06],[-122.13,38.042],[-122.158,38.043],[-122.166,38.055],[-122.184,38.065],[-122.19,38.061],[-122.224,38.066],[-122.245,38.072],[-122.261,38.069],[-122.271,38.075],[-122.301,38.108],[-122.397,38.153],[-122.411,38.134],[-122.434,38.123],[-122.449,38.124],[-122.458,38.118],[-122.502,38.114],[-122.487,38.105],[-122.482,38.077],[-122.503,38.032],[-122.506,38.017],[-122.454,37.998],[-122.445,37.985],[-122.451,37.98],[-122.469,37.983],[-122.474,37.976],[-122.493,37.97],[-122.494,37.959],[-122.48,37.942],[-122.492,37.935],[-122.504,37.94],[-122.503,37.925],[-122.476,37.916],[-122.473,37.911],[-122.474,37.905],[-122.46,37.895],[-122.449,37.894],[-122.439,37.882],[-122.448,37.874],[-122.459,37.871],[-122.459,37.862],[-122.47,37.867],[-122.476,37.887],[-122.49,37.894],[-122.499,37.894],[-122.495,37.878],[-122.499,37.872],[-122.489,37.864],[-122.478,37.86],[-122.48,37.853],[-122.47,37.832],[-122.478,37.825],[-122.488,37.825],[-122.503,37.82],[-122.512,37.824],[-122.523,37.822],[-122.528,37.816],[-122.538,37.828],[-122.574,37.856],[-122.588,37.861],[-122.601,37.873],[-122.621,37.877],[-122.645,37.899],[-122.672,37.907],[-122.697,37.899],[-122.7,37.892],[-122.713,37.9],[-122.728,37.903],[-122.734,37.92],[-122.749,37.933],[-122.765,37.937],[-122.78,37.948],[-122.796,37.976],[-122.811,37.985],[-122.821,37.998],[-122.907,38.032],[-122.921,38.035],[-122.933,38.05],[-122.932,38.059],[-122.92,38.065],[-122.935,38.071],[-122.948,38.061],[-122.947,38.045],[-122.936,38.031],[-122.963,38.025],[-122.979,38.015],[-122.984,38.003],[-122.98,37.998],[-122.963,37.992],[-122.974,37.99],[-123.027,37.994],[-123.022,38],[-123.016,38.001],[-122.991,38.049],[-122.95,38.144],[-122.95,38.164],[-122.956,38.176],[-122.965,38.183],[-122.965,38.199],[-122.993,38.23],[-122.996,38.243],[-122.985,38.238],[-122.965,38.218],[-122.926,38.175],[-122.892,38.131],[-122.843,38.092],[-122.826,38.072],[-122.832,38.096],[-122.85,38.111],[-122.888,38.155],[-122.936,38.215],[-122.944,38.219],[-122.951,38.217],[-122.954,38.231],[-122.965,38.232],[-122.969,38.237],[-122.969,38.251],[-122.975,38.266],[-123.002,38.295],[-123.03,38.313],[-123.046,38.312],[-123.053,38.298],[-123.062,38.296],[-123.076,38.322],[-123.068,38.346],[-123.071,38.36],[-123.087,38.391],[-123.096,38.396],[-123.102,38.412],[-123.113,38.421],[-123.125,38.437],[-123.129,38.449],[-123.171,38.479],[-123.253,38.511],[-123.273,38.529],[-123.315,38.557],[-123.337,38.567],[-123.342,38.587],[-123.366,38.601],[-123.369,38.612],[-123.401,38.643],[-123.414,38.667],[-123.432,38.678],[-123.434,38.687],[-123.492,38.736],[-123.523,38.747],[-123.538,38.772],[-123.559,38.783],[-123.566,38.795],[-123.594,38.806],[-123.616,38.827],[-123.648,38.85],[-123.663,38.872],[-123.712,38.914],[-123.726,38.919],[-123.727,38.933],[-123.743,38.956],[-123.725,38.96],[-123.704,38.99],[-123.689,39.028],[-123.695,39.059],[-123.722,39.133],[-123.738,39.143],[-123.736,39.159],[-123.768,39.194],[-123.791,39.27],[-123.803,39.279],[-123.797,39.298],[-123.806,39.305],[-123.806,39.324],[-123.825,39.347],[-123.817,39.444],[-123.799,39.491],[-123.77,39.545],[-123.769,39.564],[-123.787,39.597],[-123.786,39.655],[-123.791,39.677],[-123.809,39.712],[-123.824,39.718],[-123.83,39.727],[-123.831,39.742],[-123.838,39.762],[-123.837,39.783],[-123.854,39.834],[-123.88,39.844],[-123.908,39.866],[-123.931,39.908],[-123.956,39.925],[-123.979,39.963],[-124.001,39.978],[-124.033,40.012],[-124.059,40.024],[-124.069,40.021],[-124.076,40.027],[-124.08,40.036],[-124.08,40.06],[-124.087,40.078],[-124.116,40.107],[-124.185,40.13],[-124.22,40.165],[-124.256,40.184],[-124.319,40.225],[-124.327,40.237],[-124.343,40.242],[-124.364,40.261],[-124.348,40.319],[-124.365,40.345],[-124.366,40.377],[-124.398,40.416],[-124.409,40.444],[-124.388,40.483],[-124.384,40.5],[-124.386,40.51],[-124.358,40.563],[-124.322,40.617],[-124.317,40.632],[-124.306,40.637],[-124.312,40.646],[-124.293,40.677],[-124.274,40.7],[-124.24,40.759],[-124.231,40.75],[-124.247,40.728],[-124.258,40.707],[-124.259,40.698],[-124.248,40.693],[-124.234,40.692],[-124.226,40.686],[-124.222,40.69],[-124.225,40.695],[-124.214,40.701],[-124.213,40.71],[-124.222,40.722],[-124.217,40.731],[-124.22,40.737],[-124.203,40.745],[-124.199,40.754],[-124.201,40.762],[-124.198,40.769],[-124.192,40.773],[-124.189,40.791],[-124.183,40.8],[-124.146,40.81],[-124.122,40.807],[-124.087,40.825],[-124.082,40.844],[-124.084,40.848],[-124.102,40.858],[-124.119,40.852],[-124.126,40.854],[-124.138,40.864],[-124.155,40.862],[-124.157,40.851],[-124.167,40.842],[-124.17,40.827],[-124.184,40.816],[-124.194,40.802],[-124.2,40.785],[-124.223,40.757],[-124.233,40.767],[-124.177,40.848],[-124.134,40.936],[-124.11,41.015],[-124.111,41.042],[-124.117,41.048],[-124.135,41.048],[-124.143,41.053],[-124.147,41.06],[-124.149,41.076],[-124.161,41.099],[-124.164,41.132],[-124.163,41.139],[-124.156,41.142],[-124.148,41.141],[-124.143,41.145],[-124.124,41.182],[-124.091,41.289],[-124.062,41.436],[-124.082,41.521],[-124.068,41.539],[-124.089,41.549],[-124.103,41.567],[-124.103,41.603],[-124.115,41.618],[-124.14,41.664],[-124.138,41.68],[-124.146,41.706],[-124.159,41.737],[-124.188,41.747],[-124.201,41.739],[-124.232,41.762],[-124.263,41.776],[-124.26,41.789],[-124.248,41.794],[-124.234,41.813],[-124.219,41.85],[-124.202,41.96],[-124.215,42],[-120.001,42],[-120,38.999],[-118.126,37.691],[-116.66,36.589],[-115.194,35.438],[-114.628,35.004],[-114.617,34.879],[-114.61,34.868],[-114.58,34.857],[-114.569,34.843],[-114.557,34.815],[-114.555,34.787],[-114.542,34.768],[-114.521,34.757],[-114.494,34.754],[-114.429,34.643],[-114.421,34.634],[-114.42,34.596],[-114.408,34.58],[-114.384,34.561],[-114.379,34.541],[-114.367,34.53],[-114.377,34.5],[-114.369,34.472],[-114.364,34.467],[-114.335,34.463],[-114.294,34.436],[-114.279,34.421],[-114.178,34.363],[-114.157,34.345],[-114.125,34.328],[-114.125,34.314],[-114.119,34.293],[-114.127,34.28],[-114.159,34.26],[-114.193,34.232],[-114.224,34.198],[-114.244,34.194],[-114.346,34.133],[-114.382,34.124],[-114.398,34.11],[-114.409,34.091],[-114.417,34.048],[-114.429,34.029],[-114.461,33.999],[-114.5,33.978],[-114.516,33.964],[-114.522,33.941],[-114.519,33.93],[-114.491,33.9],[-114.49,33.891],[-114.516,33.869],[-114.51,33.804],[-114.495,33.788],[-114.495,33.765],[-114.503,33.754],[-114.488,33.725],[-114.495,33.71],[-114.517,33.685],[-114.522,33.66],[-114.522,33.628],[-114.534,33.617],[-114.534,33.604],[-114.529,33.582],[-114.533,33.569],[-114.549,33.547],[-114.579,33.52],[-114.589,33.496],[-114.626,33.437],[-114.644,33.426],[-114.668,33.42],[-114.717,33.417],[-114.727,33.411],[-114.722,33.4],[-114.698,33.368],[-114.702,33.36],[-114.714,33.349],[-114.724,33.321],[-114.721,33.306],[-114.69,33.276],[-114.683,33.263],[-114.673,33.205],[-114.678,33.162],[-114.693,33.124],[-114.697,33.089],[-114.667,33.054],[-114.627,33.041],[-114.537,33.035],[-114.502,33.019],[-114.474,32.985],[-114.47,32.973],[-114.474,32.941],[-114.458,32.877],[-114.461,32.855],[-114.472,32.842],[-114.509,32.82],[-114.522,32.807],[-114.526,32.79],[-114.526,32.753],[-114.536,32.738],[-114.578,32.73],[-114.683,32.748],[-114.721,32.725],[-114.724,32.713]]],[[[-118.359,32.828],[-118.351,32.819],[-118.364,32.817],[-118.384,32.824],[-118.401,32.82],[-118.404,32.812],[-118.429,32.803],[-118.438,32.817],[-118.45,32.819],[-118.474,32.838],[-118.499,32.851],[-118.507,32.865],[-118.509,32.876],[-118.52,32.885],[-118.531,32.903],[-118.538,32.906],[-118.547,32.919],[-118.548,32.937],[-118.552,32.945],[-118.576,32.969],[-118.58,32.988],[-118.594,33.014],[-118.608,33.014],[-118.607,33.031],[-118.596,33.035],[-118.59,33.03],[-118.577,33.032],[-118.564,33.024],[-118.565,33.018],[-118.56,33.006],[-118.55,33.002],[-118.545,32.986],[-118.516,32.958],[-118.504,32.941],[-118.484,32.922],[-118.467,32.915],[-118.451,32.898],[-118.359,32.828]]],[[[-119.489,33.267],[-119.462,33.257],[-119.443,33.242],[-119.434,33.231],[-119.434,33.224],[-119.439,33.22],[-119.473,33.215],[-119.495,33.217],[-119.515,33.222],[-119.523,33.228],[-119.544,33.231],[-119.567,33.247],[-119.567,33.252],[-119.574,33.259],[-119.573,33.265],[-119.579,33.276],[-119.578,33.279],[-119.562,33.272],[-119.551,33.28],[-119.543,33.28],[-119.532,33.286],[-119.498,33.266],[-119.489,33.267]]],[[[-118.516,33.423],[-118.521,33.428],[-118.543,33.433],[-118.559,33.433],[-118.573,33.438],[-118.574,33.447],[-118.584,33.453],[-118.604,33.477],[-118.563,33.473],[-118.536,33.477],[-118.518,33.46],[-118.5,33.452],[-118.499,33.443],[-118.493,33.442],[-118.484,33.447],[-118.477,33.447],[-118.472,33.442],[-118.468,33.442],[-118.445,33.429],[-118.421,33.428],[-118.394,33.416],[-118.389,33.417],[-118.383,33.411],[-118.369,33.408],[-118.368,33.389],[-118.363,33.388],[-118.355,33.377],[-118.332,33.359],[-118.326,33.345],[-118.317,33.343],[-118.309,33.336],[-118.304,33.319],[-118.311,33.314],[-118.304,33.309],[-118.315,33.302],[-118.326,33.299],[-118.375,33.32],[-118.41,33.32],[-118.423,33.317],[-118.464,33.324],[-118.484,33.346],[-118.49,33.358],[-118.484,33.368],[-118.486,33.372],[-118.475,33.382],[-118.487,33.403],[-118.485,33.405],[-118.487,33.408],[-118.486,33.416],[-118.504,33.423],[-118.516,33.423]]],[[[-120.044,34.037],[-120.042,34.028],[-120.05,34.016],[-120.047,34.004],[-120.034,33.99],[-120.008,33.979],[-119.98,33.983],[-119.979,33.959],[-119.971,33.953],[-119.969,33.941],[-120,33.941],[-120.019,33.934],[-120.05,33.915],[-120.071,33.912],[-120.081,33.906],[-120.101,33.907],[-120.109,33.9],[-120.11,33.893],[-120.124,33.895],[-120.133,33.903],[-120.176,33.922],[-120.21,33.972],[-120.219,33.977],[-120.225,33.988],[-120.237,33.992],[-120.249,34.001],[-120.237,34.009],[-120.218,34.011],[-120.201,34.005],[-120.186,34.009],[-120.171,34.007],[-120.145,34.024],[-120.097,34.018],[-120.072,34.025],[-120.058,34.038],[-120.044,34.037]]],[[[-120.345,34.046],[-120.336,34.049],[-120.318,34.04],[-120.307,34.026],[-120.308,34.018],[-120.351,34.019],[-120.36,34.015],[-120.406,34.031],[-120.415,34.032],[-120.424,34.025],[-120.446,34.03],[-120.449,34.036],[-120.438,34.039],[-120.415,34.054],[-120.403,34.051],[-120.394,34.053],[-120.38,34.061],[-120.369,34.071],[-120.369,34.076],[-120.362,34.072],[-120.359,34.065],[-120.356,34.059],[-120.361,34.053],[-120.356,34.047],[-120.345,34.046]]],[[[-119.529,34.025],[-119.543,34.02],[-119.548,34.004],[-119.56,33.994],[-119.58,33.994],[-119.589,33.989],[-119.658,33.986],[-119.685,33.974],[-119.706,33.969],[-119.72,33.959],[-119.753,33.962],[-119.759,33.957],[-119.802,33.963],[-119.817,33.959],[-119.825,33.967],[-119.841,33.97],[-119.851,33.967],[-119.867,33.979],[-119.874,33.98],[-119.887,34.009],[-119.877,34.024],[-119.877,34.032],[-119.899,34.05],[-119.919,34.058],[-119.922,34.055],[-119.928,34.056],[-119.933,34.06],[-119.924,34.067],[-119.917,34.079],[-119.905,34.074],[-119.856,34.071],[-119.835,34.064],[-119.824,34.055],[-119.807,34.052],[-119.788,34.056],[-119.759,34.056],[-119.744,34.052],[-119.737,34.046],[-119.732,34.049],[-119.712,34.042],[-119.685,34.02],[-119.677,34.021],[-119.667,34.017],[-119.654,34.019],[-119.633,34.014],[-119.616,34.02],[-119.608,34.029],[-119.61,34.04],[-119.589,34.05],[-119.575,34.051],[-119.565,34.055],[-119.521,34.034],[-119.529,34.025]]],[[[-118.235,33.763],[-118.227,33.765],[-118.224,33.756],[-118.244,33.751],[-118.236,33.728],[-118.25,33.724],[-118.246,33.715],[-118.258,33.717],[-118.261,33.725],[-118.259,33.729],[-118.244,33.734],[-118.249,33.749],[-118.254,33.746],[-118.251,33.736],[-118.269,33.729],[-118.271,33.74],[-118.268,33.747],[-118.255,33.758],[-118.235,33.763]]]]}},{"type":"Feature","properties":{"kind":"admin1","iso":"US","region":"Colorado","name":"Colorado"},"geometry":{"type":"Polygon","coordinates":[[[-109.046,41],[-102.052,41],[-102.051,40],[-102.04,37],[-109.047,37],[-109.046,41]]]}},{"type":"Feature","properties":{"kind":"admin1","iso":"US","region":"District of Columbia","name":"District of Columbia"},"geometry":{"type":"Polygon","coordinates":[[[-77.023,38.803],[-77.027,38.82],[-77.016,38.854],[-77.026,38.873],[-77.05,38.888],[-77.06,38.899],[-77.097,38.908],[-77.12,38.934],[-77.042,38.996],[-76.909,38.893],[-77.023,38.803]]]}},{"type":"Feature","properties":{"kind":"admin1","iso":"US","region":"Florida","name":"Florida"},"geometry":{"type":"MultiPolygon","coordinates":[[[[-87.447,30.313],[-87.482,30.326],[-87.47,30.33],[-87.433,30.332],[-87.421,30.34],[-87.414,30.35],[-87.415,30.36],[-87.427,30.368],[-87.427,30.375],[-87.397,30.405],[-87.379,30.417],[-87.355,30.422],[-87.346,30.428],[-87.345,30.44],[-87.35,30.454],[-87.359,30.463],[-87.387,30.463],[-87.42,30.48],[-87.439,30.529],[-87.44,30.549],[-87.419,30.584],[-87.411,30.611],[-87.405,30.645],[-87.405,30.67],[-87.417,30.68],[-87.511,30.732],[-87.552,30.79],[-87.6,30.831],[-87.625,30.865],[-87.624,30.885],[-87.598,30.939],[-87.6,30.986],[-87.594,31],[-85.007,31],[-85.008,30.984],[-84.98,30.964],[-84.966,30.923],[-84.958,30.915],[-84.944,30.892],[-84.937,30.868],[-84.935,30.826],[-84.92,30.76],[-84.876,30.719],[-82.24,30.565],[-82.238,30.56],[-82.246,30.543],[-82.245,30.535],[-82.216,30.5],[-82.206,30.481],[-82.207,30.466],[-82.214,30.439],[-82.213,30.42],[-82.192,30.374],[-82.183,30.367],[-82.166,30.365],[-82.12,30.369],[-82.085,30.363],[-82.058,30.369],[-82.049,30.375],[-82.046,30.39],[-82.048,30.425],[-82.025,30.5],[-82.011,30.578],[-82.014,30.593],[-82.037,30.624],[-82.047,30.65],[-82.047,30.667],[-82.039,30.702],[-82.041,30.737],[-82.035,30.749],[-82.02,30.764],[-82.014,30.784],[-81.981,30.783],[-81.974,30.791],[-81.97,30.811],[-81.962,30.818],[-81.946,30.821],[-81.909,30.819],[-81.873,30.799],[-81.782,30.766],[-81.75,30.763],[-81.724,30.747],[-81.66,30.728],[-81.632,30.729],[-81.609,30.717],[-81.567,30.709],[-81.525,30.718],[-81.5,30.712],[-81.499,30.704],[-81.476,30.696],[-81.448,30.703],[-81.44,30.701],[-81.438,30.691],[-81.429,30.682],[-81.438,30.638],[-81.442,30.553],[-81.438,30.524],[-81.454,30.534],[-81.462,30.549],[-81.467,30.6],[-81.48,30.618],[-81.489,30.621],[-81.498,30.618],[-81.5,30.609],[-81.5,30.551],[-81.493,30.537],[-81.476,30.532],[-81.475,30.528],[-81.448,30.508],[-81.43,30.477],[-81.415,30.466],[-81.41,30.456],[-81.406,30.444],[-81.41,30.411],[-81.393,30.394],[-81.389,30.384],[-81.396,30.34],[-81.395,30.299],[-81.363,30.189],[-81.354,30.171],[-81.328,30.053],[-81.288,29.926],[-81.294,29.894],[-81.288,29.893],[-81.279,29.9],[-81.274,29.89],[-81.262,29.839],[-81.256,29.789],[-81.239,29.737],[-81.21,29.667],[-81.189,29.624],[-81.178,29.586],[-81.072,29.363],[-80.963,29.152],[-80.932,29.101],[-80.915,29.087],[-80.922,29.068],[-80.892,29.046],[-80.878,29.008],[-80.743,28.807],[-80.68,28.717],[-80.627,28.651],[-80.568,28.558],[-80.543,28.492],[-80.528,28.473],[-80.54,28.452],[-80.558,28.433],[-80.568,28.432],[-80.575,28.418],[-80.594,28.402],[-80.595,28.304],[-80.602,28.291],[-80.594,28.284],[-80.597,28.263],[-80.592,28.208],[-80.571,28.106],[-80.557,28.078],[-80.553,28.062],[-80.532,28.019],[-80.452,27.909],[-80.451,27.866],[-80.482,27.924],[-80.512,27.955],[-80.522,27.99],[-80.581,28.085],[-80.611,28.165],[-80.62,28.207],[-80.618,28.379],[-80.588,28.506],[-80.587,28.545],[-80.594,28.585],[-80.6,28.6],[-80.609,28.61],[-80.623,28.615],[-80.643,28.613],[-80.657,28.621],[-80.663,28.621],[-80.663,28.599],[-80.675,28.596],[-80.748,28.605],[-80.766,28.612],[-80.78,28.627],[-80.784,28.642],[-80.784,28.661],[-80.78,28.681],[-80.773,28.695],[-80.766,28.689],[-80.757,28.704],[-80.749,28.724],[-80.752,28.742],[-80.795,28.756],[-80.829,28.783],[-80.848,28.791],[-80.832,28.699],[-80.821,28.675],[-80.821,28.668],[-80.828,28.661],[-80.797,28.608],[-80.79,28.548],[-80.766,28.451],[-80.738,28.373],[-80.709,28.32],[-80.701,28.297],[-80.381,27.666],[-80.345,27.515],[-80.198,27.196],[-80.197,27.18],[-80.206,27.2],[-80.217,27.209],[-80.257,27.219],[-80.28,27.229],[-80.301,27.243],[-80.314,27.243],[-80.283,27.208],[-80.26,27.197],[-80.252,27.194],[-80.221,27.202],[-80.183,27.164],[-80.177,27.151],[-80.149,27.138],[-80.139,27.108],[-80.115,27.064],[-80.095,27.01],[-80.076,26.973],[-80.074,26.961],[-80.081,26.95],[-80.115,26.941],[-80.115,26.935],[-80.08,26.924],[-80.071,26.917],[-80.064,26.907],[-80.038,26.811],[-80.038,26.784],[-80.054,26.77],[-80.054,26.762],[-80.041,26.746],[-80.035,26.715],[-80.032,26.587],[-80.038,26.559],[-80.054,26.557],[-80.062,26.421],[-80.072,26.39],[-80.073,26.341],[-80.075,26.324],[-80.081,26.31],[-80.078,26.288],[-80.103,26.14],[-80.112,26.11],[-80.129,26.099],[-80.129,26.091],[-80.113,26.069],[-80.129,25.775],[-80.136,25.775],[-80.136,25.817],[-80.129,25.862],[-80.129,25.888],[-80.132,25.901],[-80.141,25.901],[-80.177,25.858],[-80.183,25.822],[-80.195,25.796],[-80.196,25.754],[-80.211,25.735],[-80.241,25.73],[-80.252,25.721],[-80.255,25.711],[-80.257,25.687],[-80.278,25.644],[-80.307,25.618],[-80.31,25.599],[-80.311,25.55],[-80.317,25.533],[-80.334,25.512],[-80.342,25.494],[-80.344,25.475],[-80.341,25.454],[-80.326,25.439],[-80.341,25.406],[-80.313,25.383],[-80.314,25.371],[-80.351,25.342],[-80.396,25.295],[-80.406,25.27],[-80.423,25.252],[-80.427,25.222],[-80.402,25.196],[-80.402,25.186],[-80.418,25.197],[-80.437,25.223],[-80.451,25.228],[-80.451,25.243],[-80.466,25.242],[-80.486,25.233],[-80.499,25.22],[-80.477,25.219],[-80.459,25.209],[-80.447,25.194],[-80.443,25.173],[-80.451,25.173],[-80.454,25.195],[-80.469,25.208],[-80.489,25.21],[-80.506,25.201],[-80.514,25.213],[-80.526,25.22],[-80.52,25.231],[-80.506,25.235],[-80.512,25.248],[-80.565,25.246],[-80.581,25.241],[-80.607,25.189],[-80.622,25.194],[-80.617,25.196],[-80.615,25.201],[-80.651,25.193],[-80.657,25.19],[-80.651,25.168],[-80.657,25.159],[-80.663,25.159],[-80.678,25.168],[-80.691,25.163],[-80.711,25.145],[-80.74,25.144],[-80.756,25.149],[-80.766,25.159],[-80.773,25.145],[-80.794,25.159],[-80.8,25.148],[-80.805,25.149],[-80.814,25.152],[-80.811,25.168],[-80.84,25.173],[-80.855,25.186],[-80.887,25.168],[-80.91,25.145],[-80.967,25.142],[-81,25.135],[-81.04,25.132],[-81.087,25.121],[-81.102,25.125],[-81.149,25.166],[-81.177,25.228],[-81.176,25.259],[-81.165,25.298],[-81.148,25.331],[-81.13,25.344],[-81.136,25.33],[-81.124,25.328],[-81.102,25.312],[-81.078,25.273],[-80.985,25.235],[-80.985,25.228],[-81.006,25.22],[-81.006,25.214],[-80.988,25.208],[-80.966,25.207],[-80.945,25.212],[-80.927,25.224],[-80.917,25.246],[-80.924,25.264],[-80.981,25.318],[-80.999,25.327],[-81.034,25.332],[-81.057,25.344],[-81.095,25.351],[-81.141,25.385],[-81.149,25.395],[-81.157,25.436],[-81.171,25.475],[-81.203,25.508],[-81.215,25.528],[-81.19,25.545],[-81.186,25.553],[-81.188,25.56],[-81.197,25.564],[-81.22,25.559],[-81.232,25.564],[-81.246,25.618],[-81.267,25.653],[-81.266,25.667],[-81.275,25.675],[-81.28,25.704],[-81.322,25.708],[-81.34,25.743],[-81.345,25.749],[-81.357,25.753],[-81.348,25.765],[-81.322,25.783],[-81.348,25.817],[-81.396,25.852],[-81.451,25.866],[-81.486,25.899],[-81.499,25.887],[-81.51,25.891],[-81.521,25.901],[-81.564,25.92],[-81.588,25.907],[-81.584,25.914],[-81.588,25.926],[-81.596,25.924],[-81.607,25.927],[-81.617,25.936],[-81.623,25.947],[-81.633,25.94],[-81.64,25.926],[-81.65,25.92],[-81.674,25.92],[-81.684,25.925],[-81.691,25.934],[-81.698,25.92],[-81.706,25.914],[-81.705,25.907],[-81.718,25.908],[-81.732,25.92],[-81.743,25.957],[-81.729,25.963],[-81.694,25.94],[-81.685,25.945],[-81.675,25.956],[-81.664,25.981],[-81.702,25.979],[-81.711,25.981],[-81.722,25.989],[-81.732,26.001],[-81.734,26.013],[-81.726,26.022],[-81.754,26.042],[-81.77,26.068],[-81.787,26.14],[-81.794,26.12],[-81.793,26.099],[-81.801,26.099],[-81.819,26.17],[-81.828,26.249],[-81.821,26.29],[-81.852,26.342],[-81.856,26.359],[-81.849,26.359],[-81.849,26.352],[-81.842,26.352],[-81.844,26.414],[-81.856,26.449],[-81.883,26.496],[-81.878,26.456],[-81.887,26.445],[-81.903,26.455],[-81.924,26.455],[-81.978,26.482],[-81.992,26.476],[-82,26.482],[-82.006,26.475],[-82.009,26.485],[-82.006,26.514],[-82,26.523],[-81.996,26.523],[-81.989,26.512],[-81.982,26.509],[-81.974,26.51],[-81.938,26.535],[-81.912,26.559],[-81.893,26.586],[-81.897,26.611],[-81.842,26.663],[-81.838,26.672],[-81.829,26.681],[-81.818,26.685],[-81.808,26.68],[-81.798,26.687],[-81.785,26.703],[-81.78,26.715],[-81.819,26.697],[-81.838,26.695],[-81.855,26.688],[-81.907,26.643],[-81.918,26.627],[-81.952,26.544],[-81.993,26.529],[-81.993,26.544],[-82.027,26.528],[-82.039,26.528],[-82.055,26.544],[-82.063,26.561],[-82.056,26.588],[-82.055,26.611],[-82.06,26.629],[-82.082,26.68],[-82.081,26.703],[-82.057,26.819],[-82.055,26.841],[-82.057,26.866],[-82.065,26.875],[-82.078,26.881],[-82.098,26.897],[-82.097,26.909],[-82.028,26.95],[-81.996,26.958],[-81.978,26.996],[-81.995,26.992],[-82.017,26.973],[-82.093,26.956],[-82.116,26.961],[-82.12,26.945],[-82.145,26.94],[-82.155,26.928],[-82.184,26.955],[-82.181,26.972],[-82.207,26.962],[-82.222,26.965],[-82.242,26.996],[-82.253,27.007],[-82.274,27.016],[-82.259,26.989],[-82.23,26.957],[-82.219,26.948],[-82.212,26.955],[-82.201,26.944],[-82.187,26.913],[-82.176,26.899],[-82.16,26.862],[-82.15,26.803],[-82.157,26.79],[-82.166,26.786],[-82.169,26.814],[-82.178,26.825],[-82.184,26.814],[-82.198,26.803],[-82.215,26.817],[-82.223,26.812],[-82.236,26.812],[-82.253,26.825],[-82.284,26.831],[-82.314,26.849],[-82.343,26.935],[-82.37,26.961],[-82.367,26.946],[-82.354,26.922],[-82.349,26.907],[-82.37,26.92],[-82.377,26.94],[-82.467,27.102],[-82.477,27.138],[-82.501,27.179],[-82.507,27.202],[-82.502,27.19],[-82.493,27.18],[-82.496,27.211],[-82.503,27.222],[-82.513,27.229],[-82.513,27.215],[-82.521,27.215],[-82.533,27.237],[-82.562,27.276],[-82.562,27.298],[-82.548,27.284],[-82.541,27.284],[-82.542,27.309],[-82.563,27.347],[-82.574,27.395],[-82.588,27.408],[-82.607,27.417],[-82.645,27.443],[-82.683,27.449],[-82.698,27.455],[-82.71,27.469],[-82.729,27.515],[-82.733,27.531],[-82.726,27.531],[-82.705,27.49],[-82.668,27.472],[-82.657,27.462],[-82.645,27.477],[-82.644,27.496],[-82.658,27.492],[-82.665,27.492],[-82.678,27.503],[-82.661,27.52],[-82.636,27.514],[-82.611,27.502],[-82.589,27.503],[-82.61,27.517],[-82.637,27.524],[-82.621,27.531],[-82.592,27.538],[-82.579,27.547],[-82.572,27.56],[-82.588,27.557],[-82.623,27.544],[-82.615,27.556],[-82.603,27.553],[-82.589,27.565],[-82.596,27.578],[-82.575,27.591],[-82.557,27.63],[-82.544,27.65],[-82.517,27.67],[-82.51,27.689],[-82.486,27.701],[-82.466,27.736],[-82.438,27.753],[-82.398,27.796],[-82.39,27.811],[-82.393,27.834],[-82.412,27.876],[-82.422,27.917],[-82.434,27.929],[-82.451,27.931],[-82.472,27.92],[-82.481,27.908],[-82.485,27.893],[-82.486,27.856],[-82.478,27.831],[-82.483,27.821],[-82.527,27.825],[-82.54,27.844],[-82.541,27.869],[-82.535,27.917],[-82.541,27.943],[-82.559,27.956],[-82.585,27.961],[-82.616,27.961],[-82.616,27.969],[-82.596,27.976],[-82.596,27.983],[-82.624,27.997],[-82.636,28.006],[-82.644,28.017],[-82.651,28.017],[-82.651,28.003],[-82.691,28.038],[-82.678,28.006],[-82.69,27.971],[-82.644,27.969],[-82.657,27.956],[-82.703,27.945],[-82.719,27.928],[-82.68,27.914],[-82.643,27.895],[-82.605,27.881],[-82.562,27.886],[-82.603,27.863],[-82.596,27.83],[-82.596,27.818],[-82.6,27.808],[-82.616,27.788],[-82.63,27.75],[-82.623,27.734],[-82.627,27.716],[-82.638,27.701],[-82.654,27.695],[-82.672,27.695],[-82.685,27.701],[-82.688,27.736],[-82.709,27.738],[-82.722,27.745],[-82.757,27.788],[-82.815,27.832],[-82.819,27.818],[-82.811,27.804],[-82.751,27.747],[-82.739,27.729],[-82.718,27.672],[-82.719,27.66],[-82.731,27.662],[-82.743,27.68],[-82.754,27.719],[-82.767,27.752],[-82.829,27.805],[-82.842,27.829],[-82.854,27.87],[-82.856,27.89],[-82.852,27.908],[-82.843,27.925],[-82.822,27.948],[-82.838,27.918],[-82.841,27.901],[-82.836,27.886],[-82.802,27.967],[-82.78,28.058],[-82.776,28.097],[-82.767,28.106],[-82.782,28.135],[-82.788,28.161],[-82.787,28.194],[-82.783,28.207],[-82.774,28.202],[-82.76,28.215],[-82.746,28.256],[-82.717,28.298],[-82.719,28.311],[-82.733,28.305],[-82.697,28.389],[-82.685,28.401],[-82.686,28.414],[-82.664,28.448],[-82.663,28.502],[-82.651,28.544],[-82.647,28.63],[-82.637,28.647],[-82.644,28.663],[-82.644,28.671],[-82.632,28.688],[-82.632,28.695],[-82.637,28.712],[-82.637,28.746],[-82.64,28.755],[-82.654,28.756],[-82.662,28.773],[-82.682,28.796],[-82.685,28.805],[-82.671,28.82],[-82.655,28.812],[-82.63,28.784],[-82.639,28.825],[-82.631,28.873],[-82.634,28.888],[-82.644,28.9],[-82.67,28.905],[-82.685,28.913],[-82.727,28.959],[-82.732,28.976],[-82.726,28.997],[-82.749,29.002],[-82.755,29.01],[-82.747,29.03],[-82.746,29.065],[-82.783,29.091],[-82.795,29.108],[-82.774,29.12],[-82.791,29.127],[-82.798,29.139],[-82.801,29.175],[-82.829,29.161],[-82.849,29.182],[-82.869,29.17],[-82.892,29.17],[-82.932,29.188],[-82.986,29.182],[-83.011,29.175],[-83.024,29.175],[-83.041,29.18],[-83.046,29.204],[-83.052,29.209],[-83.066,29.212],[-83.074,29.218],[-83.073,29.227],[-83.062,29.237],[-83.085,29.272],[-83.132,29.287],[-83.158,29.305],[-83.164,29.322],[-83.165,29.343],[-83.185,29.374],[-83.216,29.411],[-83.253,29.442],[-83.278,29.439],[-83.306,29.458],[-83.356,29.511],[-83.367,29.509],[-83.405,29.532],[-83.4,29.541],[-83.401,29.555],[-83.412,29.579],[-83.401,29.591],[-83.395,29.611],[-83.393,29.634],[-83.397,29.655],[-83.409,29.667],[-83.466,29.682],[-83.494,29.702],[-83.528,29.716],[-83.544,29.728],[-83.577,29.765],[-83.593,29.826],[-83.612,29.837],[-83.625,29.864],[-83.662,29.899],[-83.681,29.921],[-83.724,29.95],[-83.754,29.96],[-83.788,29.99],[-83.812,29.985],[-83.856,30.002],[-83.951,30.054],[-84.024,30.107],[-84.044,30.105],[-84.076,30.093],[-84.148,30.088],[-84.178,30.073],[-84.188,30.094],[-84.203,30.106],[-84.209,30.107],[-84.216,30.105],[-84.221,30.096],[-84.227,30.093],[-84.248,30.093],[-84.25,30.098],[-84.261,30.1],[-84.27,30.093],[-84.285,30.066],[-84.329,30.066],[-84.364,30.049],[-84.371,30.04],[-84.371,30.024],[-84.384,30.032],[-84.391,30.024],[-84.387,30.014],[-84.391,30.004],[-84.384,29.99],[-84.371,30.004],[-84.344,29.974],[-84.346,29.97],[-84.419,29.99],[-84.438,30.001],[-84.454,30.005],[-84.466,29.99],[-84.45,29.989],[-84.445,29.968],[-84.436,29.963],[-84.374,29.956],[-84.343,29.947],[-84.336,29.925],[-84.349,29.902],[-84.377,29.887],[-84.364,29.902],[-84.364,29.908],[-84.401,29.919],[-84.443,29.922],[-84.497,29.912],[-84.508,29.922],[-84.563,29.894],[-84.604,29.865],[-84.653,29.853],[-84.683,29.834],[-84.734,29.792],[-84.746,29.786],[-84.788,29.779],[-84.828,29.754],[-84.847,29.751],[-84.875,29.733],[-84.887,29.73],[-84.891,29.747],[-84.857,29.798],[-84.873,29.805],[-84.899,29.79],[-84.928,29.778],[-84.946,29.753],[-84.971,29.75],[-84.991,29.723],[-85.004,29.716],[-85.084,29.723],[-85.124,29.722],[-85.241,29.689],[-85.308,29.693],[-85.346,29.678],[-85.366,29.686],[-85.382,29.702],[-85.392,29.716],[-85.411,29.8],[-85.413,29.851],[-85.398,29.874],[-85.396,29.864],[-85.398,29.795],[-85.396,29.772],[-85.389,29.749],[-85.378,29.728],[-85.351,29.693],[-85.344,29.689],[-85.33,29.689],[-85.321,29.693],[-85.302,29.712],[-85.306,29.716],[-85.307,29.728],[-85.302,29.798],[-85.312,29.82],[-85.344,29.856],[-85.357,29.889],[-85.371,29.907],[-85.405,29.935],[-85.52,29.982],[-85.549,30.004],[-85.558,30.016],[-85.563,30.032],[-85.555,30.032],[-85.544,30.015],[-85.523,29.997],[-85.5,29.984],[-85.48,29.984],[-85.608,30.074],[-85.621,30.08],[-85.671,30.123],[-85.68,30.134],[-85.672,30.136],[-85.611,30.127],[-85.611,30.108],[-85.546,30.091],[-85.529,30.076],[-85.513,30.055],[-85.478,30.033],[-85.442,30.02],[-85.418,30.036],[-85.39,30.045],[-85.395,30.056],[-85.402,30.059],[-85.426,30.059],[-85.431,30.063],[-85.431,30.071],[-85.44,30.066],[-85.452,30.044],[-85.462,30.035],[-85.477,30.042],[-85.486,30.058],[-85.484,30.092],[-85.488,30.107],[-85.506,30.099],[-85.513,30.108],[-85.509,30.124],[-85.495,30.134],[-85.495,30.141],[-85.513,30.139],[-85.544,30.128],[-85.563,30.134],[-85.57,30.114],[-85.605,30.137],[-85.628,30.145],[-85.645,30.141],[-85.653,30.152],[-85.697,30.174],[-85.721,30.196],[-85.699,30.207],[-85.657,30.252],[-85.642,30.254],[-85.618,30.246],[-85.579,30.286],[-85.555,30.285],[-85.568,30.309],[-85.577,30.321],[-85.587,30.326],[-85.597,30.318],[-85.621,30.282],[-85.639,30.271],[-85.643,30.285],[-85.655,30.284],[-85.695,30.266],[-85.709,30.247],[-85.721,30.25],[-85.72,30.268],[-85.755,30.319],[-85.766,30.302],[-85.778,30.294],[-85.826,30.287],[-85.844,30.278],[-85.854,30.265],[-85.847,30.247],[-85.832,30.236],[-85.786,30.244],[-85.767,30.241],[-85.756,30.232],[-85.734,30.209],[-85.749,30.19],[-85.741,30.178],[-85.706,30.155],[-85.714,30.141],[-85.726,30.152],[-85.734,30.15],[-85.721,30.134],[-85.744,30.139],[-85.864,30.216],[-86.066,30.306],[-86.365,30.381],[-86.485,30.393],[-86.511,30.408],[-86.509,30.415],[-86.493,30.41],[-86.413,30.408],[-86.347,30.395],[-86.335,30.4],[-86.316,30.436],[-86.312,30.436],[-86.298,30.413],[-86.287,30.405],[-86.242,30.395],[-86.229,30.406],[-86.226,30.412],[-86.258,30.423],[-86.261,30.43],[-86.248,30.436],[-86.234,30.434],[-86.193,30.408],[-86.145,30.396],[-86.117,30.379],[-86.108,30.387],[-86.107,30.401],[-86.114,30.408],[-86.115,30.413],[-86.146,30.442],[-86.151,30.457],[-86.139,30.467],[-86.138,30.483],[-86.164,30.472],[-86.182,30.469],[-86.195,30.478],[-86.207,30.505],[-86.223,30.492],[-86.243,30.491],[-86.286,30.497],[-86.368,30.483],[-86.382,30.478],[-86.408,30.461],[-86.426,30.463],[-86.44,30.476],[-86.435,30.491],[-86.413,30.518],[-86.446,30.516],[-86.454,30.511],[-86.46,30.5],[-86.47,30.502],[-86.488,30.524],[-86.483,30.487],[-86.485,30.48],[-86.507,30.468],[-86.542,30.46],[-86.554,30.446],[-86.567,30.442],[-86.59,30.445],[-86.591,30.425],[-86.602,30.418],[-86.68,30.422],[-86.761,30.415],[-86.783,30.422],[-86.805,30.413],[-86.833,30.409],[-86.889,30.408],[-87.045,30.39],[-87.144,30.366],[-87.194,30.36],[-87.19,30.371],[-87.184,30.376],[-87.138,30.393],[-87.078,30.407],[-87.023,30.407],[-87.005,30.41],[-86.94,30.456],[-86.894,30.439],[-86.892,30.45],[-86.905,30.462],[-86.925,30.47],[-86.964,30.477],[-86.973,30.481],[-86.991,30.505],[-87.009,30.507],[-87.014,30.511],[-87.015,30.521],[-87.009,30.535],[-86.995,30.546],[-86.961,30.56],[-86.968,30.573],[-86.987,30.563],[-87.008,30.596],[-87.03,30.607],[-87.02,30.59],[-87.021,30.58],[-87.06,30.495],[-87.068,30.461],[-87.077,30.45],[-87.093,30.449],[-87.098,30.461],[-87.097,30.477],[-87.091,30.491],[-87.098,30.504],[-87.101,30.522],[-87.11,30.536],[-87.131,30.538],[-87.125,30.56],[-87.142,30.562],[-87.154,30.581],[-87.166,30.587],[-87.181,30.585],[-87.184,30.574],[-87.18,30.542],[-87.176,30.53],[-87.157,30.505],[-87.153,30.487],[-87.157,30.475],[-87.18,30.436],[-87.187,30.436],[-87.194,30.442],[-87.202,30.419],[-87.222,30.413],[-87.244,30.411],[-87.263,30.401],[-87.265,30.392],[-87.262,30.367],[-87.266,30.357],[-87.275,30.353],[-87.31,30.347],[-87.307,30.329],[-87.329,30.32],[-87.446,30.298],[-87.447,30.313]]],[[[-81.746,24.576],[-81.737,24.57],[-81.732,24.556],[-81.741,24.561],[-81.746,24.57],[-81.748,24.564],[-81.753,24.57],[-81.76,24.556],[-81.769,24.55],[-81.815,24.543],[-81.81,24.558],[-81.802,24.56],[-81.78,24.556],[-81.753,24.576],[-81.746,24.576]]],[[[-81.705,24.598],[-81.696,24.591],[-81.657,24.598],[-81.65,24.576],[-81.726,24.556],[-81.711,24.57],[-81.711,24.576],[-81.718,24.586],[-81.716,24.592],[-81.711,24.598],[-81.705,24.598]]],[[[-81.506,24.639],[-81.506,24.631],[-81.531,24.615],[-81.565,24.602],[-81.636,24.584],[-81.636,24.59],[-81.617,24.605],[-81.606,24.61],[-81.595,24.604],[-81.567,24.618],[-81.555,24.631],[-81.569,24.64],[-81.581,24.652],[-81.552,24.644],[-81.539,24.636],[-81.533,24.624],[-81.527,24.624],[-81.522,24.638],[-81.526,24.648],[-81.536,24.653],[-81.555,24.652],[-81.555,24.659],[-81.549,24.665],[-81.551,24.669],[-81.567,24.672],[-81.561,24.693],[-81.555,24.693],[-81.555,24.688],[-81.547,24.686],[-81.506,24.639]]],[[[-81.088,24.686],[-81.093,24.701],[-81.104,24.707],[-81.136,24.707],[-81.061,24.731],[-81.04,24.734],[-81.044,24.724],[-81.067,24.716],[-81.076,24.709],[-81.088,24.686]]],[[[-81.43,24.755],[-81.388,24.727],[-81.355,24.686],[-81.341,24.647],[-81.363,24.631],[-81.364,24.661],[-81.43,24.755]]],[[[-80.924,24.769],[-80.932,24.764],[-80.944,24.762],[-80.959,24.749],[-81.033,24.721],[-80.956,24.769],[-80.924,24.775],[-80.924,24.769]]],[[[-80.8,24.844],[-80.802,24.827],[-80.8,24.825],[-80.794,24.831],[-80.787,24.831],[-80.787,24.826],[-80.802,24.81],[-80.818,24.806],[-80.855,24.803],[-80.845,24.814],[-80.8,24.844]]],[[[-80.321,25.248],[-80.353,25.206],[-80.366,25.181],[-80.361,25.159],[-80.443,25.086],[-80.454,25.081],[-80.465,25.084],[-80.48,25.05],[-80.488,25.039],[-80.519,25.015],[-80.556,24.971],[-80.579,24.95],[-80.598,24.95],[-80.604,24.961],[-80.568,24.974],[-80.556,25.009],[-80.55,25.015],[-80.534,25.017],[-80.526,25.022],[-80.512,25.043],[-80.488,25.067],[-80.481,25.078],[-80.484,25.091],[-80.463,25.094],[-80.452,25.099],[-80.443,25.111],[-80.449,25.122],[-80.437,25.119],[-80.433,25.13],[-80.439,25.14],[-80.45,25.144],[-80.465,25.138],[-80.459,25.156],[-80.413,25.147],[-80.394,25.191],[-80.357,25.227],[-80.348,25.248],[-80.35,25.263],[-80.365,25.275],[-80.369,25.286],[-80.363,25.292],[-80.331,25.3],[-80.317,25.307],[-80.291,25.343],[-80.273,25.353],[-80.252,25.344],[-80.258,25.335],[-80.273,25.324],[-80.291,25.283],[-80.321,25.248]]],[[[-80.19,25.481],[-80.194,25.459],[-80.203,25.437],[-80.217,25.415],[-80.231,25.403],[-80.238,25.406],[-80.224,25.416],[-80.216,25.432],[-80.2,25.49],[-80.197,25.495],[-80.188,25.498],[-80.187,25.493],[-80.19,25.481]]],[[[-80.163,25.673],[-80.176,25.673],[-80.182,25.681],[-80.18,25.692],[-80.17,25.701],[-80.183,25.708],[-80.183,25.714],[-80.17,25.723],[-80.163,25.735],[-80.156,25.735],[-80.158,25.679],[-80.163,25.673]]],[[[-82.129,26.461],[-82.096,26.455],[-82.077,26.456],[-82.068,26.468],[-82.027,26.447],[-82.046,26.444],[-82.071,26.425],[-82.088,26.42],[-82.104,26.423],[-82.164,26.454],[-82.184,26.473],[-82.191,26.488],[-82.201,26.52],[-82.205,26.55],[-82.191,26.537],[-82.176,26.495],[-82.164,26.48],[-82.149,26.469],[-82.129,26.461]]],[[[-82.26,26.701],[-82.246,26.695],[-82.245,26.671],[-82.229,26.634],[-82.225,26.611],[-82.248,26.654],[-82.26,26.701]]],[[[-82.137,26.585],[-82.132,26.61],[-82.178,26.701],[-82.164,26.701],[-82.144,26.695],[-82.125,26.676],[-82.114,26.654],[-82.123,26.619],[-82.088,26.56],[-82.081,26.509],[-82.082,26.492],[-82.095,26.496],[-82.109,26.516],[-82.124,26.565],[-82.137,26.585]]],[[[-82.274,26.803],[-82.263,26.78],[-82.258,26.759],[-82.259,26.737],[-82.266,26.715],[-82.275,26.736],[-82.278,26.785],[-82.288,26.803],[-82.278,26.81],[-82.274,26.803]]],[[[-82.657,27.397],[-82.677,27.422],[-82.681,27.434],[-82.654,27.42],[-82.63,27.38],[-82.593,27.34],[-82.589,27.324],[-82.607,27.337],[-82.649,27.381],[-82.657,27.397]]],[[[-80.389,27.719],[-80.391,27.727],[-80.41,27.756],[-80.438,27.83],[-80.451,27.852],[-80.445,27.857],[-80.437,27.86],[-80.437,27.855],[-80.43,27.846],[-80.422,27.805],[-80.402,27.764],[-80.361,27.701],[-80.347,27.664],[-80.338,27.607],[-80.167,27.197],[-80.163,27.174],[-80.177,27.202],[-80.198,27.224],[-80.208,27.263],[-80.269,27.382],[-80.273,27.397],[-80.293,27.417],[-80.294,27.43],[-80.307,27.462],[-80.348,27.612],[-80.373,27.657],[-80.378,27.686],[-80.389,27.719]]],[[[-80.636,28.181],[-80.641,28.204],[-80.649,28.223],[-80.629,28.181],[-80.636,28.181]]],[[[-80.677,28.579],[-80.656,28.593],[-80.643,28.598],[-80.629,28.599],[-80.612,28.569],[-80.618,28.538],[-80.65,28.475],[-80.658,28.437],[-80.664,28.315],[-80.67,28.288],[-80.668,28.276],[-80.651,28.24],[-80.65,28.225],[-80.665,28.253],[-80.7,28.348],[-80.715,28.37],[-80.72,28.388],[-80.728,28.469],[-80.737,28.485],[-80.74,28.517],[-80.732,28.545],[-80.711,28.544],[-80.705,28.561],[-80.699,28.568],[-80.677,28.579]]],[[[-85.142,29.641],[-85.15,29.644],[-85.172,29.669],[-85.202,29.681],[-85.213,29.689],[-85.172,29.683],[-85.153,29.685],[-85.138,29.696],[-85.086,29.686],[-85.084,29.675],[-85.096,29.662],[-85.109,29.634],[-85.12,29.634],[-85.142,29.641]]],[[[-84.737,29.736],[-84.724,29.74],[-84.705,29.758],[-84.693,29.764],[-84.693,29.757],[-84.707,29.748],[-84.706,29.744],[-84.729,29.736],[-84.788,29.696],[-84.888,29.658],[-84.909,29.642],[-84.969,29.612],[-84.991,29.606],[-85.049,29.606],[-85.071,29.612],[-85.097,29.627],[-85.081,29.624],[-85.054,29.609],[-85.032,29.611],[-84.987,29.62],[-84.775,29.71],[-84.768,29.722],[-84.75,29.725],[-84.737,29.736]]],[[[-84.617,29.805],[-84.593,29.819],[-84.584,29.822],[-84.576,29.82],[-84.586,29.8],[-84.609,29.789],[-84.665,29.779],[-84.657,29.787],[-84.617,29.805]]],[[[-86.694,30.408],[-86.659,30.416],[-86.522,30.401],[-86.54,30.395],[-86.563,30.401],[-87.241,30.326],[-87.296,30.332],[-87.278,30.338],[-87.197,30.34],[-87.081,30.357],[-87.023,30.375],[-86.952,30.374],[-86.891,30.393],[-86.831,30.394],[-86.724,30.406],[-86.701,30.415],[-86.694,30.408]]],[[[-82.118,24.556],[-82.114,24.557],[-82.129,24.551],[-82.128,24.554],[-82.118,24.556]]],[[[-82.12,24.585],[-82.135,24.593],[-82.146,24.593],[-82.132,24.598],[-82.119,24.595],[-82.11,24.586],[-82.108,24.575],[-82.11,24.565],[-82.12,24.585]]],[[[-81.424,24.655],[-81.418,24.659],[-81.411,24.655],[-81.415,24.648],[-81.424,24.655]]],[[[-81.265,24.671],[-81.26,24.672],[-81.258,24.668],[-81.276,24.656],[-81.277,24.658],[-81.265,24.671]]],[[[-81.448,24.681],[-81.439,24.66],[-81.441,24.651],[-81.447,24.651],[-81.461,24.664],[-81.462,24.671],[-81.454,24.678],[-81.457,24.678],[-81.455,24.681],[-81.448,24.681]]],[[[-81.482,24.683],[-81.478,24.654],[-81.481,24.65],[-81.491,24.662],[-81.511,24.661],[-81.52,24.674],[-81.515,24.698],[-81.493,24.692],[-81.482,24.683]]],[[[-81.329,24.703],[-81.321,24.694],[-81.316,24.68],[-81.318,24.675],[-81.335,24.69],[-81.341,24.7],[-81.337,24.704],[-81.329,24.703]]],[[[-80.701,24.881],[-80.699,24.876],[-80.711,24.864],[-80.734,24.85],[-80.738,24.851],[-80.73,24.863],[-80.701,24.881]]],[[[-80.625,24.936],[-80.619,24.942],[-80.618,24.936],[-80.626,24.924],[-80.647,24.905],[-80.657,24.901],[-80.625,24.936]]],[[[-81.047,25.309],[-81.043,25.307],[-81.04,25.297],[-81.052,25.278],[-81.059,25.274],[-81.067,25.277],[-81.075,25.289],[-81.078,25.302],[-81.073,25.31],[-81.06,25.312],[-81.047,25.309]]],[[[-81.089,25.339],[-81.086,25.327],[-81.091,25.313],[-81.122,25.337],[-81.117,25.342],[-81.109,25.338],[-81.089,25.339]]],[[[-81.38,25.821],[-81.373,25.816],[-81.371,25.81],[-81.388,25.806],[-81.4,25.795],[-81.4,25.792],[-81.418,25.809],[-81.425,25.811],[-81.433,25.805],[-81.44,25.804],[-81.44,25.842],[-81.43,25.851],[-81.412,25.843],[-81.38,25.821]]],[[[-81.453,25.826],[-81.46,25.823],[-81.48,25.848],[-81.495,25.849],[-81.503,25.855],[-81.508,25.852],[-81.512,25.836],[-81.512,25.84],[-81.52,25.849],[-81.517,25.86],[-81.474,25.872],[-81.465,25.866],[-81.458,25.85],[-81.451,25.832],[-81.453,25.826]]],[[[-81.676,25.901],[-81.663,25.897],[-81.66,25.887],[-81.677,25.861],[-81.696,25.866],[-81.702,25.878],[-81.709,25.884],[-81.711,25.89],[-81.708,25.899],[-81.676,25.901]]],[[[-81.541,25.89],[-81.534,25.879],[-81.546,25.854],[-81.548,25.857],[-81.548,25.882],[-81.559,25.889],[-81.561,25.895],[-81.558,25.903],[-81.546,25.902],[-81.539,25.895],[-81.543,25.893],[-81.541,25.89]]],[[[-82.666,28.734],[-82.667,28.722],[-82.674,28.714],[-82.678,28.714],[-82.682,28.721],[-82.696,28.726],[-82.696,28.729],[-82.686,28.73],[-82.689,28.732],[-82.689,28.735],[-82.683,28.738],[-82.666,28.734]]],[[[-82.696,28.764],[-82.692,28.773],[-82.698,28.782],[-82.695,28.788],[-82.68,28.785],[-82.673,28.777],[-82.674,28.767],[-82.682,28.76],[-82.697,28.761],[-82.696,28.764]]],[[[-83.038,29.145],[-83.03,29.14],[-83.05,29.132],[-83.058,29.136],[-83.058,29.15],[-83.05,29.156],[-83.038,29.145]]]]}},{"type":"Feature","properties":{"kind":"admin1","iso":"US","region":"Illinois","name":"Illinois"},"geometry":{"type":"Polygon","coordinates":[[[-90.585,38.878],[-90.627,38.89],[-90.658,38.921],[-90.703,38.995],[-90.698,39.008],[-90.699,39.024],[-90.705,39.041],[-90.719,39.066],[-90.703,39.101],[-90.707,39.112],[-90.724,39.134],[-90.73,39.146],[-90.73,39.201],[-90.737,39.22],[-90.774,39.279],[-90.797,39.303],[-90.82,39.32],[-91.051,39.452],[-91.066,39.464],[-91.077,39.499],[-91.089,39.518],[-91.104,39.533],[-91.355,39.711],[-91.375,39.736],[-91.387,39.769],[-91.391,39.804],[-91.398,39.814],[-91.425,39.834],[-91.432,39.847],[-91.449,39.866],[-91.45,39.877],[-91.442,39.907],[-91.443,39.94],[-91.451,39.955],[-91.487,39.994],[-91.493,40.01],[-91.519,40.175],[-91.518,40.221],[-91.511,40.262],[-91.496,40.313],[-91.473,40.358],[-91.442,40.38],[-91.383,40.393],[-91.374,40.403],[-91.38,40.444],[-91.38,40.461],[-91.374,40.492],[-91.375,40.51],[-91.384,40.526],[-91.411,40.545],[-91.415,40.554],[-91.412,40.564],[-91.403,40.574],[-91.401,40.581],[-91.383,40.599],[-91.343,40.618],[-91.298,40.633],[-91.267,40.64],[-91.227,40.643],[-91.188,40.653],[-91.153,40.672],[-91.127,40.702],[-91.108,40.742],[-91.102,40.764],[-91.098,40.808],[-91.094,40.824],[-91.083,40.839],[-91.066,40.859],[-90.967,40.946],[-90.949,40.982],[-90.945,41.029],[-90.952,41.075],[-90.969,41.116],[-90.997,41.147],[-91.048,41.177],[-91.082,41.19],[-91.094,41.211],[-91.099,41.236],[-91.099,41.257],[-91.091,41.3],[-91.076,41.343],[-91.055,41.383],[-91.031,41.414],[-90.992,41.434],[-90.705,41.451],[-90.662,41.462],[-90.641,41.476],[-90.603,41.51],[-90.582,41.517],[-90.483,41.531],[-90.441,41.543],[-90.422,41.554],[-90.415,41.568],[-90.405,41.574],[-90.362,41.593],[-90.346,41.605],[-90.339,41.626],[-90.339,41.65],[-90.346,41.665],[-90.332,41.685],[-90.328,41.706],[-90.305,41.749],[-90.277,41.774],[-90.235,41.8],[-90.201,41.814],[-90.189,41.835],[-90.174,41.88],[-90.167,41.941],[-90.149,41.976],[-90.14,42.031],[-90.165,42.075],[-90.17,42.116],[-90.176,42.124],[-90.201,42.131],[-90.236,42.161],[-90.322,42.2],[-90.349,42.207],[-90.37,42.231],[-90.403,42.245],[-90.412,42.268],[-90.415,42.325],[-90.415,42.319],[-90.432,42.353],[-90.463,42.376],[-90.549,42.417],[-90.581,42.438],[-90.611,42.463],[-90.642,42.476],[-90.654,42.49],[-90.641,42.512],[-87.801,42.492],[-87.42,42.492],[-87.019,42.496],[-87.067,42.342],[-87.208,41.76],[-87.521,41.76],[-87.533,39.362],[-87.536,39.357],[-87.597,39.335],[-87.615,39.32],[-87.625,39.3],[-87.621,39.282],[-87.598,39.249],[-87.599,39.206],[-87.663,39.157],[-87.667,39.118],[-87.661,39.11],[-87.639,39.098],[-87.608,39.074],[-87.598,39.056],[-87.584,39.002],[-87.543,38.97],[-87.536,38.958],[-87.536,38.917],[-87.54,38.906],[-87.554,38.89],[-87.557,38.878],[-87.546,38.841],[-87.524,38.803],[-87.511,38.763],[-87.548,38.683],[-87.584,38.679],[-87.6,38.669],[-87.615,38.652],[-87.623,38.632],[-87.618,38.612],[-87.632,38.598],[-87.626,38.598],[-87.652,38.583],[-87.662,38.572],[-87.667,38.557],[-87.663,38.541],[-87.647,38.52],[-87.646,38.508],[-87.653,38.497],[-87.665,38.502],[-87.674,38.502],[-87.7,38.481],[-87.732,38.469],[-87.762,38.461],[-87.762,38.454],[-87.747,38.442],[-87.752,38.422],[-87.783,38.385],[-87.818,38.372],[-87.826,38.361],[-87.841,38.327],[-87.849,38.294],[-87.855,38.289],[-87.865,38.293],[-87.875,38.317],[-87.891,38.306],[-87.905,38.28],[-87.916,38.285],[-87.925,38.296],[-87.926,38.303],[-87.946,38.299],[-87.955,38.287],[-87.968,38.254],[-87.992,38.233],[-87.995,38.221],[-87.993,38.21],[-87.965,38.18],[-87.946,38.171],[-87.934,38.16],[-87.944,38.142],[-87.975,38.133],[-88.03,38.098],[-88.014,38.092],[-87.982,38.094],[-87.968,38.084],[-87.999,38.065],[-88.045,38.052],[-88.031,38.027],[-88.044,38.015],[-88.036,37.989],[-88.035,37.974],[-88.04,37.967],[-88.049,37.962],[-88.05,37.95],[-88.038,37.906],[-88.041,37.898],[-88.057,37.892],[-88.112,37.899],[-88.095,37.882],[-88.046,37.845],[-88.04,37.833],[-88.05,37.829],[-88.095,37.83],[-88.099,37.828],[-88.095,37.818],[-88.069,37.814],[-88.045,37.807],[-88.05,37.794],[-88.05,37.774],[-88.06,37.751],[-88.132,37.699],[-88.144,37.686],[-88.157,37.664],[-88.163,37.64],[-88.157,37.621],[-88.14,37.594],[-88.105,37.563],[-88.083,37.52],[-88.091,37.491],[-88.123,37.475],[-88.307,37.448],[-88.366,37.421],[-88.383,37.418],[-88.448,37.416],[-88.465,37.409],[-88.478,37.398],[-88.489,37.385],[-88.508,37.343],[-88.512,37.303],[-88.503,37.267],[-88.482,37.234],[-88.452,37.199],[-88.434,37.169],[-88.433,37.137],[-88.454,37.096],[-88.484,37.072],[-88.521,37.068],[-88.561,37.077],[-88.633,37.115],[-88.907,37.22],[-88.955,37.228],[-89.002,37.223],[-89.044,37.209],[-89.078,37.185],[-89.123,37.124],[-89.157,37.093],[-89.179,37.062],[-89.176,37.036],[-89.158,37.012],[-89.124,36.98],[-89.143,36.987],[-89.177,36.978],[-89.188,36.981],[-89.197,36.989],[-89.209,37.022],[-89.246,37.045],[-89.254,37.078],[-89.26,37.083],[-89.302,37.081],[-89.309,37.071],[-89.298,37.049],[-89.273,37.026],[-89.27,37.011],[-89.275,37],[-89.287,37],[-89.327,37.014],[-89.377,37.047],[-89.394,37.063],[-89.387,37.091],[-89.401,37.12],[-89.441,37.165],[-89.472,37.214],[-89.476,37.231],[-89.474,37.244],[-89.49,37.254],[-89.523,37.268],[-89.523,37.307],[-89.494,37.335],[-89.459,37.363],[-89.441,37.398],[-89.451,37.44],[-89.475,37.475],[-89.502,37.507],[-89.523,37.542],[-89.527,37.562],[-89.516,37.614],[-89.531,37.667],[-89.523,37.679],[-89.55,37.698],[-89.647,37.734],[-89.669,37.754],[-89.698,37.809],[-89.722,37.837],[-89.747,37.851],[-89.808,37.872],[-89.832,37.885],[-89.889,37.932],[-89.923,37.953],[-89.968,37.963],[-90.005,37.963],[-90.075,38.008],[-90.111,38.017],[-90.138,38.038],[-90.162,38.063],[-90.188,38.084],[-90.225,38.101],[-90.243,38.113],[-90.257,38.137],[-90.285,38.16],[-90.291,38.169],[-90.346,38.207],[-90.368,38.239],[-90.382,38.3],[-90.378,38.338],[-90.363,38.369],[-90.315,38.432],[-90.264,38.543],[-90.213,38.607],[-90.196,38.638],[-90.196,38.679],[-90.201,38.72],[-90.198,38.744],[-90.17,38.765],[-90.135,38.813],[-90.127,38.83],[-90.144,38.857],[-90.184,38.883],[-90.282,38.927],[-90.333,38.938],[-90.375,38.944],[-90.409,38.962],[-90.428,38.967],[-90.479,38.959],[-90.542,38.894],[-90.585,38.878]]]}},{"type":"Feature","properties":{"kind":"admin1","iso":"US","region":"Indiana","name":"Indiana"},"geometry":{"type":"Polygon","coordinates":[[[-84.806,41.697],[-84.804,41.369],[-84.8,41.294],[-84.824,39.097],[-84.843,39.088],[-84.873,39.062],[-84.871,39.029],[-84.828,38.991],[-84.823,38.974],[-84.833,38.957],[-84.877,38.92],[-84.865,38.907],[-84.849,38.901],[-84.806,38.899],[-84.784,38.893],[-84.785,38.878],[-84.813,38.848],[-84.82,38.828],[-84.806,38.795],[-84.819,38.789],[-84.901,38.796],[-84.936,38.792],[-84.999,38.772],[-85.145,38.701],[-85.186,38.694],[-85.206,38.703],[-85.24,38.734],[-85.257,38.741],[-85.321,38.743],[-85.436,38.735],[-85.455,38.726],[-85.455,38.708],[-85.44,38.673],[-85.431,38.611],[-85.41,38.572],[-85.415,38.553],[-85.429,38.539],[-85.482,38.508],[-85.511,38.478],[-85.527,38.469],[-85.59,38.461],[-85.62,38.432],[-85.643,38.344],[-85.665,38.31],[-85.701,38.288],[-85.721,38.279],[-85.758,38.27],[-85.77,38.27],[-85.78,38.283],[-85.806,38.289],[-85.816,38.289],[-85.829,38.277],[-85.851,38.236],[-85.861,38.227],[-85.878,38.22],[-85.891,38.202],[-85.901,38.18],[-85.905,38.159],[-85.915,38.064],[-85.931,38.029],[-85.96,38.008],[-86.009,38.001],[-86.032,37.994],[-86.042,37.977],[-86.051,37.97],[-86.073,37.983],[-86.111,38.015],[-86.133,38.02],[-86.184,38.023],[-86.259,38.059],[-86.275,38.07],[-86.284,38.084],[-86.286,38.1],[-86.283,38.142],[-86.292,38.154],[-86.344,38.186],[-86.362,38.193],[-86.383,38.195],[-86.394,38.188],[-86.382,38.169],[-86.362,38.16],[-86.341,38.154],[-86.333,38.147],[-86.35,38.131],[-86.393,38.117],[-86.416,38.115],[-86.428,38.118],[-86.439,38.132],[-86.45,38.137],[-86.462,38.137],[-86.467,38.128],[-86.463,38.117],[-86.445,38.101],[-86.44,38.09],[-86.444,38.069],[-86.461,38.057],[-86.484,38.051],[-86.505,38.049],[-86.519,38.04],[-86.523,38.019],[-86.52,37.953],[-86.523,37.938],[-86.536,37.929],[-86.59,37.919],[-86.596,37.904],[-86.595,37.885],[-86.604,37.865],[-86.624,37.854],[-86.648,37.854],[-86.663,37.864],[-86.644,37.901],[-86.663,37.906],[-86.707,37.899],[-86.742,37.904],[-86.773,37.924],[-86.795,37.951],[-86.803,37.977],[-86.819,37.995],[-86.855,37.984],[-86.893,37.961],[-86.916,37.943],[-86.93,37.938],[-86.988,37.933],[-87.02,37.919],[-87.043,37.892],[-87.07,37.829],[-87.087,37.805],[-87.118,37.789],[-87.138,37.8],[-87.153,37.816],[-87.165,37.847],[-87.209,37.855],[-87.255,37.878],[-87.323,37.899],[-87.359,37.922],[-87.405,37.942],[-87.427,37.946],[-87.469,37.938],[-87.51,37.92],[-87.549,37.913],[-87.584,37.94],[-87.587,37.949],[-87.586,37.966],[-87.591,37.974],[-87.599,37.976],[-87.608,37.975],[-87.615,37.969],[-87.618,37.956],[-87.614,37.934],[-87.596,37.905],[-87.591,37.884],[-87.601,37.857],[-87.627,37.835],[-87.657,37.825],[-87.68,37.837],[-87.682,37.852],[-87.672,37.885],[-87.674,37.899],[-87.687,37.907],[-87.703,37.906],[-87.728,37.892],[-87.797,37.878],[-87.82,37.882],[-87.838,37.89],[-87.888,37.929],[-87.909,37.932],[-87.927,37.923],[-87.934,37.902],[-87.93,37.889],[-87.9,37.83],[-87.951,37.782],[-87.969,37.786],[-88.005,37.804],[-88.022,37.809],[-88.045,37.807],[-88.069,37.814],[-88.095,37.818],[-88.099,37.828],[-88.095,37.83],[-88.05,37.829],[-88.04,37.833],[-88.046,37.845],[-88.095,37.882],[-88.112,37.899],[-88.057,37.892],[-88.041,37.898],[-88.038,37.906],[-88.05,37.95],[-88.049,37.962],[-88.04,37.967],[-88.035,37.974],[-88.036,37.989],[-88.044,38.015],[-88.031,38.027],[-88.045,38.052],[-87.999,38.065],[-87.968,38.084],[-87.982,38.094],[-88.014,38.092],[-88.03,38.098],[-87.975,38.133],[-87.944,38.142],[-87.934,38.16],[-87.946,38.171],[-87.965,38.18],[-87.993,38.21],[-87.995,38.221],[-87.992,38.233],[-87.968,38.254],[-87.955,38.287],[-87.946,38.299],[-87.926,38.303],[-87.925,38.296],[-87.916,38.285],[-87.905,38.28],[-87.891,38.306],[-87.875,38.317],[-87.865,38.293],[-87.855,38.289],[-87.849,38.294],[-87.841,38.327],[-87.826,38.361],[-87.818,38.372],[-87.783,38.385],[-87.752,38.422],[-87.747,38.442],[-87.762,38.454],[-87.762,38.461],[-87.732,38.469],[-87.7,38.481],[-87.674,38.502],[-87.665,38.502],[-87.653,38.497],[-87.646,38.508],[-87.647,38.52],[-87.663,38.541],[-87.667,38.557],[-87.662,38.572],[-87.652,38.583],[-87.626,38.598],[-87.632,38.598],[-87.618,38.612],[-87.623,38.632],[-87.615,38.652],[-87.6,38.669],[-87.584,38.679],[-87.548,38.683],[-87.511,38.763],[-87.524,38.803],[-87.546,38.841],[-87.557,38.878],[-87.554,38.89],[-87.54,38.906],[-87.536,38.917],[-87.536,38.958],[-87.543,38.97],[-87.584,39.002],[-87.598,39.056],[-87.608,39.074],[-87.639,39.098],[-87.661,39.11],[-87.667,39.118],[-87.663,39.157],[-87.599,39.206],[-87.598,39.249],[-87.621,39.282],[-87.625,39.3],[-87.615,39.32],[-87.597,39.335],[-87.536,39.357],[-87.533,39.362],[-87.521,41.76],[-84.806,41.758],[-84.806,41.697]]]}},{"type":"Feature","properties":{"kind":"admin1","iso":"US","region":"Louisiana","name":"Louisiana"},"geometry":{"type":"MultiPolygon","coordinates":[[[[-89.526,30.193],[-89.536,30.18],[-89.565,30.163],[-89.596,30.156],[-89.613,30.169],[-89.603,30.169],[-89.586,30.175],[-89.596,30.187],[-89.61,30.186],[-89.643,30.175],[-89.692,30.181],[-89.708,30.175],[-89.743,30.189],[-89.748,30.197],[-89.743,30.22],[-89.751,30.237],[-89.77,30.24],[-89.805,30.23],[-89.826,30.232],[-89.862,30.258],[-89.884,30.265],[-89.924,30.258],[-89.969,30.265],[-89.979,30.275],[-90.004,30.323],[-90.013,30.326],[-90.059,30.36],[-90.096,30.374],[-90.143,30.385],[-90.189,30.391],[-90.222,30.388],[-90.245,30.374],[-90.268,30.353],[-90.331,30.276],[-90.405,30.22],[-90.428,30.189],[-90.433,30.143],[-90.414,30.107],[-90.38,30.08],[-90.339,30.066],[-90.266,30.06],[-90.231,30.04],[-90.168,30.024],[-90.145,30.024],[-90.104,30.035],[-90.037,30.04],[-89.996,30.052],[-89.927,30.096],[-89.9,30.123],[-89.88,30.155],[-89.857,30.151],[-89.849,30.145],[-89.841,30.12],[-89.828,30.111],[-89.798,30.1],[-89.789,30.099],[-89.784,30.112],[-89.753,30.149],[-89.743,30.175],[-89.736,30.175],[-89.729,30.162],[-89.739,30.149],[-89.757,30.114],[-89.743,30.1],[-89.729,30.127],[-89.702,30.127],[-89.683,30.14],[-89.681,30.148],[-89.684,30.154],[-89.694,30.153],[-89.695,30.148],[-89.706,30.15],[-89.712,30.155],[-89.708,30.162],[-89.681,30.169],[-89.667,30.164],[-89.65,30.146],[-89.64,30.141],[-89.653,30.123],[-89.677,30.101],[-89.681,30.076],[-89.719,30.062],[-89.722,30.052],[-89.718,30.033],[-89.729,30.024],[-89.748,30.041],[-89.774,30.05],[-89.8,30.051],[-89.822,30.042],[-89.835,30.026],[-89.84,30.011],[-89.839,29.995],[-89.832,29.977],[-89.822,29.957],[-89.811,29.947],[-89.794,29.943],[-89.767,29.943],[-89.717,29.961],[-89.708,29.956],[-89.725,29.933],[-89.729,29.922],[-89.687,29.883],[-89.665,29.875],[-89.642,29.875],[-89.62,29.88],[-89.602,29.891],[-89.587,29.909],[-89.576,29.931],[-89.571,29.952],[-89.571,29.988],[-89.566,30.001],[-89.551,30.011],[-89.521,30.019],[-89.503,30.031],[-89.49,30.052],[-89.489,30.071],[-89.486,30.076],[-89.479,30.08],[-89.468,30.073],[-89.427,30.059],[-89.427,30.052],[-89.435,30.052],[-89.435,30.045],[-89.427,30.038],[-89.421,30.038],[-89.386,30.059],[-89.373,30.055],[-89.366,30.049],[-89.368,30.041],[-89.38,30.032],[-89.394,30.029],[-89.422,30.031],[-89.435,30.024],[-89.441,30.014],[-89.435,29.99],[-89.455,29.976],[-89.442,29.97],[-89.429,29.969],[-89.401,29.973],[-89.386,29.97],[-89.37,29.951],[-89.382,29.936],[-89.401,29.932],[-89.407,29.949],[-89.435,29.935],[-89.435,29.929],[-89.414,29.908],[-89.414,29.902],[-89.407,29.902],[-89.39,29.916],[-89.378,29.921],[-89.37,29.919],[-89.367,29.908],[-89.374,29.899],[-89.394,29.887],[-89.394,29.88],[-89.379,29.884],[-89.366,29.894],[-89.332,29.88],[-89.359,29.867],[-89.353,29.864],[-89.345,29.853],[-89.358,29.852],[-89.368,29.847],[-89.38,29.833],[-89.359,29.799],[-89.345,29.792],[-89.386,29.798],[-89.395,29.791],[-89.404,29.771],[-89.414,29.764],[-89.407,29.792],[-89.42,29.792],[-89.427,29.798],[-89.438,29.816],[-89.457,29.829],[-89.483,29.833],[-89.478,29.816],[-89.487,29.803],[-89.517,29.779],[-89.533,29.756],[-89.554,29.75],[-89.576,29.753],[-89.586,29.751],[-89.601,29.735],[-89.604,29.716],[-89.597,29.699],[-89.586,29.689],[-89.566,29.686],[-89.522,29.687],[-89.51,29.675],[-89.531,29.675],[-89.516,29.667],[-89.483,29.641],[-89.483,29.634],[-89.5,29.635],[-89.537,29.661],[-89.624,29.675],[-89.673,29.701],[-89.702,29.71],[-89.694,29.699],[-89.654,29.675],[-89.667,29.669],[-89.647,29.661],[-89.645,29.65],[-89.62,29.627],[-89.639,29.62],[-89.722,29.64],[-89.757,29.634],[-89.723,29.623],[-89.716,29.614],[-89.729,29.614],[-89.723,29.602],[-89.695,29.572],[-89.678,29.528],[-89.668,29.522],[-89.641,29.514],[-89.618,29.501],[-89.592,29.503],[-89.578,29.498],[-89.586,29.49],[-89.542,29.471],[-89.524,29.47],[-89.524,29.463],[-89.534,29.449],[-89.537,29.435],[-89.532,29.428],[-89.517,29.435],[-89.519,29.418],[-89.529,29.412],[-89.545,29.408],[-89.54,29.398],[-89.529,29.393],[-89.516,29.393],[-89.456,29.404],[-89.434,29.403],[-89.411,29.391],[-89.393,29.392],[-89.38,29.388],[-89.362,29.394],[-89.337,29.391],[-89.337,29.385],[-89.344,29.381],[-89.374,29.377],[-89.38,29.37],[-89.381,29.363],[-89.353,29.348],[-89.342,29.346],[-89.281,29.358],[-89.27,29.353],[-89.264,29.345],[-89.257,29.319],[-89.244,29.316],[-89.227,29.322],[-89.211,29.335],[-89.202,29.353],[-89.197,29.353],[-89.194,29.346],[-89.19,29.346],[-89.188,29.34],[-89.188,29.319],[-89.174,29.326],[-89.156,29.303],[-89.154,29.291],[-89.14,29.298],[-89.13,29.288],[-89.123,29.268],[-89.113,29.264],[-89.127,29.25],[-89.147,29.243],[-89.147,29.237],[-89.106,29.226],[-89.1,29.215],[-89.087,29.207],[-89.071,29.203],[-89.058,29.202],[-89.065,29.216],[-89.032,29.217],[-89.02,29.209],[-89.01,29.196],[-89.031,29.196],[-89.031,29.188],[-89.017,29.185],[-89.01,29.175],[-89.032,29.18],[-89.039,29.178],[-89.044,29.168],[-89.051,29.168],[-89.051,29.188],[-89.065,29.185],[-89.083,29.174],[-89.097,29.16],[-89.099,29.147],[-89.023,29.147],[-89.052,29.097],[-89.065,29.086],[-89.066,29.101],[-89.072,29.112],[-89.083,29.119],[-89.099,29.12],[-89.088,29.101],[-89.085,29.079],[-89.096,29.087],[-89.106,29.1],[-89.111,29.086],[-89.151,29.048],[-89.153,29.03],[-89.134,28.996],[-89.147,28.99],[-89.158,28.997],[-89.188,29.03],[-89.225,29.091],[-89.232,29.1],[-89.243,29.106],[-89.248,29.106],[-89.25,29.096],[-89.245,29.073],[-89.25,29.065],[-89.31,29.05],[-89.319,29.034],[-89.327,29.008],[-89.374,28.947],[-89.392,28.934],[-89.414,28.928],[-89.407,28.969],[-89.384,28.988],[-89.356,29.02],[-89.351,29.031],[-89.352,29.058],[-89.343,29.064],[-89.312,29.072],[-89.287,29.118],[-89.278,29.14],[-89.276,29.16],[-89.291,29.161],[-89.296,29.13],[-89.304,29.127],[-89.311,29.134],[-89.312,29.171],[-89.315,29.181],[-89.322,29.182],[-89.329,29.175],[-89.332,29.164],[-89.324,29.132],[-89.325,29.12],[-89.338,29.103],[-89.361,29.092],[-89.384,29.088],[-89.394,29.096],[-89.405,29.123],[-89.399,29.142],[-89.406,29.148],[-89.427,29.155],[-89.483,29.243],[-89.455,29.25],[-89.474,29.259],[-89.495,29.26],[-89.506,29.25],[-89.496,29.229],[-89.555,29.248],[-89.608,29.256],[-89.623,29.285],[-89.636,29.293],[-89.662,29.301],[-89.669,29.295],[-89.687,29.296],[-89.732,29.306],[-89.818,29.316],[-89.794,29.328],[-89.775,29.332],[-89.758,29.343],[-89.744,29.37],[-89.745,29.385],[-89.75,29.392],[-89.763,29.394],[-89.777,29.38],[-89.782,29.392],[-89.771,29.412],[-89.776,29.421],[-89.808,29.408],[-89.82,29.417],[-89.832,29.436],[-89.832,29.442],[-89.825,29.453],[-89.818,29.456],[-89.814,29.468],[-89.816,29.474],[-89.847,29.482],[-89.852,29.48],[-89.86,29.444],[-89.877,29.449],[-89.908,29.477],[-89.942,29.464],[-89.971,29.473],[-90.08,29.537],[-90.099,29.545],[-90.116,29.547],[-90.13,29.545],[-90.133,29.539],[-90.12,29.532],[-90.127,29.524],[-90.144,29.537],[-90.167,29.568],[-90.182,29.579],[-90.203,29.552],[-90.209,29.538],[-90.182,29.538],[-90.182,29.532],[-90.198,29.526],[-90.216,29.524],[-90.21,29.515],[-90.206,29.511],[-90.196,29.518],[-90.133,29.472],[-90.095,29.467],[-90.07,29.46],[-90.047,29.447],[-90.024,29.429],[-90.047,29.417],[-90.051,29.407],[-90.051,29.391],[-90.037,29.374],[-90.037,29.339],[-90.045,29.353],[-90.059,29.36],[-90.056,29.341],[-90.048,29.325],[-90.034,29.313],[-90.018,29.305],[-90.018,29.298],[-90.037,29.291],[-90.051,29.308],[-90.067,29.31],[-90.076,29.301],[-90.065,29.285],[-90.095,29.284],[-90.1,29.254],[-90.084,29.225],[-90.051,29.229],[-90.08,29.175],[-90.131,29.132],[-90.147,29.127],[-90.198,29.098],[-90.229,29.087],[-90.244,29.091],[-90.238,29.097],[-90.236,29.107],[-90.24,29.132],[-90.267,29.158],[-90.271,29.167],[-90.257,29.199],[-90.25,29.237],[-90.254,29.26],[-90.261,29.269],[-90.271,29.271],[-90.279,29.247],[-90.287,29.235],[-90.301,29.258],[-90.338,29.294],[-90.339,29.311],[-90.36,29.303],[-90.365,29.295],[-90.37,29.271],[-90.394,29.243],[-90.394,29.298],[-90.4,29.312],[-90.426,29.35],[-90.434,29.357],[-90.444,29.358],[-90.452,29.327],[-90.46,29.314],[-90.483,29.291],[-90.496,29.306],[-90.506,29.305],[-90.516,29.296],[-90.527,29.291],[-90.562,29.301],[-90.572,29.305],[-90.558,29.311],[-90.558,29.319],[-90.569,29.321],[-90.578,29.32],[-90.584,29.315],[-90.586,29.305],[-90.603,29.308],[-90.607,29.302],[-90.607,29.291],[-90.579,29.285],[-90.581,29.266],[-90.598,29.244],[-90.586,29.229],[-90.595,29.219],[-90.603,29.222],[-90.62,29.243],[-90.632,29.225],[-90.641,29.202],[-90.634,29.196],[-90.641,29.157],[-90.641,29.141],[-90.652,29.162],[-90.664,29.165],[-90.675,29.161],[-90.676,29.137],[-90.69,29.132],[-90.698,29.122],[-90.706,29.12],[-90.727,29.13],[-90.743,29.131],[-90.751,29.116],[-90.758,29.116],[-90.793,29.126],[-90.805,29.127],[-90.797,29.139],[-90.781,29.143],[-90.77,29.149],[-90.777,29.168],[-90.795,29.161],[-90.846,29.182],[-90.84,29.166],[-90.844,29.157],[-90.867,29.147],[-90.874,29.135],[-90.884,29.134],[-90.93,29.171],[-90.955,29.186],[-90.982,29.192],[-91.011,29.182],[-91.011,29.193],[-91.008,29.202],[-91.001,29.207],[-90.99,29.209],[-90.999,29.218],[-91.015,29.224],[-91.031,29.224],[-91.038,29.22],[-91.041,29.205],[-91.05,29.197],[-91.08,29.196],[-91.112,29.219],[-91.124,29.223],[-91.229,29.239],[-91.285,29.261],[-91.328,29.295],[-91.34,29.339],[-91.329,29.324],[-91.312,29.319],[-91.293,29.323],[-91.278,29.333],[-91.259,29.367],[-91.247,29.378],[-91.223,29.38],[-91.227,29.364],[-91.215,29.343],[-91.191,29.331],[-91.161,29.339],[-91.162,29.306],[-91.166,29.291],[-91.176,29.278],[-91.158,29.27],[-91.154,29.262],[-91.154,29.25],[-91.132,29.257],[-91.113,29.271],[-91.127,29.285],[-91.127,29.291],[-91.11,29.317],[-91.122,29.338],[-91.177,29.379],[-91.22,29.404],[-91.223,29.435],[-91.247,29.446],[-91.263,29.469],[-91.267,29.496],[-91.263,29.522],[-91.251,29.545],[-91.22,29.569],[-91.217,29.586],[-91.22,29.599],[-91.228,29.608],[-91.241,29.613],[-91.258,29.614],[-91.248,29.591],[-91.253,29.576],[-91.282,29.556],[-91.286,29.546],[-91.284,29.535],[-91.278,29.524],[-91.299,29.484],[-91.321,29.497],[-91.364,29.512],[-91.387,29.518],[-91.424,29.521],[-91.429,29.528],[-91.417,29.548],[-91.415,29.557],[-91.429,29.566],[-91.453,29.552],[-91.493,29.54],[-91.534,29.534],[-91.559,29.538],[-91.545,29.549],[-91.541,29.569],[-91.545,29.592],[-91.559,29.619],[-91.561,29.642],[-91.569,29.647],[-91.613,29.634],[-91.64,29.635],[-91.644,29.645],[-91.634,29.685],[-91.63,29.729],[-91.638,29.742],[-91.662,29.751],[-91.685,29.753],[-91.778,29.748],[-91.833,29.723],[-91.858,29.719],[-91.867,29.729],[-91.868,29.744],[-91.878,29.759],[-91.874,29.778],[-91.865,29.797],[-91.854,29.805],[-91.837,29.788],[-91.829,29.784],[-91.826,29.802],[-91.829,29.815],[-91.836,29.825],[-91.848,29.831],[-91.907,29.837],[-91.934,29.819],[-91.945,29.822],[-91.967,29.833],[-91.984,29.832],[-91.984,29.819],[-91.991,29.805],[-92,29.799],[-92.086,29.771],[-92.1,29.764],[-92.135,29.736],[-92.149,29.736],[-92.136,29.745],[-92.134,29.757],[-92.141,29.767],[-92.158,29.771],[-92.176,29.751],[-92.202,29.764],[-92.191,29.724],[-92.182,29.704],[-92.172,29.696],[-92.15,29.708],[-92.109,29.714],[-92.1,29.71],[-92.129,29.693],[-92.142,29.689],[-92.114,29.638],[-92.107,29.62],[-92.1,29.62],[-92.084,29.63],[-92.06,29.637],[-92.037,29.637],[-92.025,29.627],[-92.055,29.622],[-92.067,29.616],[-92.073,29.606],[-92.053,29.6],[-92.066,29.588],[-92.137,29.587],[-92.174,29.576],[-92.241,29.546],[-92.276,29.534],[-92.314,29.534],[-92.546,29.572],[-92.683,29.604],[-93.027,29.733],[-93.094,29.752],[-93.2,29.773],[-93.254,29.776],[-93.345,29.762],[-93.385,29.768],[-93.453,29.77],[-93.559,29.763],[-93.739,29.737],[-93.821,29.709],[-93.831,29.7],[-93.879,29.75],[-93.894,29.791],[-93.888,29.807],[-93.857,29.819],[-93.821,29.824],[-93.782,29.857],[-93.76,29.961],[-93.769,29.978],[-93.798,29.986],[-93.776,30.022],[-93.717,30.08],[-93.725,30.092],[-93.723,30.101],[-93.71,30.121],[-93.704,30.144],[-93.71,30.192],[-93.725,30.224],[-93.71,30.265],[-93.715,30.287],[-93.745,30.314],[-93.752,30.329],[-93.756,30.373],[-93.752,30.393],[-93.706,30.455],[-93.704,30.473],[-93.717,30.511],[-93.717,30.532],[-93.731,30.546],[-93.731,30.566],[-93.722,30.583],[-93.706,30.596],[-93.687,30.601],[-93.67,30.661],[-93.662,30.676],[-93.628,30.7],[-93.618,30.714],[-93.61,30.762],[-93.574,30.82],[-93.568,30.836],[-93.566,30.857],[-93.574,30.898],[-93.57,30.909],[-93.546,30.929],[-93.538,30.944],[-93.569,30.986],[-93.578,31.008],[-93.563,31.019],[-93.527,31.027],[-93.519,31.032],[-93.515,31.042],[-93.519,31.049],[-93.533,31.06],[-93.56,31.097],[-93.557,31.108],[-93.548,31.122],[-93.546,31.132],[-93.543,31.176],[-93.548,31.193],[-93.566,31.196],[-93.589,31.192],[-93.6,31.198],[-93.605,31.207],[-93.611,31.239],[-93.619,31.251],[-93.628,31.277],[-93.668,31.309],[-93.676,31.32],[-93.678,31.331],[-93.675,31.344],[-93.654,31.374],[-93.67,31.384],[-93.695,31.41],[-93.71,31.456],[-93.736,31.466],[-93.743,31.473],[-93.747,31.49],[-93.729,31.505],[-93.727,31.515],[-93.735,31.522],[-93.765,31.53],[-93.784,31.542],[-93.811,31.567],[-93.83,31.594],[-93.833,31.618],[-93.823,31.641],[-93.82,31.677],[-93.813,31.708],[-93.827,31.731],[-93.84,31.79],[-93.866,31.823],[-93.882,31.855],[-93.904,31.883],[-93.932,31.907],[-93.974,31.927],[-93.998,31.963],[-94.035,31.987],[-94.043,31.998],[-94.041,33.011],[-91.166,33.014],[-91.168,32.982],[-91.163,32.972],[-91.149,32.964],[-91.104,32.954],[-91.072,32.923],[-91.096,32.888],[-91.133,32.859],[-91.15,32.81],[-91.157,32.771],[-91.155,32.756],[-91.142,32.748],[-91.093,32.741],[-91.075,32.729],[-91.07,32.711],[-91.086,32.69],[-91.157,32.68],[-91.168,32.666],[-91.166,32.644],[-91.152,32.609],[-91.141,32.595],[-91.107,32.575],[-91.099,32.567],[-91.097,32.555],[-91.107,32.523],[-91.109,32.481],[-91.105,32.465],[-91.093,32.451],[-91.06,32.434],[-91.029,32.423],[-91.006,32.404],[-90.997,32.365],[-90.99,32.357],[-90.974,32.352],[-90.939,32.347],[-90.917,32.34],[-90.91,32.324],[-90.913,32.31],[-90.921,32.307],[-90.921,32.3],[-90.967,32.262],[-90.998,32.198],[-91.032,32.148],[-91.086,32.149],[-91.095,32.141],[-91.099,32.131],[-91.099,32.114],[-91.069,32.085],[-91.069,32.048],[-91.091,32.014],[-91.127,31.992],[-91.158,31.983],[-91.168,31.978],[-91.192,31.94],[-91.238,31.894],[-91.257,31.882],[-91.319,31.868],[-91.336,31.858],[-91.351,31.841],[-91.361,31.823],[-91.374,31.786],[-91.404,31.738],[-91.429,31.615],[-91.43,31.591],[-91.436,31.573],[-91.506,31.53],[-91.529,31.501],[-91.524,31.457],[-91.51,31.438],[-91.496,31.411],[-91.499,31.383],[-91.509,31.374],[-91.522,31.309],[-91.529,31.293],[-91.541,31.283],[-91.562,31.278],[-91.633,31.278],[-91.648,31.272],[-91.65,31.255],[-91.639,31.235],[-91.624,31.218],[-91.605,31.206],[-91.616,31.169],[-91.626,31.151],[-91.627,31.142],[-91.616,31.114],[-91.585,31.082],[-91.579,31.056],[-91.657,31],[-89.735,31],[-89.732,30.985],[-89.739,30.95],[-89.752,30.915],[-89.775,30.878],[-89.791,30.82],[-89.816,30.794],[-89.825,30.777],[-89.818,30.758],[-89.837,30.722],[-89.845,30.7],[-89.846,30.682],[-89.821,30.652],[-89.813,30.635],[-89.826,30.614],[-89.799,30.566],[-89.784,30.552],[-89.752,30.541],[-89.736,30.531],[-89.722,30.5],[-89.694,30.483],[-89.678,30.457],[-89.674,30.441],[-89.675,30.415],[-89.668,30.399],[-89.639,30.36],[-89.635,30.343],[-89.636,30.302],[-89.617,30.273],[-89.588,30.212],[-89.565,30.189],[-89.557,30.199],[-89.545,30.203],[-89.532,30.2],[-89.526,30.193]]],[[[-90.944,29.061],[-90.903,29.057],[-90.88,29.051],[-90.915,29.051],[-90.944,29.061]]],[[[-90.347,29.058],[-90.311,29.082],[-90.284,29.086],[-90.284,29.079],[-90.347,29.058]]],[[[-89.963,29.271],[-89.955,29.271],[-89.963,29.264],[-89.955,29.257],[-90.01,29.229],[-90.024,29.216],[-90.031,29.216],[-90.024,29.238],[-89.977,29.257],[-89.963,29.271]]],[[[-89.168,29.504],[-89.163,29.504],[-89.16,29.498],[-89.166,29.482],[-89.183,29.473],[-89.203,29.469],[-89.222,29.47],[-89.188,29.48],[-89.173,29.489],[-89.168,29.504]]],[[[-91.802,29.49],[-91.84,29.484],[-91.908,29.521],[-91.918,29.53],[-92.02,29.569],[-92.037,29.582],[-92.035,29.596],[-92.012,29.614],[-91.949,29.627],[-91.929,29.647],[-91.917,29.648],[-91.861,29.637],[-91.846,29.628],[-91.82,29.606],[-91.789,29.592],[-91.72,29.582],[-91.714,29.574],[-91.723,29.559],[-91.76,29.541],[-91.773,29.531],[-91.781,29.493],[-91.802,29.49]]],[[[-89.455,29.792],[-89.441,29.785],[-89.427,29.744],[-89.44,29.748],[-89.452,29.767],[-89.459,29.771],[-89.467,29.766],[-89.477,29.744],[-89.49,29.736],[-89.494,29.779],[-89.491,29.794],[-89.476,29.805],[-89.455,29.792]]],[[[-89.304,29.805],[-89.277,29.812],[-89.276,29.805],[-89.291,29.771],[-89.337,29.807],[-89.335,29.812],[-89.304,29.805]]],[[[-89.234,29.948],[-89.239,29.941],[-89.236,29.932],[-89.274,29.926],[-89.294,29.92],[-89.295,29.925],[-89.279,29.937],[-89.234,29.948]]],[[[-89.273,29.982],[-89.296,29.942],[-89.323,29.917],[-89.328,29.916],[-89.309,29.937],[-89.278,29.982],[-89.273,29.982]]],[[[-88.872,30.059],[-88.85,30.047],[-88.832,30.002],[-88.818,29.984],[-88.811,29.915],[-88.821,29.833],[-88.83,29.81],[-88.855,29.769],[-88.854,29.78],[-88.859,29.792],[-88.83,29.843],[-88.824,29.861],[-88.824,29.929],[-88.818,29.935],[-88.832,29.962],[-88.836,29.978],[-88.831,29.99],[-88.838,29.997],[-88.848,30.033],[-88.858,30.048],[-88.872,30.059]]],[[[-89.433,30.146],[-89.426,30.148],[-89.425,30.143],[-89.431,30.133],[-89.439,30.137],[-89.433,30.146]]],[[[-89.188,30.08],[-89.187,30.063],[-89.192,30.049],[-89.201,30.042],[-89.216,30.045],[-89.222,30.034],[-89.229,30.036],[-89.243,30.052],[-89.253,30.07],[-89.26,30.073],[-89.267,30.071],[-89.276,30.059],[-89.284,30.06],[-89.294,30.066],[-89.301,30.064],[-89.312,30.052],[-89.332,30.049],[-89.339,30.053],[-89.345,30.066],[-89.32,30.071],[-89.309,30.076],[-89.304,30.083],[-89.285,30.084],[-89.277,30.09],[-89.284,30.107],[-89.254,30.118],[-89.229,30.134],[-89.196,30.165],[-89.181,30.169],[-89.181,30.162],[-89.207,30.146],[-89.235,30.121],[-89.25,30.102],[-89.219,30.087],[-89.222,30.073],[-89.216,30.059],[-89.202,30.068],[-89.194,30.08],[-89.188,30.08]]],[[[-90.652,29.067],[-90.642,29.073],[-90.656,29.063],[-90.673,29.057],[-90.749,29.041],[-90.765,29.041],[-90.767,29.047],[-90.74,29.053],[-90.735,29.058],[-90.714,29.065],[-90.697,29.059],[-90.684,29.061],[-90.674,29.068],[-90.652,29.067]]],[[[-90.417,29.055],[-90.413,29.049],[-90.465,29.058],[-90.512,29.075],[-90.511,29.08],[-90.452,29.07],[-90.417,29.055]]],[[[-90.45,29.235],[-90.453,29.224],[-90.454,29.238],[-90.446,29.26],[-90.435,29.264],[-90.434,29.255],[-90.45,29.235]]],[[[-89.928,29.288],[-89.913,29.29],[-89.914,29.285],[-89.929,29.277],[-89.939,29.277],[-89.928,29.288]]],[[[-89.995,29.457],[-89.993,29.458],[-89.992,29.456],[-89.992,29.449],[-89.996,29.445],[-90.016,29.444],[-90.031,29.463],[-90.05,29.461],[-90.058,29.466],[-90.062,29.473],[-90.059,29.478],[-90.092,29.474],[-90.102,29.478],[-90.119,29.496],[-90.12,29.506],[-90.114,29.511],[-90.082,29.511],[-90.061,29.505],[-90.049,29.497],[-90.02,29.487],[-90.015,29.479],[-90.018,29.474],[-90.028,29.475],[-90.028,29.472],[-90.018,29.461],[-90.009,29.458],[-89.998,29.461],[-89.997,29.466],[-89.995,29.457]]],[[[-89.057,29.562],[-89.05,29.565],[-89.084,29.529],[-89.098,29.521],[-89.057,29.562]]],[[[-88.98,29.633],[-88.97,29.64],[-88.965,29.643],[-88.969,29.639],[-88.978,29.632],[-88.98,29.633]]],[[[-88.925,29.683],[-88.939,29.673],[-88.874,29.747],[-88.89,29.725],[-88.925,29.683]]]]}},{"type":"Feature","properties":{"kind":"admin1","iso":"US","region":"Massachusetts","name":"Massachusetts"},"geometry":{"type":"MultiPolygon","coordinates":[[[[-71.194,41.677],[-71.19,41.686],[-71.136,41.756],[-71.111,41.797],[-71.126,41.792],[-71.138,41.78],[-71.176,41.727],[-71.186,41.722],[-71.221,41.731],[-71.237,41.71],[-71.268,41.75],[-71.324,41.778],[-71.335,41.789],[-71.342,41.803],[-71.338,41.842],[-71.34,41.857],[-71.336,41.879],[-71.338,41.89],[-71.341,41.894],[-71.349,41.895],[-71.376,41.896],[-71.379,41.901],[-71.387,42.016],[-71.801,42.011],[-71.802,42.022],[-72.557,42.032],[-72.584,42.024],[-72.62,42.031],[-72.758,42.033],[-72.763,42.01],[-72.806,42.007],[-72.808,42.033],[-72.862,42.037],[-73.481,42.055],[-73.507,42.079],[-73.266,42.746],[-72.909,42.742],[-71.306,42.701],[-71.288,42.705],[-71.274,42.713],[-71.238,42.74],[-71.196,42.752],[-71.186,42.761],[-71.165,42.797],[-71.141,42.816],[-71.123,42.819],[-71.083,42.817],[-71.074,42.819],[-71.023,42.855],[-70.926,42.887],[-70.916,42.887],[-70.85,42.871],[-70.814,42.877],[-70.815,42.87],[-70.807,42.835],[-70.809,42.826],[-70.818,42.824],[-70.864,42.826],[-70.844,42.812],[-70.823,42.804],[-70.809,42.804],[-70.806,42.801],[-70.801,42.793],[-70.804,42.78],[-70.775,42.716],[-70.783,42.709],[-70.812,42.742],[-70.824,42.75],[-70.82,42.719],[-70.798,42.702],[-70.742,42.682],[-70.757,42.675],[-70.775,42.675],[-70.757,42.657],[-70.701,42.653],[-70.7,42.641],[-70.682,42.632],[-70.678,42.641],[-70.68,42.668],[-70.671,42.677],[-70.659,42.684],[-70.632,42.695],[-70.634,42.68],[-70.63,42.672],[-70.598,42.665],[-70.602,42.649],[-70.597,42.641],[-70.597,42.634],[-70.611,42.635],[-70.632,42.613],[-70.647,42.605],[-70.666,42.606],[-70.669,42.612],[-70.675,42.612],[-70.686,42.606],[-70.709,42.582],[-70.81,42.563],[-70.861,42.547],[-70.878,42.538],[-70.871,42.531],[-70.885,42.52],[-70.892,42.503],[-70.878,42.508],[-70.854,42.524],[-70.85,42.514],[-70.838,42.499],[-70.855,42.495],[-70.892,42.469],[-70.916,42.469],[-70.922,42.466],[-70.925,42.453],[-70.918,42.443],[-70.892,42.428],[-70.916,42.422],[-70.944,42.447],[-70.963,42.438],[-70.973,42.425],[-70.974,42.416],[-70.966,42.4],[-70.96,42.369],[-70.953,42.359],[-70.967,42.361],[-70.984,42.377],[-70.997,42.381],[-71.007,42.378],[-71.006,42.371],[-70.987,42.359],[-71.006,42.357],[-71.037,42.372],[-71.049,42.359],[-71.028,42.354],[-71.015,42.339],[-71.03,42.338],[-71.042,42.332],[-71.047,42.322],[-71.038,42.308],[-71.027,42.3],[-71.018,42.3],[-70.993,42.311],[-70.999,42.284],[-70.984,42.28],[-70.963,42.28],[-70.953,42.267],[-70.966,42.254],[-70.966,42.25],[-70.95,42.243],[-70.947,42.246],[-70.926,42.25],[-70.899,42.264],[-70.887,42.251],[-70.875,42.254],[-70.867,42.265],[-70.867,42.271],[-70.88,42.277],[-70.892,42.291],[-70.899,42.307],[-70.899,42.318],[-70.856,42.284],[-70.831,42.27],[-70.784,42.26],[-70.742,42.236],[-70.716,42.212],[-70.714,42.205],[-70.713,42.172],[-70.696,42.164],[-70.653,42.109],[-70.631,42.093],[-70.636,42.075],[-70.628,42.059],[-70.591,42.017],[-70.607,42.005],[-70.617,42.003],[-70.638,42.011],[-70.617,42.017],[-70.629,42.044],[-70.639,42.059],[-70.648,42.065],[-70.656,42.058],[-70.665,42.011],[-70.683,42.016],[-70.715,42.003],[-70.655,41.957],[-70.605,41.953],[-70.566,41.955],[-70.545,41.941],[-70.53,41.906],[-70.524,41.868],[-70.532,41.842],[-70.533,41.816],[-70.504,41.79],[-70.439,41.756],[-70.401,41.745],[-70.275,41.736],[-70.29,41.732],[-70.326,41.731],[-70.34,41.726],[-70.335,41.719],[-70.315,41.716],[-70.275,41.715],[-70.244,41.724],[-70.191,41.747],[-70.07,41.773],[-70.021,41.791],[-70,41.816],[-70.004,41.846],[-70.002,41.882],[-70.021,41.907],[-69.987,41.914],[-69.987,41.921],[-70.006,41.923],[-70.038,41.942],[-70.052,41.935],[-70.057,41.904],[-70.069,41.893],[-70.08,41.995],[-70.084,42.012],[-70.1,42.037],[-70.138,42.057],[-70.166,42.064],[-70.19,42.049],[-70.192,42.038],[-70.172,42.038],[-70.171,42.028],[-70.189,42.018],[-70.203,42.026],[-70.231,42.057],[-70.247,42.061],[-70.244,42.069],[-70.237,42.076],[-70.216,42.085],[-70.192,42.086],[-70.146,42.081],[-70.118,42.074],[-70.081,42.058],[-70.051,42.04],[-70.014,41.999],[-69.982,41.954],[-69.943,41.858],[-69.925,41.838],[-69.931,41.833],[-69.939,41.832],[-69.953,41.841],[-69.964,41.844],[-69.972,41.839],[-69.98,41.797],[-69.957,41.808],[-69.942,41.806],[-69.934,41.793],[-69.933,41.741],[-69.939,41.674],[-69.978,41.682],[-70.137,41.661],[-70.185,41.661],[-70.217,41.648],[-70.24,41.643],[-70.264,41.616],[-70.273,41.611],[-70.261,41.646],[-70.319,41.633],[-70.352,41.635],[-70.366,41.633],[-70.392,41.619],[-70.406,41.638],[-70.418,41.64],[-70.428,41.632],[-70.459,41.592],[-70.48,41.574],[-70.504,41.564],[-70.596,41.553],[-70.659,41.521],[-70.686,41.531],[-70.662,41.55],[-70.652,41.578],[-70.652,41.654],[-70.658,41.684],[-70.652,41.694],[-70.632,41.711],[-70.638,41.722],[-70.624,41.729],[-70.631,41.74],[-70.64,41.741],[-70.648,41.734],[-70.651,41.722],[-70.658,41.722],[-70.71,41.748],[-70.72,41.746],[-70.722,41.702],[-70.713,41.688],[-70.739,41.69],[-70.749,41.68],[-70.756,41.663],[-70.774,41.646],[-70.786,41.66],[-70.798,41.659],[-70.806,41.651],[-70.805,41.643],[-70.841,41.629],[-70.85,41.63],[-70.844,41.604],[-70.845,41.592],[-70.857,41.592],[-70.863,41.597],[-70.874,41.623],[-70.905,41.64],[-70.907,41.615],[-70.932,41.58],[-70.925,41.551],[-70.96,41.531],[-70.974,41.531],[-70.971,41.538],[-71.015,41.512],[-71.04,41.507],[-71.07,41.517],[-71.049,41.524],[-71.044,41.537],[-71.049,41.552],[-71.062,41.564],[-71.062,41.544],[-71.074,41.539],[-71.111,41.544],[-71.097,41.523],[-71.122,41.513],[-71.131,41.595],[-71.142,41.606],[-71.131,41.661],[-71.194,41.677]]],[[[-70.054,41.393],[-70.052,41.397],[-70.04,41.394],[-70.029,41.386],[-70.005,41.343],[-69.958,41.276],[-69.967,41.249],[-70.001,41.239],[-70.043,41.243],[-70.098,41.242],[-70.138,41.247],[-70.256,41.293],[-70.278,41.308],[-70.272,41.311],[-70.256,41.309],[-70.241,41.301],[-70.161,41.293],[-70.124,41.296],[-70.107,41.295],[-70.098,41.29],[-70.082,41.293],[-70.071,41.302],[-70.046,41.308],[-70.031,41.318],[-70.02,41.331],[-70.014,41.345],[-70.032,41.34],[-70.06,41.317],[-70.076,41.311],[-70.044,41.351],[-70.037,41.373],[-70.054,41.393]]],[[[-70.501,41.394],[-70.487,41.403],[-70.471,41.42],[-70.456,41.43],[-70.446,41.414],[-70.447,41.367],[-70.453,41.359],[-70.465,41.36],[-70.481,41.37],[-70.495,41.382],[-70.501,41.394]]],[[[-70.576,41.428],[-70.563,41.419],[-70.549,41.415],[-70.517,41.414],[-70.507,41.363],[-70.525,41.359],[-70.666,41.357],[-70.696,41.352],[-70.724,41.343],[-70.748,41.331],[-70.776,41.304],[-70.786,41.304],[-70.805,41.313],[-70.834,41.34],[-70.846,41.347],[-70.846,41.354],[-70.782,41.354],[-70.755,41.373],[-70.715,41.42],[-70.69,41.433],[-70.66,41.457],[-70.605,41.474],[-70.593,41.472],[-70.604,41.448],[-70.589,41.454],[-70.57,41.474],[-70.556,41.469],[-70.546,41.454],[-70.546,41.444],[-70.576,41.428]]],[[[-69.973,41.654],[-69.961,41.647],[-69.959,41.633],[-69.976,41.612],[-70.002,41.554],[-70.021,41.551],[-69.981,41.628],[-69.973,41.654]]],[[[-70.83,41.26],[-70.814,41.263],[-70.802,41.257],[-70.802,41.248],[-70.823,41.251],[-70.832,41.257],[-70.83,41.26]]],[[[-70.871,41.439],[-70.859,41.448],[-70.849,41.434],[-70.854,41.429],[-70.876,41.422],[-70.906,41.422],[-70.928,41.419],[-70.939,41.411],[-70.949,41.414],[-70.926,41.429],[-70.911,41.43],[-70.898,41.436],[-70.871,41.439]]],[[[-70.724,41.511],[-70.711,41.519],[-70.695,41.517],[-70.679,41.51],[-70.759,41.476],[-70.758,41.468],[-70.768,41.46],[-70.791,41.449],[-70.833,41.442],[-70.84,41.451],[-70.828,41.457],[-70.813,41.455],[-70.782,41.479],[-70.724,41.511]]]]}},{"type":"Feature","properties":{"kind":"admin1","iso":"US","region":"Nevada","name":"Nevada"},"geometry":{"type":"Polygon","coordinates":[[[-114.043,42],[-114.042,36.22],[-114.045,36.2],[-114.084,36.158],[-114.124,36.046],[-114.159,36.03],[-114.208,36.023],[-114.234,36.024],[-114.257,36.032],[-114.288,36.058],[-114.327,36.121],[-114.348,36.14],[-114.366,36.147],[-114.386,36.146],[-114.423,36.13],[-114.443,36.128],[-114.464,36.132],[-114.492,36.147],[-114.555,36.161],[-114.637,36.141],[-114.703,36.112],[-114.721,36.093],[-114.72,36.039],[-114.724,36.028],[-114.741,36.014],[-114.74,35.986],[-114.729,35.959],[-114.715,35.936],[-114.675,35.894],[-114.669,35.885],[-114.667,35.874],[-114.671,35.863],[-114.688,35.837],[-114.693,35.822],[-114.695,35.767],[-114.687,35.719],[-114.645,35.631],[-114.653,35.609],[-114.647,35.565],[-114.668,35.517],[-114.632,35.429],[-114.601,35.377],[-114.591,35.353],[-114.59,35.3],[-114.577,35.253],[-114.572,35.213],[-114.573,35.191],[-114.582,35.151],[-114.598,35.143],[-114.625,35.141],[-114.636,35.137],[-114.639,35.124],[-114.634,35.114],[-114.615,35.096],[-114.612,35.083],[-114.615,35.073],[-114.639,35.048],[-114.628,35.004],[-115.194,35.438],[-116.66,36.589],[-118.126,37.691],[-120,38.999],[-120.001,42],[-114.043,42]]]}},{"type":"Feature","properties":{"kind":"admin1","iso":"US","region":"New York","name":"New York"},"geometry":{"type":"MultiPolygon","coordinates":[[[[-79.763,42.538],[-79.019,42.803],[-78.963,42.84],[-78.919,42.889],[-78.909,42.93],[-78.915,42.948],[-78.936,42.96],[-78.984,42.976],[-79.008,42.991],[-79.032,43.013],[-79.028,43.035],[-79.022,43.049],[-79.023,43.058],[-79.056,43.088],[-79.063,43.097],[-79.065,43.106],[-79.066,43.12],[-79.052,43.147],[-79.049,43.171],[-79.054,43.26],[-79.058,43.278],[-79.092,43.343],[-79.174,43.465],[-78.751,43.617],[-78.688,43.632],[-76.842,43.626],[-76.797,43.645],[-76.455,44.084],[-76.43,44.103],[-76.35,44.152],[-76.337,44.174],[-76.328,44.181],[-76.186,44.226],[-76.169,44.242],[-76.179,44.279],[-76.15,44.305],[-76.067,44.348],[-75.87,44.409],[-75.856,44.422],[-75.831,44.464],[-75.755,44.528],[-75.7,44.582],[-75.27,44.864],[-75.13,44.925],[-75.059,44.941],[-75.015,44.966],[-74.94,44.988],[-74.904,45.005],[-74.887,45.009],[-74.696,44.998],[-73.351,45.005],[-73.337,44.955],[-73.337,44.941],[-73.344,44.919],[-73.369,44.887],[-73.378,44.857],[-73.371,44.836],[-73.34,44.806],[-73.336,44.789],[-73.341,44.767],[-73.356,44.725],[-73.36,44.691],[-73.378,44.646],[-73.377,44.619],[-73.367,44.574],[-73.3,44.484],[-73.295,44.47],[-73.293,44.454],[-73.302,44.414],[-73.333,44.364],[-73.333,44.349],[-73.317,44.294],[-73.317,44.274],[-73.325,44.242],[-73.33,44.235],[-73.373,44.211],[-73.381,44.201],[-73.39,44.161],[-73.424,44.08],[-73.439,44.06],[-73.434,44.044],[-73.417,44.026],[-73.411,44.015],[-73.41,43.964],[-73.401,43.92],[-73.392,43.899],[-73.382,43.886],[-73.379,43.875],[-73.381,43.854],[-73.387,43.839],[-73.386,43.827],[-73.365,43.798],[-73.363,43.779],[-73.368,43.748],[-73.421,43.648],[-73.425,43.628],[-73.425,43.607],[-73.424,43.595],[-73.418,43.583],[-73.407,43.57],[-73.392,43.575],[-73.376,43.585],[-73.369,43.595],[-73.361,43.617],[-73.352,43.625],[-73.332,43.629],[-73.309,43.626],[-73.301,43.624],[-73.291,43.614],[-73.277,43.578],[-73.247,43.552],[-73.267,42.864],[-73.28,42.812],[-73.288,42.797],[-73.276,42.746],[-73.266,42.746],[-73.507,42.079],[-73.481,42.055],[-73.545,41.295],[-73.484,41.218],[-73.723,41.103],[-73.669,41.038],[-73.655,41.028],[-73.643,41.001],[-73.65,40.997],[-73.648,40.992],[-73.653,40.982],[-73.677,40.955],[-73.711,40.953],[-73.764,40.91],[-73.777,40.894],[-73.783,40.876],[-73.788,40.872],[-73.812,40.871],[-73.817,40.862],[-73.82,40.839],[-73.805,40.826],[-73.798,40.813],[-73.866,40.812],[-73.894,40.804],[-73.927,40.805],[-73.932,40.818],[-73.932,40.826],[-73.909,40.869],[-73.913,40.882],[-73.922,40.887],[-73.898,40.93],[-73.889,40.972],[-73.875,41.013],[-73.872,41.034],[-73.872,41.116],[-73.875,41.153],[-73.886,41.188],[-73.896,41.203],[-73.94,41.236],[-73.957,41.258],[-73.953,41.275],[-73.945,41.291],[-73.947,41.311],[-73.976,41.292],[-73.982,41.284],[-73.985,41.27],[-73.978,41.253],[-73.97,41.219],[-73.963,41.206],[-73.952,41.189],[-73.932,41.178],[-73.918,41.164],[-73.917,41.146],[-73.921,41.102],[-73.906,41.016],[-73.907,40.991],[-74.699,41.356],[-74.704,41.376],[-74.729,41.407],[-74.742,41.431],[-74.749,41.435],[-74.77,41.429],[-74.781,41.429],[-74.813,41.447],[-74.862,41.444],[-74.886,41.448],[-74.923,41.479],[-74.967,41.487],[-74.984,41.498],[-74.998,41.514],[-75.048,41.596],[-75.061,41.605],[-75.064,41.616],[-75.058,41.688],[-75.071,41.726],[-75.068,41.735],[-75.055,41.744],[-75.051,41.753],[-75.056,41.775],[-75.068,41.784],[-75.106,41.797],[-75.083,41.819],[-75.079,41.828],[-75.101,41.836],[-75.116,41.855],[-75.143,41.862],[-75.165,41.877],[-75.177,41.88],[-75.233,41.873],[-75.249,41.882],[-75.263,41.948],[-75.315,41.97],[-75.339,41.984],[-75.339,41.997],[-79.763,42],[-79.763,42.538]]],[[[-73.933,40.797],[-73.972,40.741],[-73.976,40.714],[-74.017,40.699],[-74.012,40.73],[-74.003,40.756],[-73.939,40.854],[-73.928,40.878],[-73.918,40.875],[-73.917,40.863],[-73.939,40.828],[-73.94,40.814],[-73.933,40.797]]],[[[-73.256,40.639],[-73.32,40.635],[-73.574,40.575],[-73.566,40.59],[-73.339,40.645],[-73.269,40.649],[-73.248,40.648],[-73.256,40.639]]],[[[-74.126,40.633],[-74.084,40.65],[-74.077,40.649],[-74.071,40.638],[-74.075,40.634],[-74.072,40.623],[-74.061,40.615],[-74.054,40.603],[-74.102,40.555],[-74.134,40.533],[-74.148,40.535],[-74.192,40.511],[-74.243,40.499],[-74.251,40.501],[-74.253,40.507],[-74.239,40.517],[-74.242,40.539],[-74.233,40.548],[-74.207,40.56],[-74.201,40.57],[-74.192,40.628],[-74.171,40.643],[-74.154,40.637],[-74.126,40.633]]],[[[-72.882,40.734],[-72.832,40.748],[-72.779,40.767],[-72.757,40.769],[-72.757,40.76],[-72.805,40.751],[-73.041,40.673],[-73.148,40.644],[-73.246,40.624],[-73.297,40.623],[-73.305,40.63],[-73.255,40.63],[-73.177,40.651],[-73.04,40.682],[-72.949,40.715],[-72.882,40.734]]],[[[-71.919,41.065],[-71.931,41.079],[-71.903,41.085],[-71.857,41.072],[-71.885,41.045],[-71.93,41.038],[-72.009,41.007],[-72.087,40.983],[-72.407,40.862],[-72.461,40.853],[-72.448,40.868],[-72.447,40.879],[-72.459,40.885],[-72.485,40.887],[-72.497,40.884],[-72.501,40.876],[-72.498,40.866],[-72.492,40.856],[-72.491,40.847],[-72.502,40.839],[-72.542,40.821],[-72.724,40.77],[-72.732,40.77],[-72.738,40.774],[-72.732,40.778],[-72.651,40.797],[-72.664,40.801],[-72.7,40.8],[-72.727,40.808],[-72.765,40.783],[-72.802,40.783],[-72.828,40.79],[-72.814,40.782],[-72.818,40.768],[-72.853,40.749],[-72.879,40.746],[-72.889,40.766],[-72.91,40.758],[-72.926,40.756],[-72.947,40.742],[-73.012,40.75],[-73.023,40.748],[-73.033,40.731],[-73.099,40.72],[-73.115,40.728],[-73.129,40.73],[-73.14,40.726],[-73.145,40.705],[-73.158,40.7],[-73.18,40.705],[-73.212,40.706],[-73.233,40.715],[-73.275,40.687],[-73.317,40.684],[-73.372,40.662],[-73.561,40.638],[-73.627,40.614],[-73.653,40.601],[-73.664,40.604],[-73.656,40.609],[-73.655,40.618],[-73.668,40.626],[-73.696,40.622],[-73.711,40.61],[-73.71,40.595],[-73.575,40.593],[-73.582,40.584],[-73.707,40.583],[-73.752,40.586],[-73.768,40.59],[-73.813,40.584],[-73.939,40.542],[-73.939,40.555],[-73.79,40.6],[-73.769,40.619],[-73.771,40.623],[-73.798,40.638],[-73.83,40.649],[-73.869,40.64],[-73.891,40.624],[-73.893,40.614],[-73.884,40.6],[-73.878,40.582],[-73.892,40.577],[-73.898,40.583],[-73.926,40.584],[-73.932,40.578],[-73.942,40.575],[-73.988,40.569],[-74.004,40.571],[-74.012,40.579],[-74.001,40.583],[-73.998,40.59],[-74.005,40.597],[-74.03,40.605],[-74.04,40.62],[-74.036,40.639],[-74.024,40.649],[-74.013,40.665],[-74.015,40.678],[-73.998,40.696],[-73.969,40.709],[-73.959,40.725],[-73.957,40.743],[-73.93,40.773],[-73.909,40.789],[-73.887,40.78],[-73.87,40.782],[-73.861,40.776],[-73.823,40.797],[-73.779,40.792],[-73.758,40.771],[-73.75,40.791],[-73.764,40.81],[-73.756,40.833],[-73.74,40.834],[-73.715,40.805],[-73.703,40.81],[-73.697,40.822],[-73.7,40.834],[-73.733,40.844],[-73.731,40.854],[-73.72,40.866],[-73.705,40.867],[-73.674,40.857],[-73.666,40.838],[-73.653,40.824],[-73.646,40.831],[-73.653,40.868],[-73.633,40.9],[-73.565,40.915],[-73.52,40.918],[-73.513,40.905],[-73.515,40.9],[-73.529,40.892],[-73.541,40.895],[-73.549,40.891],[-73.535,40.879],[-73.511,40.877],[-73.508,40.894],[-73.493,40.892],[-73.493,40.882],[-73.48,40.877],[-73.472,40.882],[-73.476,40.891],[-73.468,40.894],[-73.469,40.901],[-73.494,40.927],[-73.486,40.946],[-73.462,40.936],[-73.431,40.933],[-73.441,40.915],[-73.42,40.9],[-73.389,40.906],[-73.371,40.9],[-73.358,40.9],[-73.355,40.914],[-73.361,40.925],[-73.4,40.925],[-73.41,40.94],[-73.402,40.954],[-73.395,40.954],[-73.38,40.947],[-73.374,40.936],[-73.293,40.925],[-73.263,40.914],[-73.235,40.908],[-73.179,40.919],[-73.159,40.93],[-73.148,40.946],[-73.153,40.962],[-73.113,40.973],[-73.099,40.97],[-73.104,40.949],[-73.091,40.948],[-73.082,40.952],[-73.079,40.959],[-73.085,40.969],[-73.076,40.972],[-73.048,40.963],[-73.009,40.967],[-72.9,40.963],[-72.83,40.969],[-72.781,40.965],[-72.696,40.981],[-72.628,40.984],[-72.606,40.99],[-72.472,41.056],[-72.445,41.086],[-72.413,41.09],[-72.383,41.109],[-72.359,41.131],[-72.343,41.141],[-72.289,41.161],[-72.276,41.163],[-72.247,41.156],[-72.242,41.147],[-72.247,41.135],[-72.26,41.125],[-72.289,41.113],[-72.304,41.132],[-72.344,41.114],[-72.412,41.065],[-72.415,41.054],[-72.385,41.044],[-72.391,41.031],[-72.412,41.034],[-72.431,41.03],[-72.437,41.026],[-72.439,41.016],[-72.433,40.993],[-72.438,40.984],[-72.455,41.004],[-72.466,41.004],[-72.473,40.99],[-72.521,40.985],[-72.544,40.967],[-72.543,40.957],[-72.58,40.933],[-72.616,40.928],[-72.625,40.908],[-72.603,40.908],[-72.584,40.9],[-72.564,40.912],[-72.544,40.91],[-72.501,40.897],[-72.481,40.898],[-72.457,40.91],[-72.444,40.932],[-72.441,40.943],[-72.408,40.951],[-72.367,40.995],[-72.342,41],[-72.327,40.999],[-72.321,41.006],[-72.332,41.031],[-72.322,41.036],[-72.307,41.036],[-72.298,41.006],[-72.27,41.002],[-72.263,41.015],[-72.249,41.018],[-72.24,41.038],[-72.234,41.044],[-72.214,41.04],[-72.187,41.009],[-72.18,41.047],[-72.167,41.057],[-72.155,41.055],[-72.123,41.017],[-72.118,41.007],[-72.109,41.001],[-72.088,41.005],[-72.05,41.018],[-72.012,41.042],[-71.993,41.05],[-71.976,41.043],[-71.959,41.046],[-71.958,41.07],[-71.945,41.073],[-71.919,41.059],[-71.919,41.065]]],[[[-71.999,41.252],[-72.023,41.253],[-72.039,41.249],[-72.037,41.261],[-72.026,41.267],[-72.022,41.277],[-72.011,41.276],[-72.003,41.267],[-71.994,41.283],[-71.954,41.287],[-71.94,41.292],[-71.921,41.291],[-71.928,41.282],[-71.97,41.274],[-71.999,41.252]]],[[[-72.342,41.091],[-72.34,41.104],[-72.328,41.105],[-72.323,41.095],[-72.305,41.084],[-72.28,41.079],[-72.283,41.069],[-72.278,41.058],[-72.282,41.048],[-72.276,41.039],[-72.276,41.032],[-72.318,41.049],[-72.359,41.046],[-72.371,41.055],[-72.372,41.069],[-72.362,41.08],[-72.342,41.091]]],[[[-72.131,41.12],[-72.109,41.107],[-72.078,41.1],[-72.079,41.095],[-72.085,41.092],[-72.081,41.075],[-72.101,41.054],[-72.103,41.081],[-72.108,41.091],[-72.136,41.093],[-72.142,41.097],[-72.128,41.109],[-72.131,41.12]]]]}},{"type":"Feature","properties":{"kind":"admin1","iso":"US","region":"Pennsylvania","name":"Pennsylvania"},"geometry":{"type":"Polygon","coordinates":[[[-80.52,42.324],[-80.247,42.365],[-79.763,42.538],[-79.763,42],[-75.339,41.997],[-75.339,41.984],[-75.315,41.97],[-75.263,41.948],[-75.249,41.882],[-75.233,41.873],[-75.177,41.88],[-75.165,41.877],[-75.143,41.862],[-75.116,41.855],[-75.101,41.836],[-75.079,41.828],[-75.083,41.819],[-75.106,41.797],[-75.068,41.784],[-75.056,41.775],[-75.051,41.753],[-75.055,41.744],[-75.068,41.735],[-75.071,41.726],[-75.058,41.688],[-75.064,41.616],[-75.061,41.605],[-75.048,41.596],[-74.998,41.514],[-74.984,41.498],[-74.967,41.487],[-74.923,41.479],[-74.886,41.448],[-74.862,41.444],[-74.813,41.447],[-74.781,41.429],[-74.77,41.429],[-74.749,41.435],[-74.742,41.431],[-74.729,41.407],[-74.704,41.376],[-74.699,41.355],[-74.718,41.345],[-74.741,41.344],[-74.751,41.341],[-74.764,41.332],[-74.78,41.328],[-74.791,41.311],[-74.845,41.273],[-74.852,41.26],[-74.863,41.225],[-74.886,41.181],[-74.938,41.128],[-74.978,41.107],[-74.982,41.102],[-74.982,41.087],[-75.027,41.047],[-75.046,41.035],[-75.083,41.026],[-75.129,40.998],[-75.14,40.982],[-75.137,40.975],[-75.12,40.955],[-75.12,40.943],[-75.1,40.937],[-75.099,40.931],[-75.061,40.892],[-75.058,40.872],[-75.068,40.855],[-75.093,40.838],[-75.105,40.796],[-75.122,40.786],[-75.142,40.784],[-75.161,40.79],[-75.177,40.766],[-75.189,40.759],[-75.187,40.75],[-75.18,40.743],[-75.198,40.701],[-75.191,40.678],[-75.195,40.661],[-75.191,40.629],[-75.196,40.619],[-75.182,40.57],[-75.17,40.566],[-75.14,40.571],[-75.089,40.558],[-75.072,40.532],[-75.064,40.454],[-75.054,40.435],[-75.036,40.415],[-75.014,40.403],[-74.975,40.415],[-74.961,40.398],[-74.948,40.359],[-74.896,40.323],[-74.849,40.271],[-74.818,40.242],[-74.765,40.206],[-74.739,40.185],[-74.729,40.163],[-74.741,40.144],[-74.77,40.13],[-74.838,40.115],[-74.873,40.091],[-74.92,40.078],[-74.936,40.07],[-74.975,40.036],[-74.989,40.029],[-75.047,40.009],[-75.08,39.986],[-75.12,39.974],[-75.133,39.956],[-75.139,39.934],[-75.133,39.913],[-75.148,39.903],[-75.208,39.885],[-75.249,39.867],[-75.273,39.864],[-75.297,39.872],[-75.359,39.848],[-75.376,39.845],[-75.392,39.84],[-75.424,39.807],[-75.495,39.833],[-75.529,39.838],[-75.601,39.838],[-75.652,39.825],[-75.678,39.815],[-75.731,39.782],[-75.759,39.752],[-75.777,39.721],[-80.519,39.721],[-80.52,42.324]]]}},{"type":"Feature","properties":{"kind":"admin1","iso":"US","region":"Texas","name":"Texas"},"geometry":{"type":"MultiPolygon","coordinates":[[[[-106.473,31.755],[-106.493,31.759],[-106.553,31.812],[-106.566,31.82],[-106.58,31.822],[-106.591,31.827],[-106.601,31.836],[-106.608,31.848],[-106.6,31.855],[-106.625,31.886],[-106.632,31.903],[-106.64,31.947],[-106.661,31.983],[-106.662,32],[-103.066,32.002],[-103.042,36.5],[-100.002,36.5],[-99.999,34.575],[-99.938,34.582],[-99.914,34.574],[-99.892,34.57],[-99.882,34.565],[-99.713,34.431],[-99.681,34.395],[-99.662,34.39],[-99.602,34.385],[-99.583,34.39],[-99.565,34.406],[-99.547,34.412],[-99.499,34.407],[-99.44,34.382],[-99.416,34.38],[-99.401,34.386],[-99.393,34.402],[-99.387,34.451],[-99.377,34.463],[-99.362,34.462],[-99.344,34.451],[-99.332,34.431],[-99.323,34.424],[-99.265,34.412],[-99.24,34.363],[-99.209,34.34],[-99.192,34.322],[-99.2,34.302],[-99.197,34.248],[-99.193,34.232],[-99.176,34.221],[-99.154,34.217],[-99.107,34.219],[-99.086,34.216],[-99.029,34.204],[-98.975,34.216],[-98.953,34.212],[-98.878,34.171],[-98.732,34.142],[-98.72,34.137],[-98.653,34.16],[-98.631,34.163],[-98.586,34.157],[-98.575,34.152],[-98.559,34.128],[-98.539,34.115],[-98.506,34.083],[-98.491,34.075],[-98.441,34.075],[-98.417,34.079],[-98.384,34.123],[-98.369,34.138],[-98.343,34.143],[-98.21,34.129],[-98.179,34.132],[-98.132,34.146],[-98.107,34.15],[-98.091,34.138],[-98.095,34.082],[-98.09,34.061],[-98.088,34.028],[-98.051,34.012],[-98.001,34.004],[-97.966,33.993],[-97.956,33.995],[-97.949,33.987],[-97.947,33.977],[-97.953,33.965],[-97.946,33.955],[-97.946,33.945],[-97.959,33.893],[-97.949,33.883],[-97.927,33.873],[-97.884,33.862],[-97.84,33.868],[-97.801,33.888],[-97.715,33.96],[-97.68,33.984],[-97.641,33.995],[-97.603,33.979],[-97.594,33.962],[-97.595,33.925],[-97.586,33.906],[-97.571,33.899],[-97.507,33.903],[-97.484,33.899],[-97.469,33.892],[-97.461,33.879],[-97.452,33.835],[-97.436,33.827],[-97.372,33.83],[-97.36,33.834],[-97.338,33.847],[-97.322,33.869],[-97.306,33.878],[-97.294,33.875],[-97.267,33.855],[-97.236,33.9],[-97.212,33.91],[-97.188,33.893],[-97.18,33.882],[-97.178,33.869],[-97.182,33.853],[-97.201,33.828],[-97.206,33.811],[-97.201,33.787],[-97.187,33.76],[-97.168,33.738],[-97.144,33.725],[-97.113,33.726],[-97.094,33.742],[-97.085,33.768],[-97.083,33.797],[-97.078,33.808],[-97.059,33.817],[-97.055,33.824],[-97.059,33.834],[-97.074,33.846],[-97.075,33.862],[-97.04,33.854],[-97.018,33.859],[-97.002,33.875],[-96.987,33.903],[-96.985,33.94],[-96.978,33.948],[-96.967,33.952],[-96.933,33.957],[-96.915,33.956],[-96.901,33.951],[-96.889,33.941],[-96.874,33.894],[-96.851,33.872],[-96.834,33.869],[-96.79,33.872],[-96.748,33.849],[-96.729,33.847],[-96.692,33.855],[-96.681,33.866],[-96.665,33.902],[-96.659,33.91],[-96.649,33.916],[-96.626,33.913],[-96.601,33.905],[-96.59,33.892],[-96.603,33.868],[-96.601,33.858],[-96.582,33.839],[-96.541,33.828],[-96.519,33.819],[-96.513,33.815],[-96.504,33.79],[-96.496,33.787],[-96.429,33.79],[-96.41,33.787],[-96.387,33.763],[-96.359,33.726],[-96.329,33.702],[-96.301,33.718],[-96.295,33.739],[-96.296,33.754],[-96.29,33.763],[-96.263,33.766],[-96.221,33.762],[-96.203,33.764],[-96.184,33.774],[-96.156,33.821],[-96.147,33.828],[-96.105,33.842],[-96.04,33.843],[-96.006,33.855],[-95.973,33.873],[-95.965,33.873],[-95.95,33.889],[-95.938,33.896],[-95.928,33.893],[-95.917,33.884],[-95.86,33.854],[-95.849,33.851],[-95.821,33.855],[-95.809,33.867],[-95.801,33.869],[-95.79,33.858],[-95.783,33.855],[-95.772,33.862],[-95.777,33.89],[-95.77,33.896],[-95.712,33.896],[-95.695,33.91],[-95.647,33.93],[-95.623,33.924],[-95.61,33.943],[-95.598,33.952],[-95.585,33.948],[-95.548,33.926],[-95.54,33.91],[-95.55,33.896],[-95.537,33.89],[-95.506,33.89],[-95.497,33.875],[-95.482,33.883],[-95.464,33.881],[-95.452,33.869],[-95.357,33.868],[-95.338,33.874],[-95.332,33.896],[-95.314,33.89],[-95.286,33.902],[-95.28,33.91],[-95.269,33.905],[-95.263,33.915],[-95.262,33.933],[-95.256,33.948],[-95.237,33.961],[-95.22,33.963],[-95.154,33.944],[-95.143,33.938],[-95.128,33.919],[-95.097,33.913],[-95.079,33.903],[-95.047,33.876],[-95.032,33.867],[-95.016,33.863],[-94.982,33.862],[-94.967,33.855],[-94.957,33.845],[-94.955,33.83],[-94.93,33.815],[-94.91,33.787],[-94.873,33.756],[-94.807,33.746],[-94.755,33.733],[-94.74,33.71],[-94.722,33.703],[-94.708,33.692],[-94.689,33.697],[-94.669,33.695],[-94.644,33.686],[-94.636,33.677],[-94.61,33.681],[-94.588,33.679],[-94.595,33.67],[-94.533,33.65],[-94.533,33.657],[-94.515,33.649],[-94.467,33.644],[-94.45,33.605],[-94.431,33.591],[-94.407,33.585],[-94.382,33.588],[-94.382,33.582],[-94.395,33.571],[-94.387,33.562],[-94.369,33.559],[-94.348,33.567],[-94.328,33.558],[-94.317,33.567],[-94.31,33.583],[-94.3,33.595],[-94.283,33.595],[-94.235,33.574],[-94.221,33.58],[-94.208,33.589],[-94.193,33.594],[-94.159,33.577],[-94.14,33.573],[-94.119,33.574],[-94.101,33.582],[-94.072,33.564],[-94.047,33.554],[-94.041,33.011],[-94.043,31.998],[-94.035,31.987],[-93.998,31.963],[-93.974,31.927],[-93.932,31.907],[-93.904,31.883],[-93.882,31.855],[-93.866,31.823],[-93.84,31.79],[-93.827,31.731],[-93.813,31.708],[-93.82,31.677],[-93.823,31.641],[-93.833,31.618],[-93.83,31.594],[-93.811,31.567],[-93.784,31.542],[-93.765,31.53],[-93.735,31.522],[-93.727,31.515],[-93.729,31.505],[-93.747,31.49],[-93.743,31.473],[-93.736,31.466],[-93.71,31.456],[-93.695,31.41],[-93.67,31.384],[-93.654,31.374],[-93.675,31.344],[-93.678,31.331],[-93.676,31.32],[-93.668,31.309],[-93.628,31.277],[-93.619,31.251],[-93.611,31.239],[-93.605,31.207],[-93.6,31.198],[-93.589,31.192],[-93.566,31.196],[-93.548,31.193],[-93.543,31.176],[-93.546,31.132],[-93.548,31.122],[-93.557,31.108],[-93.56,31.097],[-93.533,31.06],[-93.519,31.049],[-93.515,31.042],[-93.519,31.032],[-93.527,31.027],[-93.563,31.019],[-93.578,31.008],[-93.569,30.986],[-93.538,30.944],[-93.546,30.929],[-93.57,30.909],[-93.574,30.898],[-93.566,30.857],[-93.568,30.836],[-93.574,30.82],[-93.61,30.762],[-93.618,30.714],[-93.628,30.7],[-93.662,30.676],[-93.67,30.661],[-93.687,30.601],[-93.706,30.596],[-93.722,30.583],[-93.731,30.566],[-93.731,30.546],[-93.717,30.532],[-93.717,30.511],[-93.704,30.473],[-93.706,30.455],[-93.752,30.393],[-93.756,30.373],[-93.752,30.329],[-93.745,30.314],[-93.715,30.287],[-93.71,30.265],[-93.725,30.224],[-93.71,30.192],[-93.705,30.16],[-93.704,30.144],[-93.71,30.121],[-93.723,30.101],[-93.725,30.092],[-93.717,30.08],[-93.776,30.022],[-93.798,29.986],[-93.819,29.987],[-93.835,29.984],[-93.854,29.987],[-93.858,29.968],[-93.868,29.95],[-93.924,29.866],[-93.938,29.806],[-93.933,29.776],[-93.876,29.723],[-93.86,29.693],[-93.876,29.675],[-93.887,29.675],[-93.917,29.682],[-94.038,29.684],[-94.06,29.682],[-94.102,29.671],[-94.216,29.617],[-94.335,29.578],[-94.654,29.452],[-94.691,29.429],[-94.742,29.375],[-94.763,29.367],[-94.786,29.37],[-94.791,29.38],[-94.782,29.393],[-94.701,29.463],[-94.675,29.475],[-94.652,29.478],[-94.63,29.486],[-94.581,29.524],[-94.504,29.526],[-94.492,29.534],[-94.485,29.552],[-94.486,29.566],[-94.51,29.549],[-94.53,29.556],[-94.546,29.568],[-94.561,29.575],[-94.605,29.553],[-94.695,29.539],[-94.755,29.524],[-94.779,29.53],[-94.787,29.541],[-94.785,29.547],[-94.774,29.542],[-94.761,29.544],[-94.716,29.611],[-94.703,29.65],[-94.693,29.696],[-94.704,29.751],[-94.719,29.777],[-94.734,29.782],[-94.745,29.782],[-94.774,29.773],[-94.795,29.772],[-94.807,29.782],[-94.826,29.768],[-94.826,29.75],[-94.849,29.718],[-94.863,29.683],[-94.876,29.666],[-94.92,29.655],[-94.932,29.667],[-94.938,29.69],[-94.966,29.704],[-95.016,29.72],[-95.034,29.748],[-95.052,29.75],[-95.064,29.713],[-95.037,29.704],[-95.029,29.697],[-95.009,29.693],[-94.986,29.675],[-95.009,29.66],[-95.016,29.645],[-95.01,29.626],[-94.985,29.606],[-94.989,29.594],[-95.016,29.569],[-95.024,29.542],[-94.984,29.514],[-94.908,29.496],[-94.924,29.476],[-94.936,29.48],[-94.965,29.47],[-94.965,29.463],[-94.948,29.452],[-94.943,29.422],[-94.917,29.421],[-94.917,29.429],[-94.922,29.434],[-94.917,29.442],[-94.89,29.401],[-94.879,29.394],[-94.866,29.392],[-94.821,29.374],[-94.831,29.371],[-94.834,29.367],[-94.849,29.376],[-94.87,29.381],[-94.889,29.376],[-94.901,29.335],[-94.913,29.316],[-94.928,29.308],[-94.944,29.319],[-94.951,29.319],[-94.955,29.306],[-94.964,29.298],[-94.985,29.285],[-94.999,29.285],[-94.999,29.271],[-95.065,29.204],[-95.116,29.175],[-95.124,29.194],[-95.137,29.199],[-95.153,29.201],[-95.171,29.209],[-95.163,29.201],[-95.15,29.175],[-95.159,29.152],[-95.15,29.072],[-95.151,29.058],[-95.159,29.046],[-95.232,28.996],[-95.26,28.982],[-95.314,28.928],[-95.368,28.887],[-95.379,28.881],[-95.402,28.878],[-95.419,28.872],[-95.602,28.764],[-95.645,28.746],[-95.689,28.736],[-95.734,28.734],[-95.78,28.736],[-95.817,28.732],[-95.952,28.689],[-95.946,28.676],[-95.956,28.633],[-95.952,28.627],[-95.94,28.626],[-95.793,28.699],[-95.755,28.712],[-95.719,28.715],[-95.837,28.646],[-95.902,28.618],[-96.005,28.597],[-96.066,28.554],[-96.124,28.537],[-96.188,28.502],[-96.219,28.489],[-96.195,28.516],[-96.161,28.537],[-96.017,28.602],[-95.996,28.606],[-95.985,28.613],[-95.981,28.629],[-95.988,28.645],[-96.007,28.654],[-96.026,28.651],[-96.065,28.631],[-96.098,28.623],[-96.157,28.599],[-96.205,28.587],[-96.226,28.587],[-96.222,28.602],[-96.205,28.611],[-96.159,28.615],[-96.143,28.627],[-96.137,28.627],[-96.137,28.634],[-96.154,28.635],[-96.195,28.627],[-96.215,28.629],[-96.22,28.637],[-96.188,28.691],[-96.195,28.694],[-96.231,28.693],[-96.267,28.675],[-96.26,28.689],[-96.281,28.68],[-96.308,28.651],[-96.329,28.64],[-96.346,28.635],[-96.35,28.637],[-96.35,28.644],[-96.356,28.654],[-96.385,28.679],[-96.39,28.689],[-96.38,28.7],[-96.378,28.715],[-96.383,28.73],[-96.398,28.743],[-96.417,28.73],[-96.439,28.764],[-96.445,28.764],[-96.444,28.749],[-96.438,28.732],[-96.424,28.709],[-96.401,28.72],[-96.398,28.712],[-96.4,28.703],[-96.417,28.689],[-96.41,28.666],[-96.417,28.644],[-96.403,28.636],[-96.37,28.627],[-96.428,28.595],[-96.463,28.583],[-96.493,28.579],[-96.478,28.592],[-96.445,28.597],[-96.439,28.617],[-96.447,28.636],[-96.485,28.613],[-96.497,28.645],[-96.52,28.64],[-96.536,28.646],[-96.555,28.647],[-96.559,28.654],[-96.567,28.697],[-96.579,28.712],[-96.59,28.72],[-96.604,28.724],[-96.618,28.722],[-96.63,28.715],[-96.639,28.724],[-96.651,28.73],[-96.646,28.687],[-96.637,28.672],[-96.605,28.631],[-96.603,28.61],[-96.609,28.579],[-96.6,28.568],[-96.592,28.57],[-96.582,28.579],[-96.57,28.575],[-96.52,28.549],[-96.507,28.537],[-96.493,28.511],[-96.555,28.486],[-96.548,28.469],[-96.532,28.469],[-96.503,28.486],[-96.473,28.494],[-96.436,28.481],[-96.407,28.459],[-96.404,28.435],[-96.476,28.401],[-96.495,28.396],[-96.654,28.319],[-96.671,28.332],[-96.688,28.327],[-96.698,28.336],[-96.704,28.352],[-96.706,28.388],[-96.709,28.4],[-96.718,28.405],[-96.736,28.407],[-96.742,28.411],[-96.746,28.435],[-96.767,28.448],[-96.785,28.473],[-96.793,28.48],[-96.81,28.468],[-96.813,28.458],[-96.811,28.452],[-96.802,28.455],[-96.777,28.437],[-96.77,28.426],[-96.767,28.411],[-96.775,28.4],[-96.828,28.429],[-96.844,28.416],[-96.825,28.388],[-96.796,28.357],[-96.781,28.332],[-96.797,28.297],[-96.801,28.279],[-96.782,28.242],[-96.792,28.229],[-96.828,28.209],[-96.845,28.193],[-96.88,28.151],[-96.896,28.141],[-96.945,28.126],[-96.933,28.163],[-96.925,28.179],[-96.91,28.195],[-96.925,28.214],[-96.919,28.232],[-96.909,28.249],[-96.91,28.264],[-96.922,28.263],[-96.959,28.216],[-96.946,28.205],[-96.943,28.191],[-96.949,28.174],[-96.973,28.134],[-96.984,28.13],[-97.02,28.14],[-97.006,28.154],[-97.013,28.164],[-97.007,28.195],[-97.014,28.209],[-97.02,28.209],[-97.036,28.188],[-97.071,28.168],[-97.11,28.154],[-97.138,28.148],[-97.131,28.158],[-97.139,28.166],[-97.153,28.169],[-97.165,28.167],[-97.173,28.159],[-97.177,28.148],[-97.173,28.138],[-97.157,28.134],[-97.199,28.097],[-97.218,28.075],[-97.209,28.065],[-97.187,28.062],[-97.168,28.056],[-97.154,28.045],[-97.144,28.03],[-97.149,28.006],[-97.138,28.01],[-97.13,28.017],[-97.118,28.042],[-97.116,28.054],[-97.106,28.071],[-97.057,28.089],[-97.041,28.106],[-97.046,28.114],[-97.034,28.12],[-97.024,28.112],[-97.021,28.1],[-97.028,28.062],[-97.025,28.041],[-97.027,28.037],[-97.045,28.019],[-97.061,27.989],[-97.066,27.989],[-97.069,27.996],[-97.105,27.937],[-97.184,27.837],[-97.206,27.822],[-97.232,27.825],[-97.232,27.832],[-97.212,27.832],[-97.236,27.864],[-97.25,27.875],[-97.267,27.879],[-97.291,27.877],[-97.331,27.861],[-97.356,27.86],[-97.349,27.865],[-97.342,27.879],[-97.368,27.873],[-97.452,27.873],[-97.458,27.87],[-97.46,27.861],[-97.466,27.86],[-97.487,27.866],[-97.492,27.877],[-97.501,27.879],[-97.521,27.873],[-97.505,27.849],[-97.487,27.835],[-97.464,27.832],[-97.432,27.838],[-97.422,27.833],[-97.41,27.832],[-97.398,27.837],[-97.391,27.846],[-97.386,27.83],[-97.394,27.802],[-97.372,27.755],[-97.356,27.742],[-97.267,27.708],[-97.26,27.695],[-97.263,27.679],[-97.289,27.642],[-97.299,27.601],[-97.329,27.55],[-97.346,27.506],[-97.353,27.476],[-97.367,27.461],[-97.408,27.357],[-97.411,27.335],[-97.422,27.328],[-97.487,27.304],[-97.508,27.282],[-97.523,27.279],[-97.542,27.29],[-97.505,27.308],[-97.493,27.318],[-97.507,27.331],[-97.476,27.331],[-97.461,27.344],[-97.473,27.352],[-97.474,27.348],[-97.481,27.347],[-97.489,27.351],[-97.493,27.362],[-97.487,27.4],[-97.506,27.393],[-97.529,27.372],[-97.542,27.365],[-97.534,27.352],[-97.553,27.344],[-97.569,27.331],[-97.575,27.346],[-97.585,27.342],[-97.603,27.318],[-97.6,27.311],[-97.601,27.305],[-97.606,27.3],[-97.617,27.298],[-97.63,27.3],[-97.638,27.324],[-97.718,27.427],[-97.743,27.45],[-97.774,27.468],[-97.77,27.445],[-97.736,27.414],[-97.726,27.393],[-97.74,27.393],[-97.704,27.361],[-97.692,27.34],[-97.712,27.331],[-97.707,27.318],[-97.687,27.325],[-97.672,27.321],[-97.668,27.311],[-97.679,27.298],[-97.701,27.286],[-97.725,27.288],[-97.75,27.297],[-97.774,27.298],[-97.761,27.279],[-97.715,27.267],[-97.679,27.274],[-97.659,27.274],[-97.642,27.267],[-97.63,27.245],[-97.598,27.243],[-97.56,27.235],[-97.521,27.232],[-97.44,27.272],[-97.426,27.264],[-97.427,27.25],[-97.434,27.239],[-97.446,27.235],[-97.445,27.188],[-97.449,27.18],[-97.458,27.175],[-97.446,27.133],[-97.453,27.121],[-97.466,27.112],[-97.497,27.106],[-97.498,27.101],[-97.482,27.074],[-97.493,27.064],[-97.481,27.039],[-97.481,27.022],[-97.494,27.013],[-97.55,27.009],[-97.561,27.005],[-97.563,26.994],[-97.56,26.951],[-97.554,26.933],[-97.546,26.919],[-97.534,26.907],[-97.495,26.891],[-97.481,26.878],[-97.493,26.858],[-97.538,26.896],[-97.548,26.9],[-97.555,26.89],[-97.56,26.871],[-97.562,26.838],[-97.555,26.825],[-97.514,26.817],[-97.501,26.807],[-97.493,26.792],[-97.482,26.731],[-97.458,26.667],[-97.447,26.601],[-97.425,26.535],[-97.419,26.502],[-97.432,26.523],[-97.437,26.51],[-97.446,26.503],[-97.473,26.496],[-97.439,26.485],[-97.45,26.424],[-97.448,26.42],[-97.417,26.415],[-97.405,26.379],[-97.37,26.372],[-97.37,26.364],[-97.379,26.344],[-97.377,26.338],[-97.37,26.337],[-97.363,26.34],[-97.352,26.354],[-97.344,26.349],[-97.34,26.342],[-97.355,26.328],[-97.361,26.307],[-97.361,26.286],[-97.353,26.276],[-97.33,26.282],[-97.322,26.276],[-97.316,26.265],[-97.329,26.242],[-97.328,26.23],[-97.309,26.201],[-97.314,26.18],[-97.315,26.15],[-97.311,26.123],[-97.298,26.112],[-97.276,26.101],[-97.236,26.098],[-97.212,26.091],[-97.215,26.076],[-97.222,26.067],[-97.233,26.065],[-97.247,26.071],[-97.248,26.053],[-97.26,26.029],[-97.26,26.015],[-97.256,25.999],[-97.247,25.989],[-97.236,25.984],[-97.226,25.995],[-97.193,26.012],[-97.185,26.022],[-97.175,26.071],[-97.165,26.077],[-97.152,26.075],[-97.143,26.048],[-97.138,25.975],[-97.139,25.966],[-97.205,25.961],[-97.253,25.963],[-97.266,25.961],[-97.269,25.944],[-97.288,25.929],[-97.311,25.922],[-97.328,25.933],[-97.351,25.918],[-97.355,25.913],[-97.345,25.872],[-97.346,25.852],[-97.366,25.844],[-97.376,25.847],[-97.383,25.861],[-97.39,25.866],[-97.398,25.866],[-97.4,25.855],[-97.404,25.851],[-97.425,25.855],[-97.436,25.869],[-97.441,25.885],[-97.448,25.892],[-97.486,25.896],[-97.52,25.913],[-97.565,25.955],[-97.594,25.966],[-97.623,26.009],[-97.641,26.022],[-97.66,26.031],[-97.68,26.035],[-97.767,26.04],[-97.78,26.043],[-97.782,26.059],[-97.802,26.064],[-97.878,26.064],[-97.942,26.057],[-98.013,26.064],[-98.065,26.042],[-98.075,26.047],[-98.083,26.071],[-98.103,26.075],[-98.15,26.064],[-98.185,26.065],[-98.223,26.075],[-98.3,26.111],[-98.339,26.16],[-98.366,26.16],[-98.377,26.164],[-98.377,26.174],[-98.369,26.194],[-98.397,26.201],[-98.429,26.218],[-98.457,26.226],[-98.472,26.208],[-98.493,26.231],[-98.553,26.248],[-98.582,26.262],[-98.641,26.242],[-98.654,26.244],[-98.685,26.268],[-98.702,26.272],[-98.704,26.277],[-98.691,26.29],[-98.701,26.299],[-98.713,26.303],[-98.74,26.303],[-98.736,26.32],[-98.746,26.332],[-98.781,26.352],[-98.801,26.372],[-98.81,26.372],[-98.825,26.366],[-98.836,26.372],[-98.842,26.366],[-98.851,26.364],[-98.87,26.372],[-98.893,26.368],[-98.93,26.392],[-98.945,26.378],[-98.954,26.394],[-98.963,26.4],[-98.987,26.4],[-99.011,26.393],[-99.016,26.394],[-99.028,26.406],[-99.066,26.405],[-99.085,26.408],[-99.106,26.423],[-99.109,26.434],[-99.089,26.471],[-99.091,26.484],[-99.103,26.512],[-99.115,26.526],[-99.165,26.54],[-99.171,26.564],[-99.181,26.63],[-99.221,26.736],[-99.248,26.827],[-99.337,26.925],[-99.386,26.962],[-99.39,26.973],[-99.393,27.005],[-99.399,27.013],[-99.425,27.018],[-99.44,27.029],[-99.462,27.057],[-99.439,27.098],[-99.441,27.107],[-99.452,27.125],[-99.45,27.145],[-99.432,27.208],[-99.434,27.227],[-99.441,27.245],[-99.452,27.261],[-99.466,27.277],[-99.48,27.283],[-99.487,27.298],[-99.521,27.311],[-99.498,27.339],[-99.473,27.427],[-99.473,27.468],[-99.48,27.491],[-99.488,27.495],[-99.504,27.496],[-99.51,27.5],[-99.507,27.574],[-99.515,27.589],[-99.535,27.605],[-99.572,27.618],[-99.578,27.623],[-99.59,27.642],[-99.6,27.646],[-99.634,27.633],[-99.645,27.633],[-99.665,27.659],[-99.7,27.659],[-99.723,27.687],[-99.731,27.692],[-99.74,27.722],[-99.775,27.736],[-99.795,27.762],[-99.808,27.772],[-99.833,27.777],[-99.833,27.782],[-99.845,27.794],[-99.863,27.805],[-99.863,27.846],[-99.871,27.854],[-99.888,27.865],[-99.891,27.876],[-99.879,27.902],[-99.881,27.906],[-99.897,27.913],[-99.93,27.946],[-99.94,27.961],[-99.928,27.976],[-99.941,27.983],[-99.977,27.992],[-99.991,28.008],[-100.001,28.02],[-100.014,28.05],[-100.01,28.069],[-100.018,28.071],[-100.045,28.095],[-100.056,28.138],[-100.075,28.154],[-100.173,28.199],[-100.189,28.201],[-100.198,28.207],[-100.206,28.243],[-100.241,28.25],[-100.258,28.261],[-100.275,28.277],[-100.284,28.297],[-100.278,28.315],[-100.279,28.331],[-100.323,28.387],[-100.332,28.422],[-100.336,28.459],[-100.356,28.478],[-100.357,28.489],[-100.352,28.497],[-100.323,28.51],[-100.364,28.525],[-100.384,28.537],[-100.398,28.558],[-100.397,28.593],[-100.401,28.602],[-100.446,28.626],[-100.445,28.644],[-100.481,28.686],[-100.494,28.708],[-100.519,28.805],[-100.534,28.83],[-100.545,28.839],[-100.56,28.839],[-100.566,28.843],[-100.57,28.85],[-100.563,28.862],[-100.566,28.87],[-100.587,28.88],[-100.595,28.899],[-100.624,28.925],[-100.627,28.948],[-100.638,28.963],[-100.629,28.984],[-100.633,29.005],[-100.652,29.045],[-100.661,29.103],[-100.669,29.116],[-100.702,29.124],[-100.71,29.136],[-100.763,29.174],[-100.77,29.187],[-100.762,29.209],[-100.783,29.243],[-100.796,29.258],[-100.816,29.271],[-100.864,29.291],[-100.891,29.319],[-100.915,29.337],[-100.987,29.366],[-101.008,29.381],[-101.022,29.4],[-101.03,29.443],[-101.038,29.46],[-101.135,29.488],[-101.164,29.501],[-101.191,29.528],[-101.213,29.532],[-101.223,29.541],[-101.226,29.554],[-101.218,29.584],[-101.219,29.61],[-101.234,29.623],[-101.259,29.62],[-101.284,29.608],[-101.301,29.594],[-101.312,29.598],[-101.301,29.65],[-101.31,29.655],[-101.336,29.654],[-101.358,29.667],[-101.383,29.718],[-101.407,29.753],[-101.409,29.766],[-101.405,29.778],[-101.424,29.771],[-101.446,29.771],[-101.456,29.776],[-101.462,29.789],[-101.471,29.792],[-101.49,29.786],[-101.522,29.766],[-101.543,29.771],[-101.529,29.801],[-101.532,29.811],[-101.539,29.818],[-101.546,29.82],[-101.554,29.797],[-101.565,29.786],[-101.58,29.782],[-101.632,29.776],[-101.795,29.796],[-101.803,29.801],[-101.806,29.812],[-101.813,29.812],[-101.824,29.805],[-101.858,29.805],[-101.887,29.812],[-101.911,29.8],[-101.93,29.798],[-101.957,29.814],[-101.972,29.818],[-101.988,29.805],[-102.015,29.811],[-102.109,29.802],[-102.146,29.816],[-102.157,29.825],[-102.204,29.846],[-102.24,29.849],[-102.253,29.855],[-102.258,29.873],[-102.276,29.87],[-102.302,29.889],[-102.321,29.894],[-102.33,29.889],[-102.34,29.871],[-102.363,29.864],[-102.371,29.858],[-102.38,29.811],[-102.406,29.777],[-102.515,29.785],[-102.523,29.782],[-102.531,29.77],[-102.547,29.758],[-102.558,29.759],[-102.563,29.769],[-102.567,29.771],[-102.621,29.747],[-102.639,29.744],[-102.683,29.744],[-102.691,29.737],[-102.698,29.71],[-102.727,29.664],[-102.731,29.651],[-102.736,29.65],[-102.761,29.603],[-102.78,29.592],[-102.774,29.58],[-102.786,29.572],[-102.781,29.558],[-102.795,29.544],[-102.827,29.471],[-102.839,29.452],[-102.841,29.438],[-102.835,29.416],[-102.835,29.404],[-102.846,29.385],[-102.838,29.366],[-102.847,29.362],[-102.865,29.36],[-102.883,29.344],[-102.885,29.315],[-102.899,29.276],[-102.9,29.264],[-102.892,29.254],[-102.868,29.24],[-102.859,29.229],[-102.897,29.22],[-102.942,29.19],[-102.948,29.182],[-102.97,29.193],[-102.988,29.177],[-103.024,29.116],[-103.073,29.091],[-103.081,29.085],[-103.092,29.058],[-103.095,29.06],[-103.105,29.058],[-103.109,29.023],[-103.123,28.996],[-103.148,28.985],[-103.187,28.99],[-103.242,29.004],[-103.302,29.002],[-103.316,29.01],[-103.31,29.031],[-103.33,29.024],[-103.343,29.041],[-103.352,29.039],[-103.361,29.03],[-103.372,29.024],[-103.387,29.029],[-103.424,29.058],[-103.479,29.082],[-103.53,29.127],[-103.542,29.149],[-103.55,29.155],[-103.585,29.155],[-103.673,29.174],[-103.702,29.188],[-103.749,29.223],[-103.771,29.23],[-103.778,29.235],[-103.769,29.258],[-103.774,29.268],[-103.784,29.275],[-103.864,29.281],[-103.928,29.293],[-104.019,29.32],[-104.057,29.339],[-104.105,29.386],[-104.14,29.401],[-104.162,29.417],[-104.195,29.449],[-104.212,29.485],[-104.251,29.509],[-104.267,29.527],[-104.293,29.533],[-104.321,29.532],[-104.338,29.524],[-104.349,29.538],[-104.444,29.589],[-104.455,29.613],[-104.469,29.625],[-104.517,29.654],[-104.531,29.668],[-104.535,29.678],[-104.537,29.702],[-104.561,29.745],[-104.57,29.788],[-104.584,29.803],[-104.601,29.815],[-104.62,29.833],[-104.638,29.888],[-104.656,29.908],[-104.663,29.923],[-104.68,29.942],[-104.68,29.976],[-104.699,30.031],[-104.702,30.055],[-104.699,30.075],[-104.685,30.111],[-104.68,30.134],[-104.679,30.17],[-104.682,30.193],[-104.696,30.208],[-104.715,30.244],[-104.725,30.252],[-104.749,30.264],[-104.789,30.336],[-104.813,30.351],[-104.818,30.381],[-104.824,30.387],[-104.838,30.394],[-104.853,30.412],[-104.852,30.439],[-104.855,30.449],[-104.864,30.462],[-104.867,30.473],[-104.859,30.497],[-104.863,30.502],[-104.88,30.511],[-104.887,30.552],[-104.898,30.569],[-104.928,30.6],[-104.934,30.611],[-104.941,30.614],[-104.983,30.621],[-104.989,30.63],[-104.996,30.662],[-105.008,30.677],[-105.028,30.69],[-105.049,30.699],[-105.087,30.71],[-105.134,30.758],[-105.14,30.75],[-105.153,30.763],[-105.161,30.764],[-105.163,30.775],[-105.167,30.781],[-105.195,30.788],[-105.205,30.802],[-105.229,30.81],[-105.244,30.799],[-105.249,30.799],[-105.259,30.803],[-105.277,30.819],[-105.334,30.844],[-105.364,30.85],[-105.376,30.86],[-105.416,30.902],[-105.497,30.957],[-105.531,30.992],[-105.556,31.003],[-105.566,31.017],[-105.579,31.052],[-105.591,31.071],[-105.644,31.104],[-105.668,31.128],[-105.692,31.138],[-105.768,31.18],[-105.778,31.193],[-105.785,31.211],[-105.862,31.288],[-105.88,31.301],[-105.897,31.306],[-105.897,31.31],[-105.928,31.326],[-105.942,31.352],[-105.961,31.371],[-106.005,31.397],[-106.021,31.402],[-106.046,31.405],[-106.065,31.411],[-106.099,31.429],[-106.164,31.448],[-106.174,31.46],[-106.209,31.477],[-106.215,31.484],[-106.223,31.505],[-106.233,31.52],[-106.275,31.563],[-106.286,31.58],[-106.312,31.649],[-106.331,31.682],[-106.358,31.718],[-106.392,31.746],[-106.429,31.758],[-106.473,31.755]]],[[[-97.198,26.276],[-97.183,26.231],[-97.171,26.18],[-97.164,26.131],[-97.163,26.114],[-97.166,26.103],[-97.179,26.12],[-97.188,26.149],[-97.213,26.293],[-97.227,26.337],[-97.249,26.391],[-97.26,26.468],[-97.268,26.49],[-97.292,26.529],[-97.301,26.55],[-97.313,26.607],[-97.329,26.633],[-97.35,26.697],[-97.363,26.721],[-97.356,26.729],[-97.367,26.741],[-97.37,26.756],[-97.368,26.76],[-97.358,26.763],[-97.357,26.772],[-97.367,26.791],[-97.398,26.831],[-97.388,26.866],[-97.385,26.9],[-97.394,26.994],[-97.405,27.051],[-97.397,27.107],[-97.405,27.125],[-97.397,27.146],[-97.392,27.193],[-97.377,27.208],[-97.384,27.188],[-97.376,26.932],[-97.343,26.757],[-97.239,26.446],[-97.24,26.434],[-97.231,26.421],[-97.225,26.399],[-97.198,26.276]]],[[[-97.075,27.815],[-97.068,27.841],[-97.053,27.844],[-97.044,27.835],[-97.055,27.825],[-97.178,27.653],[-97.259,27.496],[-97.32,27.358],[-97.347,27.274],[-97.352,27.235],[-97.366,27.224],[-97.388,27.224],[-97.398,27.229],[-97.39,27.246],[-97.37,27.348],[-97.339,27.409],[-97.312,27.478],[-97.245,27.623],[-97.244,27.633],[-97.254,27.66],[-97.231,27.651],[-97.219,27.644],[-97.212,27.633],[-97.206,27.633],[-97.151,27.74],[-97.124,27.77],[-97.082,27.804],[-97.075,27.815]]],[[[-96.88,28.13],[-96.868,28.136],[-96.855,28.131],[-96.845,28.121],[-96.843,28.113],[-96.85,28.071],[-96.938,27.983],[-96.979,27.928],[-97.015,27.891],[-97.029,27.872],[-97.034,27.852],[-97.043,27.87],[-97.03,27.901],[-96.993,27.948],[-96.964,27.977],[-96.953,27.994],[-96.953,28],[-96.973,28.005],[-96.973,28.01],[-96.914,28.099],[-96.9,28.102],[-96.88,28.13]]],[[[-96.428,28.393],[-96.408,28.396],[-96.404,28.387],[-96.404,28.352],[-96.417,28.329],[-96.489,28.297],[-96.522,28.29],[-96.554,28.271],[-96.609,28.229],[-96.703,28.186],[-96.728,28.162],[-96.781,28.126],[-96.809,28.103],[-96.821,28.088],[-96.828,28.071],[-96.836,28.071],[-96.833,28.089],[-96.824,28.107],[-96.813,28.124],[-96.802,28.134],[-96.802,28.14],[-96.809,28.151],[-96.812,28.17],[-96.808,28.188],[-96.791,28.195],[-96.771,28.197],[-96.71,28.213],[-96.664,28.24],[-96.654,28.257],[-96.612,28.277],[-96.595,28.293],[-96.548,28.311],[-96.528,28.33],[-96.515,28.337],[-96.493,28.339],[-96.455,28.336],[-96.443,28.341],[-96.431,28.36],[-96.431,28.389],[-96.428,28.393]]],[[[-96.37,28.407],[-96.37,28.414],[-96.313,28.459],[-96.275,28.479],[-96.233,28.489],[-96.233,28.483],[-96.245,28.48],[-96.248,28.478],[-96.247,28.475],[-96.276,28.457],[-96.284,28.448],[-96.308,28.442],[-96.334,28.419],[-96.35,28.409],[-96.37,28.407]]],[[[-94.814,29.353],[-94.724,29.333],[-94.892,29.225],[-94.947,29.194],[-95.076,29.114],[-95.108,29.089],[-95.117,29.089],[-95.081,29.136],[-95.034,29.163],[-94.943,29.223],[-94.929,29.237],[-94.917,29.255],[-94.875,29.285],[-94.862,29.305],[-94.84,29.31],[-94.828,29.318],[-94.822,29.331],[-94.824,29.343],[-94.842,29.346],[-94.842,29.353],[-94.836,29.352],[-94.834,29.36],[-94.828,29.36],[-94.827,29.354],[-94.814,29.353]]]]}},{"type":"Feature","properties":{"kind":"admin1","iso":"US","region":"Utah","name":"Utah"},"geometry":{"type":"Polygon","coordinates":[[[-111.05,42],[-111.05,41],[-109.046,41],[-109.047,37],[-114.04,37.003],[-114.043,42],[-111.05,42]]]}},{"type":"Feature","properties":{"kind":"admin1","iso":"US","region":"Washington","name":"Washington"},"geometry":{"type":"MultiPolygon","coordinates":[[[[-122.753,48.993],[-117.038,48.993],[-117.035,48.359],[-117.043,48.055],[-117.041,46.604],[-117.039,46.424],[-117.044,46.378],[-117.037,46.363],[-116.989,46.32],[-116.956,46.281],[-116.942,46.26],[-116.931,46.211],[-116.909,46.183],[-116.909,46.162],[-116.918,46.142],[-116.961,46.105],[-116.955,46.094],[-116.902,46.046],[-116.879,46.001],[-119.002,46],[-119.045,45.964],[-119.093,45.949],[-119.341,45.946],[-119.48,45.927],[-119.549,45.93],[-119.575,45.928],[-119.592,45.921],[-119.621,45.896],[-119.662,45.872],[-119.934,45.838],[-120.08,45.795],[-120.127,45.789],[-120.145,45.781],[-120.176,45.759],[-120.202,45.746],[-120.23,45.737],[-120.29,45.74],[-120.363,45.715],[-120.374,45.714],[-120.426,45.721],[-120.47,45.71],[-120.621,45.731],[-120.631,45.729],[-120.658,45.717],[-120.669,45.703],[-120.716,45.69],[-120.787,45.68],[-120.839,45.653],[-120.9,45.642],[-120.943,45.646],[-120.968,45.651],[-121.001,45.65],[-121.039,45.653],[-121.133,45.624],[-121.155,45.622],[-121.173,45.632],[-121.204,45.685],[-121.224,45.697],[-121.272,45.709],[-121.57,45.729],[-121.718,45.71],[-121.793,45.721],[-121.821,45.717],[-121.862,45.701],[-121.931,45.66],[-121.971,45.642],[-122.261,45.566],[-122.342,45.587],[-122.426,45.588],[-122.456,45.6],[-122.507,45.61],[-122.54,45.622],[-122.555,45.622],[-122.595,45.614],[-122.673,45.626],[-122.722,45.649],[-122.739,45.663],[-122.748,45.68],[-122.754,45.702],[-122.759,45.741],[-122.753,45.782],[-122.757,45.792],[-122.78,45.82],[-122.781,45.843],[-122.774,45.881],[-122.792,45.916],[-122.801,45.962],[-122.807,45.978],[-122.85,46.012],[-122.861,46.05],[-122.874,46.072],[-122.892,46.092],[-122.91,46.108],[-122.967,46.136],[-122.999,46.146],[-123.03,46.149],[-123.092,46.183],[-123.112,46.186],[-123.172,46.179],[-123.208,46.178],[-123.248,46.163],[-123.269,46.15],[-123.298,46.152],[-123.329,46.166],[-123.393,46.204],[-123.412,46.22],[-123.456,46.267],[-123.479,46.276],[-123.603,46.26],[-123.663,46.27],[-123.675,46.294],[-123.693,46.305],[-123.724,46.3],[-123.726,46.29],[-123.735,46.288],[-123.748,46.291],[-123.765,46.273],[-123.778,46.274],[-123.791,46.283],[-123.807,46.283],[-123.818,46.269],[-123.834,46.269],[-123.841,46.261],[-123.851,46.26],[-123.854,46.252],[-123.873,46.24],[-123.925,46.252],[-123.949,46.27],[-123.967,46.294],[-123.985,46.309],[-124.009,46.313],[-124.023,46.314],[-124.049,46.296],[-124.052,46.286],[-124.04,46.281],[-124.038,46.277],[-124.041,46.273],[-124.062,46.277],[-124.076,46.268],[-124.08,46.272],[-124.064,46.356],[-124.061,46.44],[-124.063,46.596],[-124.072,46.643],[-124.063,46.655],[-124.036,46.631],[-124.044,46.624],[-124.038,46.608],[-124.026,46.591],[-124.018,46.569],[-124.026,46.492],[-124.022,46.42],[-124.014,46.385],[-123.993,46.38],[-123.978,46.382],[-123.958,46.378],[-123.948,46.403],[-123.932,46.415],[-123.927,46.44],[-123.921,46.439],[-123.911,46.428],[-123.876,46.419],[-123.847,46.397],[-123.841,46.416],[-123.857,46.426],[-123.898,46.442],[-123.902,46.457],[-123.936,46.472],[-123.935,46.495],[-123.908,46.508],[-123.901,46.513],[-123.896,46.521],[-123.896,46.544],[-123.92,46.581],[-123.945,46.606],[-123.956,46.623],[-123.939,46.62],[-123.911,46.605],[-123.895,46.603],[-123.916,46.628],[-123.923,46.658],[-123.911,46.682],[-123.877,46.692],[-123.843,46.697],[-123.826,46.692],[-123.812,46.663],[-123.795,46.661],[-123.776,46.667],[-123.764,46.678],[-123.796,46.682],[-123.84,46.717],[-123.9,46.747],[-123.912,46.741],[-123.913,46.728],[-123.952,46.725],[-123.976,46.741],[-123.982,46.72],[-123.975,46.711],[-123.963,46.707],[-123.973,46.701],[-124.025,46.713],[-124.03,46.72],[-124.093,46.743],[-124.101,46.761],[-124.101,46.809],[-124.114,46.849],[-124.13,46.886],[-124.127,46.899],[-124.112,46.912],[-124.091,46.9],[-124.098,46.878],[-124.077,46.859],[-124.072,46.843],[-124.058,46.844],[-124.021,46.832],[-124.014,46.842],[-124.015,46.851],[-124.032,46.87],[-124.057,46.862],[-124.055,46.876],[-124.047,46.891],[-124.033,46.898],[-124.007,46.899],[-123.963,46.918],[-123.813,46.959],[-123.828,46.965],[-123.845,46.961],[-123.868,46.97],[-123.95,46.968],[-123.956,46.972],[-123.922,46.98],[-123.965,46.984],[-124.013,46.984],[-124.019,46.994],[-124.013,47.009],[-124.028,47.028],[-124.066,47.037],[-124.117,47.043],[-124.139,47.036],[-124.148,47.024],[-124.137,47.002],[-124.137,46.968],[-124.124,46.947],[-124.111,46.948],[-124.105,46.945],[-124.106,46.933],[-124.122,46.941],[-124.138,46.945],[-124.148,46.943],[-124.153,46.938],[-124.153,46.93],[-124.178,46.926],[-124.172,46.981],[-124.172,47.042],[-124.179,47.107],[-124.2,47.187],[-124.212,47.227],[-124.243,47.29],[-124.254,47.302],[-124.276,47.303],[-124.299,47.348],[-124.272,47.343],[-124.283,47.351],[-124.308,47.353],[-124.318,47.357],[-124.349,47.5],[-124.351,47.547],[-124.384,47.636],[-124.411,47.688],[-124.416,47.726],[-124.423,47.742],[-124.447,47.75],[-124.456,47.762],[-124.477,47.778],[-124.483,47.813],[-124.542,47.834],[-124.568,47.87],[-124.593,47.876],[-124.61,47.875],[-124.638,47.908],[-124.672,47.991],[-124.694,48.075],[-124.689,48.1],[-124.735,48.17],[-124.719,48.176],[-124.7,48.192],[-124.689,48.213],[-124.69,48.219],[-124.706,48.246],[-124.704,48.25],[-124.689,48.253],[-124.682,48.264],[-124.683,48.285],[-124.68,48.294],[-124.665,48.309],[-124.661,48.32],[-124.671,48.324],[-124.67,48.333],[-124.689,48.338],[-124.718,48.357],[-124.73,48.372],[-124.728,48.388],[-124.697,48.391],[-124.638,48.383],[-124.62,48.369],[-124.608,48.366],[-124.593,48.375],[-124.575,48.37],[-124.458,48.317],[-124.399,48.294],[-124.347,48.281],[-124.296,48.262],[-124.274,48.257],[-124.251,48.263],[-124.228,48.259],[-124.111,48.216],[-124.1,48.2],[-124.05,48.177],[-123.997,48.173],[-123.971,48.166],[-123.873,48.162],[-123.862,48.156],[-123.818,48.161],[-123.789,48.153],[-123.7,48.165],[-123.642,48.151],[-123.634,48.141],[-123.585,48.135],[-123.567,48.147],[-123.552,48.151],[-123.535,48.145],[-123.524,48.135],[-123.505,48.133],[-123.476,48.134],[-123.436,48.142],[-123.405,48.139],[-123.453,48.132],[-123.45,48.125],[-123.422,48.118],[-123.322,48.115],[-123.287,48.118],[-123.247,48.115],[-123.224,48.122],[-123.171,48.164],[-123.15,48.177],[-123.108,48.184],[-123.131,48.174],[-123.161,48.152],[-123.112,48.149],[-123.089,48.128],[-123.063,48.118],[-123.04,48.085],[-123.045,48.06],[-123.03,48.045],[-123.008,48.039],[-122.997,48.039],[-123.006,48.079],[-122.999,48.092],[-122.957,48.097],[-122.927,48.095],[-122.922,48.086],[-122.919,48.07],[-122.911,48.066],[-122.887,48.063],[-122.873,48.05],[-122.857,48.03],[-122.853,48.01],[-122.873,48.001],[-122.873,47.994],[-122.854,47.995],[-122.841,48.006],[-122.825,48.035],[-122.837,48.05],[-122.877,48.08],[-122.882,48.092],[-122.878,48.107],[-122.868,48.119],[-122.856,48.125],[-122.824,48.131],[-122.795,48.141],[-122.77,48.141],[-122.75,48.117],[-122.785,48.103],[-122.791,48.097],[-122.792,48.083],[-122.775,48.066],[-122.765,48.045],[-122.722,47.994],[-122.688,47.973],[-122.683,47.944],[-122.678,47.936],[-122.626,47.89],[-122.62,47.878],[-122.628,47.874],[-122.668,47.871],[-122.676,47.862],[-122.684,47.843],[-122.692,47.833],[-122.736,47.794],[-122.75,47.775],[-122.769,47.738],[-122.781,47.692],[-122.8,47.68],[-122.812,47.678],[-122.828,47.683],[-122.829,47.694],[-122.818,47.713],[-122.8,47.777],[-122.799,47.807],[-122.806,47.843],[-122.817,47.83],[-122.822,47.792],[-122.839,47.782],[-122.84,47.802],[-122.847,47.82],[-122.856,47.826],[-122.867,47.809],[-122.866,47.794],[-122.858,47.775],[-122.839,47.747],[-122.862,47.733],[-122.887,47.688],[-122.904,47.673],[-122.91,47.65],[-122.942,47.635],[-123.021,47.566],[-123.065,47.493],[-123.119,47.45],[-123.133,47.412],[-123.158,47.372],[-123.161,47.357],[-123.13,47.341],[-123.074,47.345],[-122.905,47.395],[-122.872,47.41],[-122.839,47.432],[-122.868,47.436],[-122.907,47.424],[-122.976,47.391],[-123.052,47.367],[-123.092,47.367],[-123.114,47.391],[-123.111,47.405],[-123.063,47.457],[-123.023,47.523],[-122.949,47.597],[-122.873,47.631],[-122.798,47.652],[-122.775,47.661],[-122.764,47.669],[-122.743,47.727],[-122.734,47.743],[-122.635,47.84],[-122.624,47.847],[-122.613,47.85],[-122.596,47.847],[-122.594,47.84],[-122.597,47.831],[-122.592,47.823],[-122.571,47.82],[-122.567,47.834],[-122.571,47.857],[-122.588,47.904],[-122.611,47.936],[-122.613,47.946],[-122.553,47.921],[-122.528,47.906],[-122.518,47.881],[-122.51,47.833],[-122.504,47.822],[-122.494,47.814],[-122.49,47.804],[-122.504,47.788],[-122.475,47.776],[-122.469,47.768],[-122.468,47.757],[-122.483,47.737],[-122.493,47.735],[-122.541,47.743],[-122.558,47.74],[-122.556,47.729],[-122.565,47.713],[-122.58,47.698],[-122.596,47.692],[-122.652,47.733],[-122.661,47.73],[-122.658,47.718],[-122.628,47.693],[-122.592,47.597],[-122.6,47.59],[-122.592,47.583],[-122.617,47.574],[-122.644,47.596],[-122.682,47.652],[-122.695,47.634],[-122.697,47.623],[-122.696,47.61],[-122.69,47.597],[-122.682,47.591],[-122.647,47.577],[-122.639,47.577],[-122.647,47.562],[-122.676,47.538],[-122.682,47.528],[-122.63,47.544],[-122.586,47.569],[-122.553,47.583],[-122.543,47.567],[-122.542,47.541],[-122.534,47.528],[-122.508,47.52],[-122.51,47.503],[-122.523,47.482],[-122.538,47.437],[-122.552,47.414],[-122.556,47.392],[-122.538,47.371],[-122.545,47.356],[-122.555,47.347],[-122.586,47.336],[-122.561,47.301],[-122.557,47.285],[-122.569,47.264],[-122.583,47.264],[-122.661,47.288],[-122.686,47.301],[-122.683,47.31],[-122.67,47.319],[-122.653,47.349],[-122.639,47.363],[-122.628,47.38],[-122.633,47.405],[-122.641,47.386],[-122.654,47.377],[-122.688,47.364],[-122.71,47.345],[-122.726,47.339],[-122.729,47.321],[-122.749,47.295],[-122.753,47.281],[-122.748,47.267],[-122.723,47.238],[-122.724,47.233],[-122.737,47.22],[-122.737,47.225],[-122.75,47.213],[-122.743,47.198],[-122.743,47.192],[-122.773,47.173],[-122.799,47.205],[-122.815,47.251],[-122.815,47.274],[-122.796,47.281],[-122.787,47.296],[-122.784,47.315],[-122.785,47.343],[-122.791,47.364],[-122.807,47.377],[-122.811,47.384],[-122.806,47.398],[-122.82,47.383],[-122.837,47.334],[-122.846,47.316],[-122.87,47.299],[-122.886,47.291],[-122.913,47.285],[-122.92,47.278],[-122.95,47.202],[-122.965,47.181],[-122.991,47.165],[-123.043,47.154],[-123.068,47.146],[-123.079,47.13],[-123.041,47.144],[-123.022,47.144],[-123.018,47.13],[-123.029,47.122],[-123.068,47.112],[-123.079,47.096],[-123.059,47.103],[-122.969,47.148],[-122.942,47.178],[-122.93,47.174],[-122.935,47.16],[-122.979,47.102],[-122.993,47.091],[-123.01,47.083],[-122.987,47.081],[-122.965,47.09],[-122.946,47.107],[-122.935,47.13],[-122.929,47.12],[-122.927,47.11],[-122.929,47.099],[-122.935,47.089],[-122.926,47.078],[-122.918,47.056],[-122.908,47.048],[-122.893,47.047],[-122.893,47.057],[-122.908,47.083],[-122.896,47.093],[-122.901,47.13],[-122.892,47.142],[-122.853,47.165],[-122.847,47.155],[-122.848,47.146],[-122.86,47.13],[-122.831,47.137],[-122.821,47.142],[-122.823,47.16],[-122.817,47.166],[-122.798,47.158],[-122.773,47.128],[-122.748,47.12],[-122.736,47.111],[-122.726,47.1],[-122.722,47.089],[-122.686,47.104],[-122.652,47.128],[-122.572,47.209],[-122.55,47.242],[-122.537,47.279],[-122.538,47.316],[-122.448,47.268],[-122.433,47.265],[-122.419,47.269],[-122.4,47.281],[-122.428,47.297],[-122.43,47.305],[-122.422,47.316],[-122.391,47.334],[-122.339,47.347],[-122.328,47.357],[-122.324,47.373],[-122.325,47.391],[-122.334,47.404],[-122.361,47.43],[-122.367,47.442],[-122.367,47.485],[-122.37,47.497],[-122.388,47.521],[-122.409,47.575],[-122.39,47.594],[-122.378,47.596],[-122.346,47.562],[-122.34,47.599],[-122.345,47.612],[-122.359,47.624],[-122.413,47.642],[-122.429,47.66],[-122.425,47.665],[-122.414,47.667],[-122.407,47.683],[-122.385,47.709],[-122.381,47.72],[-122.388,47.752],[-122.398,47.763],[-122.406,47.778],[-122.404,47.798],[-122.399,47.814],[-122.382,47.839],[-122.353,47.856],[-122.34,47.873],[-122.334,47.91],[-122.325,47.924],[-122.325,47.934],[-122.32,47.942],[-122.277,47.967],[-122.242,47.973],[-122.213,47.987],[-122.207,48.014],[-122.192,48.026],[-122.194,48.031],[-122.208,48.038],[-122.222,48.038],[-122.238,48.026],[-122.308,48.065],[-122.34,48.09],[-122.362,48.123],[-122.368,48.16],[-122.366,48.191],[-122.376,48.213],[-122.417,48.226],[-122.436,48.235],[-122.444,48.232],[-122.449,48.223],[-122.446,48.202],[-122.467,48.192],[-122.469,48.177],[-122.466,48.159],[-122.458,48.144],[-122.432,48.122],[-122.415,48.112],[-122.384,48.101],[-122.369,48.086],[-122.348,48.054],[-122.366,48.054],[-122.377,48.06],[-122.406,48.088],[-122.49,48.13],[-122.51,48.147],[-122.526,48.171],[-122.533,48.196],[-122.531,48.22],[-122.534,48.25],[-122.446,48.261],[-122.43,48.259],[-122.401,48.235],[-122.389,48.24],[-122.394,48.25],[-122.391,48.26],[-122.375,48.281],[-122.386,48.304],[-122.425,48.33],[-122.455,48.342],[-122.479,48.36],[-122.491,48.365],[-122.523,48.369],[-122.534,48.375],[-122.554,48.401],[-122.567,48.41],[-122.567,48.417],[-122.552,48.428],[-122.559,48.434],[-122.584,48.438],[-122.592,48.434],[-122.616,48.41],[-122.647,48.404],[-122.662,48.406],[-122.674,48.414],[-122.683,48.43],[-122.663,48.455],[-122.669,48.473],[-122.705,48.486],[-122.702,48.498],[-122.672,48.499],[-122.633,48.516],[-122.613,48.5],[-122.597,48.475],[-122.581,48.458],[-122.581,48.485],[-122.568,48.489],[-122.551,48.482],[-122.527,48.46],[-122.514,48.453],[-122.501,48.45],[-122.489,48.455],[-122.481,48.464],[-122.48,48.47],[-122.494,48.529],[-122.516,48.558],[-122.556,48.577],[-122.567,48.585],[-122.547,48.589],[-122.525,48.583],[-122.485,48.56],[-122.468,48.555],[-122.448,48.562],[-122.44,48.581],[-122.444,48.603],[-122.458,48.623],[-122.484,48.635],[-122.493,48.643],[-122.497,48.654],[-122.503,48.685],[-122.525,48.692],[-122.521,48.709],[-122.499,48.739],[-122.509,48.756],[-122.53,48.769],[-122.555,48.777],[-122.575,48.78],[-122.594,48.774],[-122.64,48.722],[-122.65,48.718],[-122.66,48.723],[-122.667,48.732],[-122.67,48.743],[-122.65,48.764],[-122.658,48.777],[-122.677,48.793],[-122.696,48.801],[-122.705,48.788],[-122.701,48.812],[-122.704,48.827],[-122.714,48.838],[-122.758,48.864],[-122.768,48.874],[-122.773,48.887],[-122.768,48.897],[-122.746,48.918],[-122.759,48.936],[-122.808,48.935],[-122.814,48.952],[-122.801,48.962],[-122.777,48.965],[-122.732,48.959],[-122.753,48.993]]],[[[-123.091,48.993],[-123.035,48.992],[-123.045,48.984],[-123.088,48.972],[-123.091,48.993]]],[[[-123.974,46.493],[-123.971,46.485],[-123.948,46.464],[-123.946,46.418],[-123.964,46.407],[-123.975,46.44],[-123.998,46.453],[-123.991,46.473],[-123.99,46.488],[-123.981,46.497],[-123.974,46.493]]],[[[-122.435,47.426],[-122.422,47.409],[-122.367,47.384],[-122.418,47.371],[-122.469,47.336],[-122.475,47.35],[-122.474,47.363],[-122.466,47.373],[-122.442,47.383],[-122.44,47.393],[-122.446,47.401],[-122.463,47.398],[-122.456,47.391],[-122.485,47.38],[-122.49,47.374],[-122.49,47.354],[-122.497,47.336],[-122.503,47.332],[-122.51,47.332],[-122.527,47.346],[-122.531,47.357],[-122.518,47.38],[-122.51,47.456],[-122.504,47.467],[-122.471,47.496],[-122.456,47.501],[-122.462,47.487],[-122.441,47.467],[-122.435,47.426]]],[[[-122.497,47.607],[-122.493,47.594],[-122.48,47.587],[-122.499,47.571],[-122.521,47.574],[-122.542,47.596],[-122.558,47.598],[-122.571,47.596],[-122.578,47.602],[-122.57,47.618],[-122.568,47.63],[-122.579,47.649],[-122.58,47.663],[-122.579,47.669],[-122.562,47.686],[-122.558,47.696],[-122.558,47.714],[-122.548,47.717],[-122.538,47.715],[-122.511,47.696],[-122.506,47.663],[-122.5,47.649],[-122.49,47.641],[-122.503,47.63],[-122.511,47.628],[-122.5,47.619],[-122.501,47.612],[-122.497,47.607]]],[[[-122.729,48.097],[-122.719,48.102],[-122.709,48.102],[-122.701,48.098],[-122.687,48.073],[-122.677,48.049],[-122.673,48.024],[-122.682,48.007],[-122.7,48.008],[-122.718,48.023],[-122.731,48.042],[-122.741,48.074],[-122.739,48.083],[-122.729,48.083],[-122.723,48.076],[-122.72,48.055],[-122.716,48.048],[-122.702,48.049],[-122.702,48.064],[-122.712,48.084],[-122.729,48.097]]],[[[-122.359,47.977],[-122.347,47.951],[-122.387,47.905],[-122.393,47.905],[-122.396,47.916],[-122.4,47.919],[-122.435,47.91],[-122.441,47.915],[-122.443,47.937],[-122.45,47.959],[-122.461,47.978],[-122.476,47.987],[-122.489,47.985],[-122.518,47.966],[-122.53,47.967],[-122.539,47.972],[-122.562,47.987],[-122.58,48.005],[-122.593,48.025],[-122.592,48.042],[-122.61,48.06],[-122.615,48.075],[-122.6,48.13],[-122.607,48.154],[-122.623,48.163],[-122.644,48.161],[-122.668,48.151],[-122.693,48.18],[-122.724,48.193],[-122.744,48.206],[-122.756,48.23],[-122.751,48.25],[-122.668,48.363],[-122.657,48.385],[-122.631,48.385],[-122.596,48.402],[-122.579,48.377],[-122.578,48.357],[-122.516,48.322],[-122.518,48.294],[-122.531,48.284],[-122.546,48.281],[-122.562,48.286],[-122.594,48.308],[-122.609,48.299],[-122.627,48.267],[-122.641,48.288],[-122.647,48.281],[-122.651,48.25],[-122.666,48.242],[-122.724,48.234],[-122.71,48.221],[-122.696,48.22],[-122.665,48.226],[-122.652,48.224],[-122.596,48.205],[-122.581,48.188],[-122.571,48.166],[-122.559,48.121],[-122.555,48.066],[-122.547,48.017],[-122.536,48.006],[-122.522,48.012],[-122.51,48.035],[-122.523,48.057],[-122.524,48.079],[-122.514,48.091],[-122.493,48.08],[-122.46,48.053],[-122.381,48.016],[-122.366,48],[-122.359,47.977]]],[[[-122.862,48.489],[-122.858,48.473],[-122.849,48.462],[-122.836,48.46],[-122.821,48.473],[-122.808,48.458],[-122.806,48.442],[-122.813,48.427],[-122.828,48.417],[-122.89,48.424],[-122.883,48.441],[-122.899,48.448],[-122.921,48.451],[-122.938,48.458],[-122.943,48.476],[-122.937,48.493],[-122.925,48.507],[-122.91,48.514],[-122.916,48.524],[-122.917,48.534],[-122.91,48.547],[-122.887,48.564],[-122.877,48.566],[-122.861,48.54],[-122.859,48.521],[-122.862,48.489]]],[[[-122.694,48.586],[-122.675,48.569],[-122.686,48.557],[-122.688,48.547],[-122.694,48.544],[-122.714,48.542],[-122.723,48.548],[-122.737,48.577],[-122.735,48.59],[-122.727,48.602],[-122.715,48.606],[-122.703,48.6],[-122.694,48.586]]],[[[-123.02,48.499],[-122.999,48.473],[-122.983,48.464],[-122.965,48.458],[-122.965,48.451],[-122.979,48.456],[-123.016,48.451],[-123.03,48.454],[-123.065,48.479],[-123.103,48.48],[-123.139,48.496],[-123.154,48.513],[-123.167,48.544],[-123.178,48.599],[-123.158,48.615],[-123.129,48.62],[-123.102,48.609],[-123.094,48.598],[-123.058,48.573],[-123.025,48.563],[-123.004,48.539],[-122.978,48.531],[-122.98,48.525],[-122.992,48.514],[-123.002,48.509],[-123.017,48.511],[-123.02,48.499]]],[[[-122.746,48.664],[-122.751,48.655],[-122.757,48.65],[-122.8,48.63],[-122.809,48.611],[-122.821,48.609],[-122.841,48.621],[-122.866,48.65],[-122.887,48.696],[-122.896,48.7],[-122.906,48.697],[-122.91,48.688],[-122.906,48.666],[-122.91,48.658],[-122.862,48.602],[-122.874,48.594],[-122.888,48.59],[-122.917,48.589],[-122.933,48.593],[-122.951,48.623],[-122.98,48.639],[-122.985,48.633],[-122.99,48.605],[-122.997,48.597],[-123.01,48.605],[-123.027,48.627],[-123.026,48.636],[-123.021,48.642],[-122.997,48.661],[-122.978,48.668],[-122.929,48.708],[-122.918,48.711],[-122.858,48.709],[-122.746,48.664]]],[[[-122.621,48.669],[-122.613,48.648],[-122.62,48.646],[-122.655,48.665],[-122.703,48.708],[-122.717,48.715],[-122.72,48.725],[-122.715,48.739],[-122.698,48.735],[-122.671,48.705],[-122.635,48.683],[-122.621,48.669]]],[[[-122.705,47.182],[-122.686,47.181],[-122.676,47.176],[-122.671,47.165],[-122.677,47.14],[-122.701,47.124],[-122.707,47.124],[-122.742,47.144],[-122.746,47.154],[-122.729,47.162],[-122.718,47.181],[-122.705,47.182]]],[[[-122.868,47.268],[-122.87,47.243],[-122.848,47.22],[-122.848,47.193],[-122.86,47.178],[-122.874,47.168],[-122.879,47.172],[-122.891,47.2],[-122.922,47.229],[-122.922,47.237],[-122.912,47.27],[-122.905,47.278],[-122.891,47.278],[-122.847,47.298],[-122.853,47.285],[-122.867,47.278],[-122.868,47.268]]],[[[-123.417,46.205],[-123.405,46.201],[-123.316,46.149],[-123.358,46.15],[-123.377,46.156],[-123.411,46.175],[-123.423,46.188],[-123.417,46.205]]]]}},{"type":"Feature","properties":{"kind":"country","iso":"AU","region":"","name":"Australia"},"geometry":{"type":"MultiPolygon","coordinates":[[[[131.536,-31.606],[131.137,-31.475],[130.791,-31.608],[130.158,-31.574],[129.2,-31.657],[128.93,-31.708],[128.019,-32.084],[127.288,-32.273],[126.676,-32.317],[126.187,-32.233],[126.007,-32.273],[125.539,-32.548],[124.999,-32.738],[124.833,-32.868],[124.358,-32.952],[124.199,-33.038],[124.095,-33.156],[123.951,-33.567],[123.757,-33.714],[123.728,-33.805],[123.526,-33.938],[123.382,-33.891],[123.267,-33.987],[123.155,-34.009],[123.112,-33.904],[123.022,-33.86],[122.608,-33.894],[122.561,-33.958],[122.349,-33.915],[122.266,-33.958],[122.259,-34.023],[122.093,-34.019],[122.075,-33.891],[122.007,-33.82],[121.795,-33.898],[121.532,-33.82],[121.334,-33.815],[121.161,-33.869],[120.571,-33.891],[120.394,-33.974],[120.002,-33.926],[119.807,-33.985],[119.581,-34.134],[119.469,-34.313],[119.559,-34.384],[119.408,-34.37],[119.365,-34.495],[119.3,-34.446],[119.231,-34.533],[119.116,-34.472],[118.839,-34.453],[118.889,-34.5],[118.727,-34.558],[118.756,-34.603],[118.724,-34.636],[118.429,-34.754],[118.4,-34.901],[118.162,-34.946],[118.198,-35.017],[118.105,-34.987],[117.835,-35.031],[117.889,-35.081],[117.903,-35.042],[118,-35.088],[117.95,-35.117],[117.683,-35.046],[117.619,-35.137],[117.341,-35.017],[117.19,-35.007],[117.14,-35.063],[116.737,-35.007],[116.639,-35.051],[116.395,-34.95],[116.503,-34.939],[116.387,-34.857],[116.377,-34.918],[115.977,-34.835],[115.916,-34.701],[115.613,-34.446],[115.289,-34.301],[115.185,-34.301],[115.12,-34.364],[115.012,-34.245],[114.962,-33.882],[114.987,-33.521],[115.196,-33.644],[115.369,-33.631],[115.516,-33.513],[115.628,-33.308],[115.703,-33.296],[115.703,-33.192],[115.667,-33.288],[115.675,-33.025],[115.603,-32.662],[115.7,-32.513],[115.639,-32.657],[115.714,-32.78],[115.66,-32.628],[115.75,-32.638],[115.768,-32.602],[115.714,-32.537],[115.736,-32.334],[115.675,-32.273],[115.736,-32.265],[115.757,-32.185],[115.721,-31.773],[115.315,-30.992],[115.181,-30.828],[115.055,-30.505],[114.944,-30.031],[114.983,-29.502],[114.843,-29.109],[114.605,-28.839],[114.591,-28.656],[114.508,-28.491],[114.166,-28.108],[114.098,-27.863],[114.145,-27.687],[114.011,-27.316],[113.59,-26.676],[113.313,-26.416],[113.245,-26.24],[113.158,-26.152],[113.277,-26.235],[113.306,-25.997],[113.335,-26.311],[113.385,-26.383],[113.363,-26.012],[113.396,-26.176],[113.453,-26.159],[113.486,-26.48],[113.515,-26.274],[113.551,-26.304],[113.565,-26.566],[113.626,-26.439],[113.669,-26.654],[113.813,-26.6],[113.871,-26.522],[113.885,-26.343],[113.781,-26.242],[113.684,-26.221],[113.576,-26.09],[113.558,-25.941],[113.421,-25.728],[113.515,-25.509],[113.533,-25.619],[113.727,-25.796],[113.756,-25.885],[113.727,-26.198],[113.795,-26.206],[113.878,-26.044],[113.853,-25.944],[113.885,-25.951],[113.965,-26.309],[114.022,-26.39],[114.105,-26.448],[114.235,-26.316],[114.188,-25.978],[114.267,-25.99],[114.26,-25.841],[114.155,-25.789],[113.803,-25.171],[113.677,-25.082],[113.612,-24.746],[113.392,-24.413],[113.461,-23.91],[113.605,-23.624],[113.77,-23.457],[113.749,-23.162],[113.806,-23.076],[113.803,-22.9],[113.759,-22.788],[113.659,-22.728],[113.648,-22.577],[113.803,-22.331],[113.947,-21.953],[114.037,-21.838],[114.173,-21.802],[114.076,-22.176],[114.109,-22.331],[114.17,-22.317],[114.112,-22.478],[114.181,-22.522],[114.285,-22.444],[114.339,-22.495],[114.523,-22.089],[114.497,-22.005],[114.551,-22.042],[114.645,-21.843],[114.929,-21.694],[115.106,-21.666],[115.48,-21.502],[115.603,-21.343],[115.819,-21.227],[115.905,-21.085],[116.15,-20.97],[116.197,-20.847],[116.452,-20.815],[116.701,-20.659],[116.791,-20.534],[116.845,-20.536],[116.783,-20.657],[116.855,-20.712],[117.154,-20.597],[117.197,-20.685],[117.352,-20.728],[117.737,-20.659],[118.169,-20.35],[118.353,-20.364],[118.807,-20.281],[118.976,-20.05],[119.095,-19.967],[119.163,-20.007],[119.192,-19.958],[119.462,-20.001],[119.591,-20.066],[119.735,-19.963],[120.369,-19.867],[120.956,-19.634],[121.129,-19.521],[121.521,-19.07],[121.643,-18.81],[121.615,-18.712],[121.769,-18.658],[121.733,-18.581],[121.813,-18.462],[121.91,-18.464],[122.345,-18.121],[122.345,-17.983],[122.169,-17.978],[122.209,-17.912],[122.205,-17.711],[122.144,-17.572],[122.173,-17.262],[122.277,-17.09],[122.45,-16.951],[122.479,-16.971],[122.471,-16.921],[122.594,-16.971],[122.525,-16.862],[122.583,-16.779],[122.821,-16.781],[122.745,-16.703],[122.759,-16.605],[122.885,-16.512],[122.918,-16.416],[123.008,-16.375],[122.997,-16.423],[123.058,-16.453],[122.99,-16.473],[122.979,-16.625],[123.022,-16.615],[123.044,-16.693],[123.134,-16.686],[123.094,-16.769],[123.152,-16.808],[123.145,-16.914],[123.26,-17.015],[123.569,-17.594],[123.569,-17.361],[123.645,-17.204],[123.58,-17.095],[123.595,-16.985],[123.915,-17.216],[123.796,-17],[123.865,-17.025],[123.836,-16.961],[123.955,-16.828],[123.933,-16.801],[123.904,-16.858],[123.793,-16.89],[123.71,-16.742],[123.508,-16.654],[123.609,-16.546],[123.497,-16.563],[123.425,-16.492],[123.494,-16.5],[123.465,-16.463],[123.645,-16.526],[123.587,-16.505],[123.656,-16.485],[123.505,-16.407],[123.713,-16.429],[123.631,-16.365],[123.713,-16.382],[123.713,-16.333],[123.541,-16.266],[123.569,-16.178],[123.724,-16.135],[123.775,-16.163],[123.811,-16.2],[123.771,-16.217],[123.829,-16.232],[123.731,-16.259],[123.861,-16.328],[123.865,-16.429],[123.893,-16.338],[123.994,-16.379],[123.951,-16.294],[123.987,-16.279],[123.911,-16.218],[124.127,-16.272],[124.221,-16.396],[124.333,-16.411],[124.387,-16.352],[124.473,-16.394],[124.905,-16.402],[124.595,-16.326],[124.401,-16.33],[124.379,-16.215],[124.433,-16.058],[124.52,-16.176],[124.595,-16.115],[124.61,-15.899],[124.685,-15.881],[124.732,-15.806],[124.61,-15.806],[124.487,-15.999],[124.437,-15.826],[124.405,-15.875],[124.376,-15.668],[124.405,-15.636],[124.419,-15.669],[124.426,-15.622],[124.376,-15.526],[124.448,-15.526],[124.473,-15.468],[124.631,-15.506],[124.639,-15.416],[124.682,-15.474],[124.682,-15.393],[124.732,-15.357],[124.671,-15.352],[124.664,-15.251],[124.757,-15.284],[124.739,-15.333],[124.797,-15.291],[124.822,-15.354],[124.919,-15.36],[124.995,-15.423],[124.981,-15.477],[125.049,-15.499],[125.063,-15.45],[125.186,-15.517],[125.074,-15.42],[125.143,-15.313],[125.038,-15.281],[124.919,-15.34],[124.883,-15.29],[125.056,-15.163],[124.981,-15.163],[124.869,-15.251],[124.84,-15.141],[125.02,-15.1],[124.999,-14.97],[125.071,-14.969],[125.074,-15.06],[125.125,-15.038],[125.164,-15.163],[125.164,-15.011],[125.287,-15.141],[125.42,-15.149],[125.366,-15.051],[125.431,-15.009],[125.186,-14.945],[125.308,-14.884],[125.204,-14.845],[125.135,-14.736],[125.301,-14.634],[125.233,-14.614],[125.348,-14.499],[125.344,-14.607],[125.391,-14.54],[125.438,-14.639],[125.503,-14.486],[125.557,-14.498],[125.539,-14.553],[125.589,-14.545],[125.618,-14.401],[125.585,-14.246],[125.618,-14.224],[125.733,-14.271],[125.711,-14.334],[125.657,-14.334],[125.683,-14.506],[125.639,-14.634],[125.733,-14.398],[125.733,-14.471],[125.848,-14.457],[125.834,-14.585],[125.917,-14.638],[125.924,-14.518],[125.985,-14.545],[126.043,-14.509],[125.981,-14.381],[126.061,-14.351],[126.064,-14.236],[126.143,-14.195],[126.133,-14.096],[126.007,-14.079],[125.974,-14.032],[125.981,-13.991],[126.035,-14.028],[126.046,-13.984],[126.097,-14.025],[126.017,-13.922],[126.086,-13.89],[126.151,-13.922],[126.111,-14.018],[126.219,-13.956],[126.165,-14.086],[126.212,-14.082],[126.19,-14.16],[126.287,-14.231],[126.345,-14.185],[126.295,-14.136],[126.331,-14.059],[126.529,-13.929],[126.568,-13.942],[126.453,-14.077],[126.529,-14.074],[126.493,-14.113],[126.568,-14.141],[126.604,-14.231],[126.651,-14.065],[126.694,-14.121],[126.734,-14.074],[126.748,-14.011],[126.719,-14.032],[126.709,-13.984],[126.856,-13.949],[126.748,-13.792],[126.813,-13.768],[126.842,-13.819],[126.863,-13.743],[126.914,-13.765],[126.953,-13.724],[127.011,-13.771],[127.13,-13.967],[127.166,-13.881],[127.191,-13.947],[127.238,-13.891],[127.331,-13.961],[127.331,-13.901],[127.418,-13.942],[127.45,-14.057],[127.666,-14.178],[127.947,-14.574],[128.005,-14.56],[128.231,-14.719],[128.185,-14.737],[128.192,-14.83],[128.116,-14.854],[128.044,-15.291],[128.073,-15.404],[128.023,-15.497],[128.102,-15.425],[128.123,-15.181],[128.235,-15.274],[128.289,-15.401],[128.293,-15.291],[128.221,-15.205],[128.195,-15.056],[128.314,-14.905],[128.35,-15.038],[128.365,-14.984],[128.451,-15.043],[128.404,-14.884],[128.44,-14.85],[128.39,-14.803],[128.534,-14.753],[129.092,-14.898],[129.185,-14.982],[129.2,-15.117],[129.153,-15.224],[129.221,-15.17],[129.214,-15.237],[129.265,-15.107],[129.229,-14.837],[129.265,-14.888],[129.326,-14.862],[129.477,-14.933],[129.596,-15.104],[129.585,-15.17],[129.646,-15.134],[129.671,-15.195],[129.725,-15.193],[129.61,-14.943],[129.65,-14.832],[129.787,-14.862],[129.934,-14.783],[129.981,-14.807],[129.992,-14.726],[129.761,-14.82],[129.797,-14.764],[129.711,-14.785],[129.589,-14.614],[129.718,-14.596],[129.79,-14.531],[129.668,-14.575],[129.535,-14.545],[129.358,-14.408],[129.373,-14.329],[129.491,-14.145],[129.481,-14.052],[129.585,-14.092],[129.607,-13.998],[129.632,-14.035],[129.736,-13.991],[129.715,-13.868],[129.815,-13.761],[129.787,-13.675],[129.891,-13.437],[129.905,-13.501],[129.97,-13.53],[130.132,-13.461],[130.255,-13.324],[130.334,-13.346],[130.122,-13.165],[130.129,-12.941],[130.32,-12.905],[130.356,-12.672],[130.449,-12.627],[130.518,-12.654],[130.507,-12.596],[130.586,-12.709],[130.694,-12.701],[130.561,-12.628],[130.618,-12.605],[130.579,-12.569],[130.622,-12.438],[130.579,-12.4],[130.784,-12.436],[130.791,-12.584],[130.813,-12.537],[130.899,-12.64],[130.91,-12.598],[130.968,-12.627],[130.874,-12.513],[130.964,-12.52],[130.824,-12.448],[130.824,-12.4],[130.906,-12.331],[131.05,-12.373],[130.996,-12.191],[131.025,-12.147],[131.259,-12.237],[131.295,-12.044],[131.346,-12.22],[131.446,-12.291],[131.785,-12.27],[131.896,-12.216],[132.058,-12.307],[132.253,-12.156],[132.278,-12.228],[132.379,-12.216],[132.422,-12.304],[132.386,-12.38],[132.451,-12.301],[132.44,-12.156],[132.562,-12.091],[132.757,-12.134],[132.627,-12.044],[132.652,-11.848],[132.595,-11.784],[132.696,-11.654],[132.58,-11.612],[132.494,-11.477],[132.372,-11.434],[132.105,-11.522],[132.037,-11.473],[132.04,-11.419],[131.954,-11.404],[131.965,-11.345],[131.767,-11.311],[131.788,-11.264],[131.839,-11.277],[131.821,-11.201],[131.868,-11.22],[131.882,-11.173],[131.94,-11.252],[131.983,-11.227],[131.986,-11.129],[132.087,-11.228],[132.116,-11.208],[132.109,-11.331],[132.141,-11.303],[132.174,-11.406],[132.235,-11.34],[132.148,-11.137],[132.188,-11.132],[132.285,-11.269],[132.271,-11.178],[132.343,-11.122],[132.379,-11.283],[132.444,-11.213],[132.476,-11.234],[132.674,-11.509],[132.739,-11.509],[132.832,-11.399],[132.894,-11.419],[132.868,-11.338],[132.912,-11.331],[133.077,-11.51],[133.167,-11.705],[133.261,-11.73],[133.347,-11.688],[133.326,-11.759],[133.408,-11.723],[133.405,-11.767],[133.477,-11.791],[133.531,-11.749],[133.531,-11.865],[133.56,-11.811],[133.657,-11.821],[133.801,-11.715],[133.916,-11.722],[133.938,-11.759],[133.848,-11.806],[133.844,-11.855],[133.945,-11.914],[134.056,-11.845],[134.089,-11.928],[134.139,-11.88],[134.197,-11.948],[134.193,-12.08],[134.287,-11.968],[134.431,-12.058],[134.593,-12.064],[134.769,-11.948],[134.863,-12.127],[135.219,-12.301],[135.169,-12.228],[135.338,-12.245],[135.223,-12.191],[135.367,-12.088],[135.46,-12.113],[135.536,-12.063],[135.586,-12.098],[135.712,-12.019],[135.583,-12.058],[135.565,-12.025],[135.601,-11.956],[135.738,-11.941],[135.874,-11.847],[135.9,-11.759],[135.936,-11.777],[135.903,-11.85],[135.716,-12.004],[135.918,-11.968],[135.828,-12.005],[135.651,-12.203],[135.73,-12.311],[135.882,-12.152],[135.914,-12.183],[136.054,-12.064],[135.936,-12.201],[135.975,-12.265],[136.062,-12.231],[135.986,-12.363],[136.033,-12.466],[136.072,-12.427],[136.173,-12.461],[136.285,-12.416],[136.364,-12.223],[136.177,-12.171],[136.45,-11.943],[136.573,-11.897],[136.472,-11.987],[136.533,-11.993],[136.663,-12.264],[136.767,-12.243],[136.681,-12.204],[136.76,-12.164],[136.875,-12.223],[136.929,-12.35],[136.983,-12.345],[136.771,-12.542],[136.807,-12.456],[136.742,-12.476],[136.76,-12.574],[136.702,-12.616],[136.692,-12.713],[136.609,-12.714],[136.612,-12.831],[136.558,-12.745],[136.533,-12.804],[136.472,-12.774],[136.49,-12.851],[136.659,-12.996],[136.497,-12.974],[136.566,-13.059],[136.472,-13.243],[136.443,-13.216],[136.321,-13.309],[136.389,-13.226],[136.371,-13.066],[136.332,-13.047],[136.31,-13.164],[136.249,-13.13],[136.245,-13.197],[136.159,-13.263],[136.148,-13.123],[136.054,-13.229],[136.054,-13.312],[136.008,-13.216],[135.885,-13.326],[135.968,-13.425],[135.921,-13.464],[135.86,-13.437],[135.846,-13.601],[135.925,-13.675],[135.885,-13.714],[135.972,-13.743],[136.036,-13.655],[136.08,-13.663],[135.993,-13.901],[135.925,-13.959],[135.91,-14.195],[135.759,-14.266],[135.669,-14.427],[135.608,-14.452],[135.522,-14.651],[135.367,-14.722],[135.471,-14.948],[136.238,-15.42],[136.285,-15.572],[136.53,-15.718],[136.594,-15.712],[136.724,-15.862],[136.717,-15.936],[136.767,-15.901],[136.926,-15.935],[136.99,-15.864],[137.361,-16.122],[137.746,-16.252],[137.865,-16.438],[138.186,-16.698],[139.01,-16.895],[139.158,-17.034],[139.165,-17.204],[139.273,-17.348],[139.438,-17.375],[139.64,-17.532],[139.924,-17.621],[140,-17.706],[140.508,-17.637],[140.846,-17.441],[140.95,-17.139],[140.947,-17.019],[141.199,-16.703],[141.433,-16.061],[141.379,-15.929],[141.44,-15.649],[141.667,-15.011],[141.523,-14.484],[141.598,-14.114],[141.469,-13.866],[141.526,-13.572],[141.692,-13.26],[141.584,-12.978],[141.631,-12.893],[141.739,-12.843],[141.811,-12.667],[141.883,-12.718],[141.94,-12.909],[141.904,-12.757],[142.009,-12.714],[141.822,-12.654],[141.973,-12.584],[141.796,-12.579],[141.692,-12.503],[141.746,-12.454],[141.66,-12.448],[141.66,-12.527],[141.699,-12.544],[141.591,-12.541],[141.717,-12.233],[141.811,-12.237],[141.753,-12.208],[141.832,-12.005],[141.912,-11.955],[141.919,-12.107],[141.966,-12.037],[142.023,-12.071],[142.034,-12.041],[141.951,-11.977],[141.948,-11.895],[142.131,-11.338],[142.153,-10.95],[142.34,-10.891],[142.434,-10.729],[142.549,-10.69],[142.617,-10.752],[142.516,-10.852],[142.502,-10.948],[142.592,-10.865],[142.668,-11.004],[142.743,-10.975],[142.812,-11.171],[142.801,-11.277],[142.873,-11.382],[142.822,-11.478],[142.862,-11.836],[142.992,-11.934],[143.103,-11.902],[143.251,-11.968],[143.085,-12.149],[143.078,-12.329],[143.254,-12.389],[143.294,-12.535],[143.434,-12.613],[143.359,-12.88],[143.542,-12.833],[143.496,-12.922],[143.503,-13.076],[143.596,-13.525],[143.532,-13.75],[143.611,-13.947],[143.686,-14.015],[143.784,-14.403],[143.942,-14.511],[144.147,-14.388],[144.201,-14.251],[144.302,-14.312],[144.45,-14.244],[144.486,-14.162],[144.586,-14.265],[144.579,-14.364],[144.633,-14.341],[144.615,-14.467],[144.676,-14.557],[144.9,-14.614],[144.943,-14.734],[145.029,-14.807],[145.224,-14.832],[145.278,-14.947],[145.346,-14.943],[145.234,-15.166],[145.27,-15.249],[145.324,-15.217],[145.35,-15.251],[145.285,-15.3],[145.245,-15.443],[145.368,-15.749],[145.357,-15.904],[145.461,-16.061],[145.436,-16.201],[145.468,-16.26],[145.4,-16.443],[145.724,-16.801],[145.778,-16.885],[145.742,-16.909],[145.774,-16.988],[145.839,-16.882],[145.954,-16.873],[145.882,-17.059],[146.077,-17.402],[146.07,-17.515],[146.149,-17.633],[146.106,-17.684],[146.113,-17.865],[146.008,-18.236],[146.185,-18.38],[146.21,-18.513],[146.34,-18.527],[146.271,-18.852],[146.3,-18.913],[146.462,-19.075],[146.656,-19.183],[146.746,-19.173],[146.905,-19.305],[147.009,-19.253],[147.024,-19.177],[147.135,-19.411],[147.42,-19.413],[147.452,-19.379],[147.402,-19.303],[147.56,-19.538],[147.6,-19.687],[147.564,-19.705],[147.682,-19.828],[147.783,-19.835],[147.751,-19.692],[147.823,-19.714],[147.927,-19.898],[148.071,-19.877],[148.129,-19.936],[148.28,-19.965],[148.305,-20.034],[148.266,-20.083],[148.402,-20.198],[148.467,-20.175],[148.424,-20.164],[148.478,-20.132],[148.446,-20.061],[148.561,-20.053],[148.611,-20.213],[148.647,-20.164],[148.683,-20.274],[148.78,-20.24],[148.935,-20.534],[148.867,-20.527],[148.802,-20.431],[148.759,-20.473],[148.701,-20.44],[148.716,-20.522],[148.654,-20.556],[148.741,-20.718],[148.845,-20.777],[148.827,-20.891],[148.874,-20.843],[149.058,-20.899],[149.025,-20.977],[149.151,-20.997],[149.23,-21.09],[149.198,-21.22],[149.234,-21.282],[149.292,-21.282],[149.32,-21.377],[149.288,-21.397],[149.342,-21.424],[149.292,-21.51],[149.396,-21.503],[149.428,-21.585],[149.493,-21.546],[149.436,-21.791],[149.554,-22.187],[149.608,-22.245],[149.587,-22.282],[149.698,-22.344],[149.662,-22.495],[149.814,-22.378],[150.048,-22.645],[149.925,-22.299],[149.979,-22.174],[150.055,-22.142],[150.195,-22.378],[150.609,-22.611],[150.545,-22.366],[150.566,-22.322],[150.62,-22.334],[150.663,-22.419],[150.678,-22.358],[150.761,-22.471],[150.707,-22.528],[150.678,-22.506],[150.678,-22.562],[150.717,-22.562],[150.732,-22.628],[150.775,-22.53],[150.829,-22.714],[150.789,-22.922],[150.735,-22.934],[150.775,-22.967],[150.764,-23.158],[150.84,-23.249],[150.786,-23.309],[150.883,-23.489],[150.815,-23.51],[150.887,-23.572],[151.013,-23.567],[151.128,-23.675],[151.175,-23.791],[151.326,-23.861],[151.441,-24.006],[151.538,-24.021],[151.549,-24.092],[151.581,-24.043],[151.693,-24.099],[151.625,-23.984],[151.733,-24.016],[151.74,-24.063],[151.779,-24.023],[151.812,-24.143],[151.898,-24.146],[152.121,-24.592],[152.471,-24.806],[152.507,-24.999],[152.633,-25.142],[152.568,-25.178],[152.697,-25.252],[152.816,-25.284],[152.831,-25.242],[152.913,-25.288],[152.931,-25.416],[152.87,-25.475],[152.964,-25.438],[152.967,-25.497],[152.885,-25.674],[153.021,-25.825],[153.021,-25.97],[153.061,-25.818],[153.122,-25.934],[153.205,-25.934],[153.075,-26.334],[153.137,-26.394],[153.111,-26.647],[153.151,-26.684],[153.151,-26.925],[153.209,-27.077],[153.083,-27.111],[153.039,-27.194],[153.119,-27.197],[153.065,-27.31],[153.169,-27.365],[153.403,-27.809],[153.446,-27.792],[153.399,-27.954],[153.439,-27.949],[153.45,-28.074],[153.572,-28.194],[153.561,-28.504],[153.63,-28.666],[153.605,-28.867],[153.475,-29.001],[153.446,-29.151],[153.349,-29.281],[153.363,-29.47],[153.295,-29.826],[153.021,-30.576],[152.989,-30.735],[153.003,-30.836],[153.09,-30.905],[153.061,-31.078],[152.982,-31.166],[152.978,-31.319],[152.917,-31.395],[152.942,-31.463],[152.845,-31.569],[152.748,-31.843],[152.546,-32.044],[152.51,-32.162],[152.568,-32.219],[152.525,-32.282],[152.539,-32.442],[152.294,-32.56],[152.193,-32.653],[152.219,-32.697],[152.136,-32.663],[152.06,-32.699],[152.197,-32.729],[152.186,-32.766],[151.833,-32.864],[151.671,-33.062],[151.571,-33.291],[151.517,-33.327],[151.517,-33.261],[151.455,-33.305],[151.452,-33.356],[151.506,-33.344],[151.43,-33.521],[151.283,-33.562],[151.232,-33.535],[151.225,-33.609],[151.301,-33.57],[151.297,-33.649],[151.34,-33.617],[151.304,-33.825],[151.247,-33.857],[151.293,-33.871],[151.283,-33.952],[151.25,-34.004],[151.203,-33.958],[151.106,-34.001],[151.232,-34.041],[151.171,-34.048],[151.135,-34.083],[151.178,-34.1],[150.969,-34.262],[150.919,-34.487],[150.872,-34.546],[150.84,-34.511],[150.8,-34.548],[150.915,-34.603],[150.833,-34.782],[150.728,-34.87],[150.779,-34.902],[150.746,-34.918],[150.775,-34.987],[150.851,-35.015],[150.843,-35.078],[150.807,-35.11],[150.786,-35.015],[150.696,-35.026],[150.678,-35.076],[150.721,-35.135],[150.768,-35.124],[150.761,-35.179],[150.555,-35.213],[150.293,-35.723],[150.192,-35.726],[150.239,-35.833],[150.149,-35.899],[150.149,-36.062],[150.08,-36.084],[150.145,-36.115],[150.141,-36.321],[150.069,-36.407],[150.066,-36.567],[149.929,-36.831],[149.904,-36.929],[149.943,-36.954],[149.943,-37.062],[149.875,-37.096],[149.997,-37.15],[150.055,-37.268],[149.95,-37.285],[149.986,-37.496],[149.896,-37.548],[149.72,-37.516],[149.767,-37.584],[149.677,-37.69],[149.479,-37.786],[149.274,-37.824],[149.137,-37.776],[148.305,-37.824],[147.758,-37.986],[147.394,-38.22],[146.847,-38.685],[146.642,-38.676],[146.412,-38.74],[146.35,-38.695],[146.224,-38.715],[146.181,-38.756],[146.264,-38.82],[146.286,-38.909],[146.476,-38.81],[146.437,-39.028],[146.484,-39.065],[146.394,-39.146],[146.181,-38.869],[146.091,-38.82],[145.922,-38.906],[145.756,-38.659],[145.854,-38.7],[145.81,-38.651],[145.598,-38.68],[145.515,-38.578],[145.375,-38.536],[145.432,-38.502],[145.422,-38.426],[145.558,-38.386],[145.465,-38.234],[145.256,-38.241],[145.202,-38.325],[145.227,-38.413],[145.112,-38.406],[145.044,-38.489],[144.943,-38.511],[144.676,-38.334],[144.802,-38.379],[144.982,-38.342],[145.119,-38.16],[145.108,-38.052],[144.936,-37.867],[144.558,-38.048],[144.518,-38.112],[144.374,-38.119],[144.381,-38.158],[144.525,-38.178],[144.655,-38.124],[144.705,-38.146],[144.716,-38.215],[144.651,-38.286],[144.403,-38.301],[144.054,-38.485],[143.845,-38.692],[143.704,-38.729],[143.535,-38.859],[143.377,-38.764],[143.222,-38.756],[143.06,-38.636],[142.812,-38.578],[142.502,-38.374],[142.174,-38.399],[141.948,-38.283],[141.76,-38.263],[141.631,-38.308],[141.652,-38.399],[141.559,-38.44],[141.483,-38.376],[141.393,-38.401],[141.39,-38.307],[141.134,-38.128],[140.95,-38.055],[140.691,-38.068],[140.4,-37.92],[140.241,-37.667],[140.112,-37.57],[140.115,-37.518],[139.989,-37.488],[139.795,-37.268],[139.741,-37.18],[139.788,-37.126],[139.672,-36.954],[139.842,-36.846],[139.856,-36.635],[139.73,-36.373],[139.456,-35.958],[138.916,-35.576],[138.999,-35.586],[139.449,-35.927],[139.672,-36.228],[139.593,-36.022],[139.474,-35.897],[139.035,-35.586],[139.154,-35.503],[139.233,-35.547],[139.23,-35.689],[139.338,-35.688],[139.356,-35.593],[139.219,-35.507],[139.363,-35.49],[139.363,-35.377],[139.316,-35.397],[139.269,-35.331],[139.179,-35.316],[139.104,-35.389],[138.96,-35.414],[138.956,-35.465],[139.032,-35.517],[138.794,-35.483],[138.992,-35.547],[138.747,-35.539],[138.531,-35.645],[138.2,-35.672],[138.106,-35.62],[138.139,-35.541],[138.438,-35.343],[138.513,-35.037],[138.495,-34.791],[138.549,-34.782],[138.294,-34.504],[138.225,-34.32],[138.078,-34.129],[138.009,-34.244],[138.038,-34.308],[137.93,-34.414],[137.883,-34.59],[137.912,-34.624],[137.746,-35.134],[137.671,-35.181],[137.426,-35.118],[137.239,-35.173],[137.17,-35.242],[137.041,-35.227],[136.915,-35.296],[136.839,-35.257],[136.962,-35.097],[136.94,-35.031],[137.019,-34.901],[137.268,-34.906],[137.39,-34.955],[137.448,-34.918],[137.512,-34.617],[137.48,-34.467],[137.415,-34.472],[137.484,-34.355],[137.451,-34.156],[137.548,-34.087],[137.53,-34.016],[137.631,-33.911],[137.602,-33.877],[137.88,-33.597],[137.93,-33.616],[137.937,-33.528],[137.811,-33.259],[137.854,-33.19],[138.038,-33.139],[138.042,-33.082],[137.959,-33.004],[137.901,-32.788],[137.937,-32.753],[137.847,-32.694],[137.775,-32.52],[137.754,-32.694],[137.808,-32.78],[137.754,-32.918],[137.779,-32.982],[137.631,-32.962],[137.451,-33.139],[137.368,-33.413],[137.224,-33.653],[137.019,-33.73],[136.947,-33.681],[136.882,-33.754],[136.965,-33.752],[136.591,-33.915],[136.36,-34.083],[136.231,-34.308],[136.137,-34.355],[136.101,-34.534],[136.069,-34.482],[135.936,-34.534],[135.943,-34.637],[135.867,-34.669],[135.882,-34.769],[135.799,-34.806],[135.867,-34.82],[136.015,-34.744],[135.968,-34.877],[136.011,-34.98],[135.964,-35.007],[135.784,-34.858],[135.705,-34.891],[135.691,-34.948],[135.622,-34.948],[135.457,-34.732],[135.32,-34.686],[135.342,-34.639],[135.288,-34.592],[135.108,-34.597],[135.208,-34.431],[135.212,-34.492],[135.327,-34.527],[135.306,-34.563],[135.37,-34.629],[135.504,-34.612],[135.439,-34.6],[135.439,-34.546],[135.388,-34.57],[135.345,-34.276],[135.23,-34.137],[135.273,-34.115],[135.266,-34.018],[135.19,-33.893],[134.841,-33.631],[134.863,-33.479],[134.812,-33.352],[134.676,-33.234],[134.73,-33.226],[134.708,-33.173],[134.582,-33.146],[134.661,-33.226],[134.629,-33.246],[134.478,-33.158],[134.359,-33.155],[134.334,-33.205],[134.233,-33.047],[134.15,-33.028],[134.211,-33.001],[134.19,-32.947],[134.067,-32.93],[134.132,-32.836],[134.074,-32.714],[134.218,-32.726],[134.215,-32.807],[134.298,-32.678],[134.254,-32.554],[134.15,-32.457],[133.858,-32.542],[133.869,-32.432],[133.948,-32.39],[133.833,-32.25],[133.776,-32.265],[133.693,-32.19],[133.65,-32.101],[133.585,-32.103],[133.563,-32.172],[133.477,-32.111],[133.419,-32.133],[133.473,-32.206],[133.272,-32.219],[133.149,-32.197],[133.034,-32.098],[132.976,-32.109],[132.775,-31.951],[132.516,-31.941],[132.462,-31.964],[132.483,-32.027],[132.235,-32.033],[131.536,-31.606]]],[[[128.159,-15.09],[128.188,-15.19],[128.127,-15.134],[128.131,-15.038],[128.159,-15.09]]],[[[128.415,-14.957],[128.44,-15.038],[128.357,-14.957],[128.354,-14.869],[128.415,-14.957]]],[[[129.632,-14.847],[129.635,-14.859],[129.632,-14.871],[129.628,-14.876],[129.61,-14.867],[129.607,-14.857],[129.589,-14.837],[129.585,-14.827],[129.581,-14.808],[129.581,-14.803],[129.589,-14.807],[129.607,-14.817],[129.617,-14.825],[129.625,-14.835],[129.632,-14.847]]],[[[129.535,-14.798],[129.578,-14.861],[129.589,-14.884],[129.592,-14.91],[129.592,-14.964],[129.589,-14.952],[129.585,-14.942],[129.578,-14.935],[129.571,-14.928],[129.556,-14.908],[129.535,-14.859],[129.52,-14.837],[129.506,-14.803],[129.502,-14.798],[129.509,-14.786],[129.517,-14.788],[129.524,-14.795],[129.535,-14.798]]],[[[126.5,-13.874],[126.521,-13.871],[126.554,-13.874],[126.586,-13.885],[126.611,-13.895],[126.611,-13.901],[126.597,-13.905],[126.586,-13.901],[126.572,-13.896],[126.557,-13.895],[126.539,-13.898],[126.525,-13.903],[126.514,-13.905],[126.507,-13.895],[126.507,-13.89],[126.5,-13.874]]],[[[134.884,-12.058],[134.928,-12.068],[134.91,-12.118],[134.856,-12.037],[134.884,-12.058]]],[[[134.964,-12.027],[134.985,-12.036],[134.985,-12.041],[134.949,-12.054],[134.935,-12.051],[134.92,-12.041],[134.91,-12.036],[134.91,-12.022],[134.956,-12.017],[134.964,-12.027]]],[[[135.122,-11.929],[135.108,-11.943],[135.086,-11.946],[135.057,-11.953],[135.046,-11.941],[135.054,-11.919],[135.086,-11.921],[135.111,-11.924],[135.122,-11.929]]],[[[133.408,-11.592],[133.43,-11.586],[133.455,-11.583],[133.477,-11.586],[133.484,-11.602],[133.473,-11.612],[133.452,-11.617],[133.412,-11.62],[133.398,-11.624],[133.398,-11.632],[133.405,-11.644],[133.408,-11.654],[133.398,-11.662],[133.387,-11.666],[133.372,-11.666],[133.362,-11.661],[133.369,-11.654],[133.358,-11.629],[133.358,-11.617],[133.372,-11.612],[133.38,-11.61],[133.408,-11.592]]],[[[133.477,-11.455],[133.513,-11.504],[133.394,-11.544],[133.394,-11.489],[133.477,-11.455]]],[[[147.999,-43.23],[147.884,-43.131],[147.866,-43.203],[147.794,-43.244],[147.7,-43.163],[147.747,-43.105],[147.628,-43.043],[147.693,-42.937],[147.762,-43.038],[147.888,-43.035],[147.841,-42.903],[147.535,-42.837],[147.502,-42.883],[147.56,-42.977],[147.438,-43.046],[147.402,-42.999],[147.47,-43.011],[147.477,-42.91],[147.423,-42.926],[147.283,-42.778],[147.358,-42.925],[147.333,-43.043],[147.254,-43.028],[147.301,-43.083],[147.247,-43.129],[147.258,-43.254],[147.164,-43.271],[147.092,-43.232],[147.106,-43.154],[147.06,-43.202],[147.016,-43.112],[146.973,-43.131],[146.966,-43.198],[147.099,-43.3],[146.962,-43.34],[147.056,-43.357],[146.998,-43.423],[146.923,-43.43],[147.016,-43.479],[146.944,-43.477],[146.948,-43.533],[146.901,-43.533],[146.926,-43.612],[146.71,-43.629],[146.556,-43.47],[146.559,-43.526],[146.491,-43.538],[146.293,-43.533],[146.221,-43.485],[146.188,-43.539],[146.149,-43.506],[146.023,-43.553],[146.023,-43.452],[145.944,-43.365],[146.084,-43.354],[146.16,-43.416],[146.181,-43.365],[146.232,-43.396],[146.224,-43.315],[146.167,-43.278],[146.109,-43.337],[146.066,-43.283],[146.026,-43.325],[145.918,-43.197],[145.868,-43.273],[145.926,-43.289],[145.843,-43.301],[145.731,-43.1],[145.674,-43.099],[145.688,-43.05],[145.598,-42.972],[145.512,-42.959],[145.364,-42.751],[145.353,-42.651],[145.267,-42.604],[145.299,-42.558],[145.234,-42.464],[145.188,-42.195],[145.436,-42.379],[145.472,-42.513],[145.483,-42.415],[145.519,-42.427],[145.558,-42.342],[145.465,-42.327],[145.332,-42.141],[145.27,-42.224],[145.227,-42.195],[145.252,-42.042],[144.925,-41.709],[144.867,-41.545],[144.748,-41.413],[144.781,-41.365],[144.604,-40.996],[144.619,-40.929],[144.705,-40.871],[144.698,-40.66],[144.766,-40.726],[144.986,-40.745],[145.119,-40.821],[145.249,-40.792],[145.27,-40.719],[145.306,-40.755],[145.27,-40.797],[145.342,-40.843],[145.522,-40.846],[145.573,-40.909],[145.728,-40.939],[145.81,-41.027],[146.354,-41.169],[146.545,-41.133],[146.584,-41.18],[146.743,-41.066],[146.808,-41.157],[146.937,-41.165],[146.836,-41.116],[146.836,-41.04],[147.016,-40.976],[147.171,-41.007],[147.286,-40.941],[147.445,-41.008],[147.65,-40.829],[147.819,-40.893],[147.884,-40.873],[147.985,-40.736],[148.208,-40.841],[148.33,-41.001],[148.273,-41.045],[148.305,-41.066],[148.273,-41.202],[148.323,-41.268],[148.258,-41.346],[148.356,-41.292],[148.28,-41.451],[148.316,-41.606],[148.262,-41.8],[148.327,-41.915],[148.298,-42.05],[148.363,-42.111],[148.316,-42.17],[148.363,-42.204],[148.323,-42.278],[148.258,-42.244],[148.32,-42.119],[148.161,-42.059],[148.244,-41.991],[148.179,-41.947],[148.194,-42.001],[148.147,-41.999],[148.129,-42.055],[148.215,-42.094],[148.093,-42.101],[147.963,-42.341],[148.032,-42.332],[148.006,-42.514],[147.888,-42.545],[147.938,-42.59],[147.952,-42.72],[147.844,-42.866],[147.916,-42.888],[147.88,-42.872],[147.92,-42.839],[148.006,-42.91],[147.949,-43.073],[147.999,-43.23]]],[[[158.893,-54.51],[158.961,-54.47],[158.882,-54.746],[158.839,-54.75],[158.893,-54.51]]],[[[147.337,-43.34],[147.366,-43.398],[147.304,-43.509],[147.236,-43.484],[147.214,-43.414],[147.168,-43.502],[147.085,-43.43],[147.178,-43.453],[147.168,-43.369],[147.225,-43.386],[147.304,-43.262],[147.337,-43.34]]],[[[147.402,-43.131],[147.438,-43.239],[147.362,-43.257],[147.387,-43.197],[147.29,-43.153],[147.355,-43.139],[147.358,-43.075],[147.402,-43.131]]],[[[148.143,-42.604],[148.176,-42.648],[148.071,-42.666],[148.111,-42.717],[148.01,-42.751],[148.024,-42.614],[148.078,-42.579],[148.143,-42.604]]],[[[148.298,-42.305],[148.316,-42.315],[148.323,-42.324],[148.33,-42.335],[148.341,-42.354],[148.334,-42.357],[148.33,-42.357],[148.32,-42.354],[148.305,-42.346],[148.294,-42.337],[148.28,-42.329],[148.248,-42.324],[148.244,-42.319],[148.23,-42.3],[148.248,-42.295],[148.266,-42.297],[148.298,-42.305]]],[[[145.015,-40.669],[145.065,-40.709],[144.874,-40.716],[144.932,-40.615],[145.015,-40.669]]],[[[148.114,-40.524],[148.132,-40.513],[148.172,-40.507],[148.186,-40.5],[148.251,-40.49],[148.244,-40.498],[148.237,-40.51],[148.23,-40.517],[148.23,-40.529],[148.23,-40.54],[148.226,-40.549],[148.215,-40.552],[148.208,-40.562],[148.204,-40.583],[148.194,-40.596],[148.168,-40.586],[148.161,-40.571],[148.147,-40.566],[148.129,-40.566],[148.122,-40.562],[148.118,-40.557],[148.111,-40.544],[148.107,-40.537],[148.107,-40.53],[148.104,-40.53],[148.107,-40.53],[148.114,-40.524]]],[[[144.792,-40.421],[144.792,-40.427],[144.792,-40.502],[144.788,-40.51],[144.766,-40.525],[144.766,-40.584],[144.741,-40.593],[144.734,-40.578],[144.73,-40.569],[144.73,-40.513],[144.727,-40.505],[144.712,-40.497],[144.709,-40.49],[144.716,-40.476],[144.73,-40.475],[144.748,-40.476],[144.763,-40.47],[144.766,-40.459],[144.777,-40.41],[144.781,-40.405],[144.784,-40.409],[144.792,-40.421]]],[[[144.9,-40.47],[144.831,-40.427],[144.896,-40.38],[144.961,-40.399],[144.9,-40.47]]],[[[148.431,-40.373],[148.485,-40.427],[148.341,-40.503],[148.327,-40.436],[148.23,-40.463],[147.999,-40.417],[148.075,-40.351],[148.194,-40.365],[148.323,-40.304],[148.431,-40.373]]],[[[148.014,-40.15],[147.884,-40.031],[147.88,-39.895],[147.758,-39.879],[147.855,-39.828],[147.866,-39.743],[147.952,-39.711],[148.168,-39.936],[148.298,-39.961],[148.284,-40.081],[148.222,-40.127],[148.298,-40.1],[148.334,-40.174],[148.287,-40.189],[148.327,-40.223],[148.215,-40.204],[148.125,-40.27],[148.05,-40.242],[148.014,-40.15]]],[[[144.104,-39.894],[144.144,-39.926],[144.111,-40.031],[143.902,-40.127],[143.841,-39.865],[143.863,-39.701],[143.949,-39.654],[143.946,-39.58],[144.108,-39.666],[144.104,-39.894]]],[[[146.628,-38.756],[146.66,-38.756],[146.538,-38.798],[146.473,-38.747],[146.628,-38.756]]],[[[145.335,-38.509],[145.353,-38.572],[145.263,-38.519],[145.112,-38.531],[145.278,-38.452],[145.335,-38.509]]],[[[145.443,-38.317],[145.494,-38.366],[145.353,-38.428],[145.285,-38.403],[145.299,-38.296],[145.443,-38.317]]],[[[138.128,-35.816],[138.049,-35.919],[137.822,-35.865],[137.628,-35.91],[137.61,-36.018],[137.458,-36.083],[137.372,-36.01],[137.228,-35.98],[137.142,-36.042],[136.717,-36.062],[136.533,-35.912],[136.598,-35.757],[137.336,-35.583],[137.624,-35.583],[137.581,-35.645],[137.649,-35.659],[137.581,-35.726],[137.779,-35.74],[137.811,-35.811],[137.937,-35.726],[138.128,-35.816]]],[[[136.447,-35.149],[136.461,-35.14],[136.476,-35.145],[136.486,-35.157],[136.497,-35.173],[136.494,-35.179],[136.486,-35.173],[136.465,-35.173],[136.447,-35.169],[136.44,-35.162],[136.447,-35.149]]],[[[136.173,-35.012],[136.184,-35.021],[136.195,-35.026],[136.198,-35.032],[136.206,-35.049],[136.206,-35.061],[136.206,-35.071],[136.202,-35.075],[136.191,-35.07],[136.162,-35.066],[136.152,-35.049],[136.152,-35.024],[136.144,-35],[136.098,-34.968],[136.087,-34.948],[136.112,-34.939],[136.126,-34.948],[136.173,-35.012]]],[[[137.368,-34.472],[137.376,-34.499],[137.368,-34.524],[137.354,-34.538],[137.343,-34.527],[137.336,-34.516],[137.343,-34.5],[137.368,-34.472]]],[[[134.546,-33.712],[134.55,-33.734],[134.542,-33.741],[134.528,-33.741],[134.51,-33.746],[134.492,-33.776],[134.478,-33.783],[134.47,-33.768],[134.481,-33.737],[134.485,-33.729],[134.485,-33.717],[134.485,-33.712],[134.499,-33.705],[134.528,-33.7],[134.528,-33.698],[134.539,-33.697],[134.542,-33.7],[134.546,-33.712]]],[[[133.567,-32.321],[133.542,-32.312],[133.545,-32.295],[133.56,-32.275],[133.581,-32.26],[133.599,-32.251],[133.624,-32.245],[133.65,-32.239],[133.675,-32.239],[133.675,-32.246],[133.621,-32.26],[133.628,-32.275],[133.635,-32.28],[133.624,-32.285],[133.617,-32.295],[133.614,-32.304],[133.61,-32.307],[133.599,-32.309],[133.567,-32.321]]],[[[159.044,-31.518],[159.069,-31.52],[159.084,-31.535],[159.095,-31.552],[159.105,-31.567],[159.098,-31.579],[159.091,-31.589],[159.08,-31.593],[159.066,-31.588],[159.08,-31.576],[159.084,-31.559],[159.077,-31.54],[159.059,-31.527],[159.051,-31.534],[159.048,-31.527],[159.044,-31.518]]],[[[153.486,-27.415],[153.551,-27.415],[153.457,-27.721],[153.403,-27.726],[153.403,-27.478],[153.443,-27.386],[153.486,-27.415]]],[[[153.41,-27.339],[153.414,-27.322],[153.407,-27.295],[153.396,-27.27],[153.389,-27.258],[153.378,-27.248],[153.371,-27.226],[153.363,-27.164],[153.371,-27.103],[153.367,-27.081],[153.36,-27.066],[153.363,-27.056],[153.385,-27.044],[153.417,-27.039],[153.439,-27.022],[153.45,-27.017],[153.464,-27.02],[153.468,-27.037],[153.468,-27.061],[153.425,-27.18],[153.417,-27.223],[153.417,-27.272],[153.421,-27.283],[153.432,-27.309],[153.432,-27.322],[153.432,-27.339],[153.428,-27.354],[153.425,-27.358],[153.41,-27.339]]],[[[113.216,-26.068],[113.209,-26.14],[112.953,-25.774],[112.921,-25.524],[112.96,-25.482],[113.007,-25.497],[113.137,-25.885],[113.115,-25.963],[113.144,-25.946],[113.216,-26.068]]],[[[152.964,-25.269],[152.993,-25.304],[153.007,-25.328],[152.993,-25.338],[152.964,-25.299],[152.953,-25.279],[152.964,-25.269]]],[[[113.057,-25.262],[113.05,-25.24],[113.075,-25.169],[113.083,-25.137],[113.079,-25.063],[113.09,-25.029],[113.119,-25.009],[113.111,-25.044],[113.111,-25.063],[113.115,-25.071],[113.104,-25.08],[113.104,-25.1],[113.104,-25.141],[113.097,-25.156],[113.079,-25.191],[113.075,-25.205],[113.075,-25.242],[113.075,-25.261],[113.068,-25.276],[113.065,-25.276],[113.057,-25.267],[113.057,-25.262]]],[[[113.151,-24.926],[113.129,-24.957],[113.122,-24.974],[113.119,-24.995],[113.119,-24.985],[113.115,-24.977],[113.115,-24.968],[113.111,-24.962],[113.133,-24.803],[113.151,-24.756],[113.158,-24.776],[113.158,-24.801],[113.137,-24.892],[113.137,-24.918],[113.151,-24.926]]],[[[153.371,-24.989],[153.054,-25.798],[152.946,-25.583],[153.068,-25.33],[153.068,-25.249],[153.014,-25.212],[153.227,-25.028],[153.241,-24.913],[153.137,-24.816],[153.281,-24.693],[153.284,-24.877],[153.371,-24.989]]],[[[151.373,-23.82],[151.383,-23.84],[151.387,-23.864],[151.383,-23.879],[151.362,-23.873],[151.358,-23.847],[151.351,-23.832],[151.329,-23.803],[151.322,-23.771],[151.322,-23.77],[151.326,-23.758],[151.333,-23.751],[151.34,-23.751],[151.344,-23.783],[151.351,-23.797],[151.373,-23.82]]],[[[151.268,-23.667],[151.297,-23.748],[151.214,-23.778],[150.98,-23.488],[151.07,-23.447],[151.196,-23.533],[151.239,-23.489],[151.268,-23.667]]],[[[149.727,-22.341],[149.734,-22.339],[149.745,-22.346],[149.767,-22.365],[149.756,-22.368],[149.752,-22.376],[149.756,-22.387],[149.752,-22.398],[149.731,-22.429],[149.724,-22.441],[149.713,-22.429],[149.709,-22.425],[149.716,-22.415],[149.716,-22.405],[149.716,-22.395],[149.709,-22.385],[149.716,-22.375],[149.724,-22.351],[149.727,-22.341]]],[[[150.537,-22.275],[150.555,-22.306],[150.483,-22.344],[150.48,-22.216],[150.537,-22.275]]],[[[149.918,-22.042],[149.911,-22.076],[149.911,-22.086],[149.914,-22.101],[149.925,-22.121],[149.929,-22.135],[149.929,-22.16],[149.922,-22.191],[149.907,-22.216],[149.889,-22.226],[149.878,-22.219],[149.878,-22.213],[149.882,-22.204],[149.882,-22.192],[149.878,-22.186],[149.875,-22.182],[149.871,-22.176],[149.868,-22.162],[149.868,-22.142],[149.875,-22.118],[149.882,-22.096],[149.896,-22.083],[149.889,-22.073],[149.893,-22.061],[149.904,-22.049],[149.918,-22.042]]],[[[150.293,-21.742],[150.318,-21.735],[150.329,-21.735],[150.339,-21.742],[150.368,-21.726],[150.357,-21.743],[150.35,-21.76],[150.343,-21.772],[150.329,-21.769],[150.293,-21.748],[150.293,-21.742]]],[[[150.3,-21.679],[150.3,-21.677],[150.296,-21.676],[150.296,-21.674],[150.293,-21.672],[150.289,-21.681],[150.285,-21.684],[150.282,-21.682],[150.275,-21.679],[150.264,-21.671],[150.257,-21.669],[150.249,-21.671],[150.246,-21.679],[150.242,-21.671],[150.242,-21.664],[150.246,-21.657],[150.253,-21.652],[150.249,-21.644],[150.249,-21.639],[150.246,-21.623],[150.253,-21.623],[150.264,-21.639],[150.289,-21.649],[150.307,-21.661],[150.3,-21.679]]],[[[115.466,-20.73],[115.397,-20.864],[115.307,-20.87],[115.401,-20.693],[115.451,-20.668],[115.466,-20.73]]],[[[149.094,-20.418],[149.094,-20.438],[149.097,-20.453],[149.104,-20.465],[149.115,-20.48],[149.094,-20.485],[149.083,-20.5],[149.072,-20.516],[149.054,-20.527],[149.047,-20.524],[149.043,-20.517],[149.04,-20.509],[149.04,-20.5],[149.047,-20.494],[149.061,-20.494],[149.072,-20.49],[149.083,-20.472],[149.086,-20.455],[149.086,-20.438],[149.094,-20.418]]],[[[149.068,-20.315],[149.058,-20.31],[149.05,-20.303],[149.04,-20.288],[149.025,-20.32],[149.018,-20.328],[149.004,-20.311],[148.989,-20.315],[148.982,-20.323],[148.971,-20.321],[148.971,-20.281],[148.953,-20.293],[148.946,-20.294],[148.939,-20.294],[148.932,-20.293],[148.928,-20.288],[148.932,-20.278],[148.964,-20.251],[148.968,-20.237],[148.95,-20.232],[148.96,-20.212],[148.964,-20.186],[148.971,-20.164],[148.986,-20.151],[148.989,-20.166],[149.004,-20.19],[149.004,-20.202],[149.004,-20.229],[149.011,-20.237],[149.029,-20.239],[149.029,-20.245],[149.047,-20.274],[149.068,-20.289],[149.072,-20.3],[149.068,-20.315]]],[[[148.957,-20.144],[148.924,-20.178],[148.881,-20.137],[148.964,-20.041],[148.957,-20.144]]],[[[148.449,-19.965],[148.474,-19.984],[148.482,-20.004],[148.478,-20.028],[148.471,-20.048],[148.464,-20.043],[148.46,-20.043],[148.456,-20.043],[148.449,-20.041],[148.449,-20.011],[148.449,-19.996],[148.446,-19.985],[148.449,-19.965]]],[[[146.862,-19.116],[146.865,-19.163],[146.818,-19.175],[146.779,-19.133],[146.862,-19.116]]],[[[146.318,-18.383],[146.354,-18.422],[146.311,-18.479],[146.224,-18.466],[146.098,-18.245],[146.217,-18.278],[146.228,-18.197],[146.304,-18.238],[146.278,-18.307],[146.318,-18.383]]],[[[139.561,-17.039],[139.568,-17.1],[139.424,-17.144],[139.402,-17.101],[139.492,-16.985],[139.561,-17.039]]],[[[139.089,-16.828],[139.107,-16.821],[139.132,-16.813],[139.154,-16.813],[139.158,-16.828],[139.147,-16.835],[139.122,-16.836],[139.118,-16.845],[139.114,-16.858],[139.107,-16.863],[139.1,-16.86],[139.096,-16.848],[139.096,-16.84],[139.096,-16.835],[139.096,-16.829],[139.089,-16.828]]],[[[139.734,-16.443],[139.708,-16.527],[139.611,-16.553],[139.554,-16.483],[139.489,-16.517],[139.528,-16.546],[139.467,-16.568],[139.446,-16.664],[139.399,-16.642],[139.32,-16.718],[139.226,-16.721],[139.179,-16.662],[139.143,-16.755],[139.172,-16.6],[139.287,-16.47],[139.582,-16.396],[139.69,-16.463],[139.734,-16.443]]],[[[136.67,-15.663],[136.713,-15.703],[136.663,-15.779],[136.616,-15.713],[136.67,-15.663]]],[[[136.8,-15.642],[136.836,-15.683],[136.782,-15.673],[136.792,-15.722],[136.731,-15.744],[136.731,-15.649],[136.8,-15.642]]],[[[137.077,-15.75],[137.073,-15.847],[136.983,-15.712],[136.936,-15.722],[136.994,-15.593],[137.084,-15.653],[137.077,-15.75]]],[[[136.616,-15.539],[136.587,-15.636],[136.497,-15.627],[136.526,-15.534],[136.616,-15.539]]],[[[136.897,-15.587],[136.882,-15.59],[136.875,-15.597],[136.872,-15.607],[136.875,-15.622],[136.868,-15.624],[136.861,-15.626],[136.85,-15.636],[136.846,-15.631],[136.846,-15.627],[136.843,-15.626],[136.843,-15.622],[136.846,-15.62],[136.846,-15.617],[136.843,-15.609],[136.836,-15.599],[136.839,-15.595],[136.846,-15.592],[136.85,-15.587],[136.85,-15.583],[136.854,-15.575],[136.857,-15.57],[136.854,-15.565],[136.843,-15.556],[136.843,-15.553],[136.846,-15.536],[136.857,-15.521],[136.872,-15.507],[136.882,-15.499],[136.875,-15.523],[136.879,-15.544],[136.897,-15.587]]],[[[124.419,-15.254],[124.423,-15.246],[124.433,-15.247],[124.444,-15.252],[124.451,-15.264],[124.448,-15.274],[124.437,-15.284],[124.433,-15.293],[124.444,-15.3],[124.433,-15.308],[124.419,-15.306],[124.408,-15.301],[124.397,-15.3],[124.394,-15.303],[124.39,-15.31],[124.387,-15.315],[124.376,-15.32],[124.372,-15.317],[124.343,-15.306],[124.336,-15.3],[124.336,-15.296],[124.336,-15.291],[124.383,-15.281],[124.408,-15.273],[124.419,-15.254]]],[[[124.577,-15.333],[124.649,-15.396],[124.531,-15.44],[124.581,-15.374],[124.459,-15.36],[124.57,-15.244],[124.577,-15.333]]],[[[124.927,-14.974],[124.927,-15.029],[124.865,-14.972],[124.923,-14.937],[124.927,-14.974]]],[[[135.766,-14.867],[135.763,-14.889],[135.763,-14.901],[135.748,-14.898],[135.727,-14.896],[135.705,-14.913],[135.691,-14.91],[135.687,-14.903],[135.698,-14.894],[135.705,-14.888],[135.716,-14.879],[135.72,-14.867],[135.72,-14.861],[135.709,-14.859],[135.709,-14.854],[135.716,-14.85],[135.72,-14.84],[135.727,-14.835],[135.748,-14.839],[135.759,-14.85],[135.766,-14.867]]],[[[125.197,-14.471],[125.204,-14.594],[125.139,-14.648],[125.092,-14.619],[125.096,-14.548],[125.139,-14.558],[125.114,-14.498],[125.153,-14.444],[125.197,-14.471]]],[[[136.807,-13.819],[136.807,-13.814],[136.81,-13.809],[136.814,-13.805],[136.818,-13.802],[136.81,-13.809],[136.81,-13.814],[136.807,-13.819]]],[[[136.288,-13.706],[136.234,-13.847],[136.198,-13.853],[136.177,-13.763],[136.155,-13.839],[136.116,-13.817],[136.116,-13.724],[136.166,-13.743],[136.195,-13.67],[136.288,-13.706]]],[[[136.951,-14.182],[136.951,-14.278],[136.904,-14.298],[136.735,-14.256],[136.641,-14.28],[136.425,-14.195],[136.324,-14.229],[136.436,-14.121],[136.411,-13.819],[136.594,-13.812],[136.63,-13.777],[136.566,-13.695],[136.627,-13.716],[136.717,-13.648],[136.677,-13.744],[136.724,-13.763],[136.731,-13.839],[136.814,-13.849],[136.843,-13.75],[136.904,-13.758],[136.926,-13.805],[136.857,-13.915],[136.767,-13.945],[136.81,-14.03],[136.717,-14.064],[136.706,-14.126],[136.735,-14.189],[136.789,-14.15],[136.882,-14.209],[136.918,-14.148],[136.98,-14.148],[136.951,-14.182]]],[[[136.137,-13.435],[136.094,-13.361],[136.202,-13.461],[136.155,-13.473],[136.144,-13.56],[136.137,-13.435]]],[[[136.818,-12.076],[136.821,-12.085],[136.825,-12.105],[136.821,-12.12],[136.828,-12.132],[136.821,-12.139],[136.814,-12.137],[136.807,-12.127],[136.796,-12.108],[136.8,-12.085],[136.818,-12.076]]],[[[132.386,-12.071],[132.411,-12.083],[132.415,-12.11],[132.408,-12.134],[132.386,-12.134],[132.339,-12.098],[132.346,-12.086],[132.357,-12.078],[132.375,-12.073],[132.386,-12.071]]],[[[136.292,-11.977],[136.27,-12.039],[136.13,-12.058],[136.13,-12.017],[136.242,-12.024],[136.292,-11.977]]],[[[136.465,-11.894],[136.472,-11.868],[136.472,-11.84],[136.479,-11.814],[136.497,-11.798],[136.497,-11.816],[136.479,-11.865],[136.479,-11.875],[136.483,-11.882],[136.483,-11.889],[136.479,-11.901],[136.472,-11.906],[136.468,-11.907],[136.465,-11.902],[136.465,-11.894]]],[[[136.605,-11.745],[136.62,-11.735],[136.623,-11.737],[136.623,-11.745],[136.616,-11.757],[136.594,-11.774],[136.587,-11.784],[136.58,-11.798],[136.562,-11.794],[136.53,-11.799],[136.519,-11.791],[136.53,-11.777],[136.537,-11.774],[136.558,-11.777],[136.569,-11.774],[136.584,-11.764],[136.605,-11.745]]],[[[135.957,-11.706],[135.95,-11.683],[135.982,-11.661],[136.026,-11.64],[136.054,-11.651],[136.022,-11.688],[136.008,-11.708],[135.986,-11.716],[135.957,-11.706]]],[[[132.62,-11.647],[132.642,-11.691],[132.584,-11.72],[132.508,-11.649],[132.62,-11.647]]],[[[136.422,-11.509],[136.479,-11.462],[136.375,-11.592],[136.177,-11.688],[136.267,-11.573],[136.321,-11.603],[136.422,-11.509]]],[[[130.536,-11.705],[130.633,-11.762],[130.629,-11.804],[130.496,-11.84],[130.32,-11.771],[130.086,-11.828],[130.017,-11.786],[130.071,-11.755],[130.071,-11.671],[130.186,-11.676],[130.197,-11.507],[130.147,-11.489],[130.269,-11.338],[130.345,-11.316],[130.388,-11.519],[130.46,-11.592],[130.449,-11.701],[130.536,-11.705]]],[[[131.536,-11.413],[131.529,-11.475],[131.472,-11.494],[131.475,-11.6],[131.385,-11.578],[131.292,-11.723],[130.96,-11.934],[130.496,-11.649],[130.366,-11.205],[130.399,-11.152],[130.518,-11.296],[130.575,-11.276],[130.568,-11.394],[130.658,-11.331],[130.694,-11.434],[130.921,-11.31],[131.004,-11.347],[131.022,-11.413],[131.05,-11.315],[131.155,-11.249],[131.22,-11.399],[131.194,-11.284],[131.274,-11.19],[131.302,-11.277],[131.428,-11.25],[131.475,-11.391],[131.536,-11.413]]],[[[136.764,-11.039],[136.717,-11.207],[136.537,-11.443],[136.479,-11.448],[136.764,-11.039]]],[[[132.49,-11.159],[132.519,-11.127],[132.469,-11.029],[132.552,-11.033],[132.598,-10.968],[132.58,-11.154],[132.634,-11.174],[132.598,-11.345],[132.49,-11.159]]],[[[142.254,-10.666],[142.282,-10.715],[142.189,-10.769],[142.113,-10.685],[142.192,-10.592],[142.254,-10.666]]],[[[142.261,-10.578],[142.293,-10.573],[142.318,-10.589],[142.326,-10.612],[142.304,-10.632],[142.275,-10.641],[142.254,-10.626],[142.246,-10.6],[142.261,-10.578]]],[[[142.293,-10.139],[142.34,-10.19],[142.29,-10.261],[142.221,-10.242],[142.214,-10.153],[142.293,-10.139]]],[[[142.189,-10.08],[142.142,-10.185],[142.095,-10.119],[142.142,-10.05],[142.189,-10.08]]],[[[115.66,-32.15],[115.664,-32.174],[115.678,-32.216],[115.682,-32.239],[115.664,-32.234],[115.66,-32.233],[115.657,-32.209],[115.649,-32.184],[115.646,-32.163],[115.66,-32.15]]],[[[115.491,-31.996],[115.523,-31.995],[115.541,-32],[115.552,-32.006],[115.531,-32.018],[115.516,-32.025],[115.491,-32.02],[115.459,-32.023],[115.441,-32.022],[115.459,-32.01],[115.484,-32.011],[115.491,-31.996]]],[[[113.68,-28.452],[113.702,-28.449],[113.713,-28.438],[113.72,-28.428],[113.734,-28.428],[113.749,-28.428],[113.731,-28.444],[113.716,-28.462],[113.702,-28.472],[113.695,-28.484],[113.684,-28.486],[113.68,-28.469],[113.68,-28.452]]],[[[146.653,-18.746],[146.685,-18.753],[146.57,-18.761],[146.581,-18.682],[146.653,-18.746]]],[[[142.754,-9.369],[142.783,-9.386],[142.732,-9.425],[142.603,-9.4],[142.754,-9.369]]],[[[142.207,-9.239],[142.279,-9.261],[142.282,-9.278],[142.279,-9.287],[142.261,-9.29],[142.221,-9.292],[142.182,-9.285],[142.149,-9.271],[142.164,-9.251],[142.207,-9.239]]]]}},{"type":"Feature","properties":{"kind":"country","iso":"CL","region":"","name":"Chile"},"geometry":{"type":"MultiPolygon","coordinates":[[[[-69.511,-17.507],[-69.497,-17.621],[-69.335,-17.805],[-69.302,-17.976],[-69.083,-18.039],[-69.155,-18.14],[-68.95,-18.868],[-68.989,-18.947],[-68.91,-19.069],[-68.449,-19.435],[-68.705,-19.715],[-68.561,-19.844],[-68.543,-19.935],[-68.59,-20.056],[-68.791,-20.107],[-68.726,-20.151],[-68.68,-20.328],[-68.759,-20.364],[-68.766,-20.421],[-68.687,-20.517],[-68.482,-20.625],[-68.564,-20.72],[-68.572,-20.872],[-68.417,-20.96],[-68.208,-21.284],[-68.197,-21.571],[-68.107,-21.789],[-68.093,-21.968],[-67.96,-22.103],[-67.952,-22.334],[-67.859,-22.547],[-67.888,-22.819],[-67.772,-22.888],[-67.618,-22.897],[-67.193,-22.822],[-67.013,-23.001],[-67.362,-24.03],[-68.262,-24.396],[-68.327,-24.499],[-68.399,-24.501],[-68.453,-24.629],[-68.496,-24.602],[-68.572,-24.769],[-68.55,-24.869],[-68.478,-24.899],[-68.366,-25.124],[-68.518,-25.183],[-68.608,-25.436],[-68.41,-26.144],[-68.575,-26.304],[-68.597,-26.458],[-68.572,-26.551],[-68.305,-26.898],[-68.327,-27.037],[-68.518,-27.077],[-68.586,-27.164],[-68.719,-27.106],[-68.813,-27.12],[-68.932,-27.395],[-69.018,-27.461],[-69.191,-27.952],[-69.302,-27.999],[-69.41,-28.202],[-69.49,-28.199],[-69.655,-28.401],[-69.677,-28.574],[-69.752,-28.673],[-69.734,-28.812],[-69.803,-28.94],[-69.803,-29.099],[-69.911,-29.143],[-70.041,-29.298],[-69.914,-29.806],[-69.979,-30.073],[-69.835,-30.162],[-69.965,-30.375],[-70.174,-30.365],[-70.145,-30.439],[-70.217,-30.515],[-70.339,-30.938],[-70.267,-31.037],[-70.339,-31.042],[-70.408,-31.15],[-70.469,-31.09],[-70.537,-31.172],[-70.591,-31.567],[-70.465,-31.838],[-70.246,-31.942],[-70.285,-32.047],[-70.39,-32.054],[-70.321,-32.28],[-70.242,-32.331],[-70.246,-32.403],[-70.159,-32.486],[-70.156,-32.738],[-70.001,-32.876],[-70.033,-32.977],[-70.113,-33.038],[-70.109,-33.17],[-70.012,-33.3],[-69.94,-33.242],[-69.835,-33.266],[-69.788,-33.379],[-69.878,-33.558],[-69.86,-33.727],[-69.914,-33.773],[-69.911,-33.955],[-69.864,-33.958],[-69.875,-34.141],[-69.828,-34.234],[-70.059,-34.291],[-70.059,-34.396],[-70.318,-34.745],[-70.278,-34.798],[-70.386,-35.167],[-70.545,-35.21],[-70.581,-35.26],[-70.429,-35.357],[-70.473,-35.38],[-70.361,-35.784],[-70.422,-35.904],[-70.383,-35.914],[-70.411,-35.97],[-70.379,-36.046],[-70.451,-36.152],[-70.57,-36.138],[-70.71,-36.265],[-70.717,-36.415],[-70.89,-36.4],[-70.933,-36.473],[-71.045,-36.485],[-71.056,-36.687],[-71.146,-36.689],[-71.196,-36.839],[-71.135,-36.952],[-71.207,-36.973],[-71.088,-37.104],[-71.207,-37.293],[-71.117,-37.467],[-71.185,-37.705],[-71.005,-38.077],[-70.973,-38.425],[-70.833,-38.565],[-70.872,-38.692],[-70.944,-38.747],[-71.229,-38.808],[-71.401,-38.911],[-71.412,-39.318],[-71.542,-39.532],[-71.502,-39.602],[-71.617,-39.617],[-71.679,-39.568],[-71.715,-39.602],[-71.686,-39.833],[-71.617,-39.911],[-71.682,-40.1],[-71.815,-40.093],[-71.823,-40.21],[-71.675,-40.324],[-71.729,-40.421],[-71.797,-40.414],[-71.851,-40.616],[-71.956,-40.721],[-71.851,-40.939],[-71.905,-41.368],[-71.855,-41.567],[-71.927,-41.653],[-71.794,-41.868],[-71.736,-42.084],[-71.923,-42.177],[-71.977,-42.126],[-72.039,-42.145],[-72.132,-42.288],[-72.039,-42.481],[-72.15,-42.592],[-72.129,-43.043],[-72.053,-43.105],[-71.743,-43.19],[-71.751,-43.295],[-71.902,-43.322],[-71.956,-43.443],[-71.869,-43.462],[-71.873,-43.539],[-71.715,-43.602],[-71.711,-43.685],[-71.819,-43.757],[-71.754,-43.771],[-71.761,-43.828],[-71.661,-43.926],[-71.761,-44.065],[-71.859,-44.108],[-71.805,-44.314],[-71.862,-44.377],[-71.211,-44.428],[-71.124,-44.549],[-71.214,-44.607],[-71.239,-44.748],[-71.297,-44.796],[-71.499,-44.743],[-72.089,-44.782],[-72.075,-44.902],[-71.589,-44.978],[-71.311,-45.299],[-71.509,-45.409],[-71.488,-45.498],[-71.765,-45.572],[-71.801,-45.718],[-71.765,-45.831],[-71.614,-45.971],[-71.769,-46.113],[-71.916,-46.152],[-71.765,-46.245],[-71.682,-46.538],[-71.686,-46.69],[-71.949,-46.814],[-71.97,-46.949],[-71.916,-46.999],[-72.006,-47.062],[-71.873,-47.143],[-71.88,-47.222],[-72.031,-47.197],[-72.039,-47.286],[-72.172,-47.408],[-72.363,-47.45],[-72.319,-47.499],[-72.345,-47.602],[-72.543,-47.915],[-72.345,-48.07],[-72.294,-48.333],[-72.579,-48.451],[-72.615,-48.511],[-72.593,-48.791],[-72.78,-48.934],[-73.011,-48.99],[-73.183,-49.215],[-73.097,-49.267],[-73.144,-49.304],[-73.471,-49.318],[-73.461,-49.375],[-73.587,-49.53],[-73.522,-49.608],[-73.54,-49.693],[-73.464,-49.76],[-73.572,-49.932],[-73.479,-50.01],[-73.54,-50.113],[-73.302,-50.299],[-73.259,-50.572],[-73.191,-50.642],[-73.176,-50.75],[-73.05,-50.758],[-72.755,-50.616],[-72.661,-50.669],[-72.507,-50.601],[-72.301,-50.648],[-72.348,-50.743],[-72.262,-50.836],[-72.265,-50.961],[-72.406,-51.106],[-72.258,-51.244],[-72.319,-51.312],[-72.352,-51.476],[-72.449,-51.553],[-72.33,-51.599],[-72.301,-51.692],[-71.981,-51.846],[-71.967,-51.97],[-69.954,-52.008],[-69.486,-52.133],[-69.212,-52.138],[-68.453,-52.3],[-68.449,-52.347],[-68.899,-52.303],[-69.234,-52.203],[-69.472,-52.273],[-69.497,-52.386],[-69.673,-52.531],[-69.846,-52.487],[-70.152,-52.587],[-70.206,-52.651],[-70.321,-52.637],[-70.519,-52.724],[-70.527,-52.659],[-70.699,-52.739],[-70.735,-52.702],[-70.865,-52.722],[-70.739,-52.784],[-70.89,-52.914],[-70.811,-52.928],[-70.811,-52.979],[-70.951,-53.198],[-70.995,-53.384],[-70.941,-53.592],[-70.973,-53.755],[-71.286,-53.885],[-71.646,-53.823],[-71.873,-53.696],[-71.931,-53.728],[-72.003,-53.674],[-72.103,-53.689],[-72.453,-53.407],[-72.42,-53.318],[-72.283,-53.242],[-72.096,-53.267],[-72.089,-53.382],[-72.24,-53.434],[-72.093,-53.423],[-72.017,-53.392],[-72.021,-53.247],[-71.855,-53.225],[-71.79,-53.441],[-72.01,-53.554],[-71.794,-53.507],[-71.754,-53.463],[-71.743,-53.223],[-71.383,-53.127],[-71.2,-52.925],[-71.121,-52.919],[-71.171,-52.813],[-71.351,-52.806],[-71.398,-52.729],[-71.398,-52.832],[-71.484,-52.825],[-71.905,-53.011],[-72.021,-53.125],[-72.118,-53.129],[-72.287,-53.029],[-72.269,-53.071],[-72.564,-53.078],[-72.366,-53.068],[-72.323,-53.132],[-72.19,-53.181],[-72.366,-53.181],[-72.327,-53.222],[-72.489,-53.188],[-72.435,-53.217],[-72.463,-53.23],[-72.539,-53.198],[-72.413,-53.257],[-72.535,-53.271],[-72.521,-53.367],[-72.647,-53.318],[-72.366,-53.537],[-72.532,-53.543],[-72.723,-53.463],[-72.762,-53.387],[-72.795,-53.44],[-72.809,-53.387],[-73.173,-53.257],[-73.302,-53.154],[-73.14,-53.188],[-72.957,-53.161],[-72.712,-53.291],[-72.69,-53.24],[-72.795,-53.173],[-72.654,-53.154],[-72.715,-53.105],[-72.845,-53.151],[-72.935,-53.105],[-72.877,-53.017],[-72.928,-53.024],[-72.96,-52.825],[-72.69,-52.708],[-72.611,-52.774],[-72.715,-52.869],[-72.589,-52.796],[-72.597,-52.835],[-72.474,-52.806],[-72.431,-52.857],[-72.399,-52.783],[-72.161,-52.653],[-71.981,-52.646],[-71.851,-52.695],[-71.477,-52.646],[-71.571,-52.561],[-72.309,-52.516],[-72.435,-52.619],[-72.399,-52.619],[-72.42,-52.653],[-72.55,-52.592],[-72.391,-52.507],[-72.571,-52.556],[-72.859,-52.502],[-72.989,-52.705],[-72.82,-52.587],[-72.672,-52.653],[-73.014,-52.842],[-72.953,-52.894],[-72.978,-53.055],[-73.14,-53.098],[-73.176,-53.016],[-73.198,-53.105],[-73.457,-52.987],[-73.353,-52.995],[-73.367,-52.957],[-73.313,-52.935],[-73.241,-52.962],[-73.263,-52.928],[-73.212,-52.887],[-73.288,-52.903],[-73.565,-52.798],[-73.234,-52.791],[-73.306,-52.715],[-73.151,-52.634],[-73.122,-52.55],[-73.003,-52.558],[-73.119,-52.533],[-73.093,-52.494],[-72.885,-52.526],[-72.906,-52.496],[-73.144,-52.491],[-73.194,-52.43],[-73.234,-52.496],[-73.158,-52.563],[-73.27,-52.673],[-73.338,-52.646],[-73.302,-52.592],[-73.392,-52.545],[-73.396,-52.636],[-73.507,-52.656],[-73.615,-52.749],[-73.698,-52.715],[-73.572,-52.632],[-73.669,-52.643],[-73.687,-52.599],[-73.554,-52.551],[-73.619,-52.521],[-73.561,-52.475],[-73.497,-52.475],[-73.515,-52.42],[-73.666,-52.425],[-73.561,-52.323],[-73.612,-52.278],[-73.579,-52.209],[-73.68,-52.146],[-73.734,-52.03],[-73.551,-52.187],[-73.468,-52.17],[-73.497,-52.133],[-73.302,-52.222],[-73.223,-52.18],[-73.205,-52.107],[-73.144,-52.126],[-72.996,-52.065],[-72.989,-52.143],[-73.047,-52.156],[-73.079,-52.237],[-72.996,-52.187],[-72.867,-52.258],[-72.755,-52.057],[-72.841,-52.106],[-72.885,-52.198],[-72.946,-52.166],[-72.949,-52.065],[-72.802,-51.937],[-72.687,-51.989],[-72.705,-52.06],[-72.6,-52.112],[-72.535,-52.222],[-72.6,-52.339],[-72.679,-52.323],[-72.931,-52.448],[-72.723,-52.406],[-72.521,-52.448],[-72.636,-52.398],[-72.496,-52.315],[-72.467,-52.203],[-72.647,-52.05],[-72.669,-51.96],[-72.471,-51.93],[-72.51,-51.837],[-72.467,-51.79],[-72.69,-51.594],[-73.054,-51.488],[-73.079,-51.42],[-73.259,-51.471],[-73.245,-51.506],[-73.043,-51.511],[-73.097,-51.604],[-72.989,-51.526],[-72.55,-51.741],[-72.579,-51.797],[-72.723,-51.839],[-72.831,-51.768],[-72.978,-51.77],[-73.05,-51.697],[-73.151,-51.704],[-73.183,-51.638],[-73.291,-51.611],[-73.212,-51.717],[-73.072,-51.724],[-72.996,-51.79],[-73.108,-51.744],[-73.14,-51.77],[-73.061,-51.77],[-73.05,-51.832],[-73.209,-51.879],[-72.971,-51.822],[-72.921,-51.859],[-73.144,-51.94],[-73.176,-52.082],[-73.223,-52.092],[-73.385,-51.653],[-73.284,-52.104],[-73.317,-52.166],[-73.565,-52.04],[-73.651,-51.829],[-73.601,-51.822],[-73.399,-52.016],[-73.59,-51.749],[-73.461,-51.687],[-73.551,-51.722],[-73.551,-51.68],[-73.59,-51.722],[-73.655,-51.688],[-73.698,-51.785],[-73.813,-51.688],[-73.716,-51.64],[-73.9,-51.626],[-73.817,-51.537],[-73.911,-51.526],[-73.936,-51.4],[-73.882,-51.368],[-73.698,-51.481],[-73.605,-51.611],[-73.641,-51.537],[-73.605,-51.513],[-73.659,-51.494],[-73.597,-51.434],[-73.669,-51.439],[-73.716,-51.288],[-73.785,-51.234],[-73.759,-51.195],[-73.684,-51.276],[-73.673,-51.187],[-73.731,-51.18],[-73.695,-51.14],[-73.77,-51.118],[-73.763,-51.163],[-73.878,-51.238],[-74.022,-51.111],[-74.029,-51.207],[-74.13,-51.187],[-74.155,-51.07],[-74.073,-50.954],[-74.195,-51.038],[-74.238,-51.028],[-74.256,-50.939],[-74.152,-50.873],[-73.929,-50.864],[-73.803,-50.961],[-73.788,-50.92],[-73.878,-50.829],[-73.853,-50.797],[-73.741,-50.821],[-73.788,-50.797],[-73.774,-50.67],[-73.637,-50.64],[-73.554,-50.707],[-73.475,-50.672],[-73.727,-50.549],[-73.626,-50.501],[-73.565,-50.405],[-73.759,-50.515],[-73.824,-50.758],[-73.936,-50.827],[-74.044,-50.822],[-74.127,-50.763],[-74.062,-50.712],[-74.119,-50.687],[-74.148,-50.729],[-74.235,-50.604],[-74.199,-50.559],[-74.296,-50.481],[-74.209,-50.464],[-74.127,-50.591],[-74.148,-50.483],[-73.878,-50.542],[-74.13,-50.424],[-74.015,-50.365],[-74.253,-50.441],[-74.321,-50.385],[-74.263,-50.317],[-74.281,-50.265],[-74.353,-50.36],[-74.44,-50.358],[-74.537,-50.297],[-74.483,-50.248],[-74.695,-50.182],[-74.573,-50.1],[-74.505,-50.132],[-74.494,-50.076],[-74.346,-50.086],[-74.289,-50.132],[-74.325,-50.172],[-74.224,-50.197],[-74.195,-50.26],[-74.123,-50.223],[-73.857,-50.289],[-74.001,-50.241],[-74.008,-50.203],[-74.195,-50.186],[-74.364,-49.951],[-74.227,-49.941],[-74.141,-50.015],[-73.936,-50.029],[-73.885,-50.076],[-73.896,-50.018],[-74.008,-49.991],[-73.961,-49.931],[-73.878,-49.919],[-73.907,-49.856],[-74.015,-49.959],[-74.087,-49.959],[-74.325,-49.872],[-74.35,-49.792],[-74.073,-49.742],[-74.289,-49.742],[-74.328,-49.677],[-74.303,-49.603],[-74.08,-49.537],[-74.022,-49.618],[-74.001,-49.559],[-73.939,-49.559],[-73.893,-49.659],[-73.727,-49.782],[-73.695,-49.74],[-73.857,-49.65],[-73.878,-49.529],[-74.091,-49.497],[-74.123,-49.422],[-74.076,-49.262],[-73.846,-49.35],[-73.986,-49.274],[-73.979,-49.164],[-74.044,-49.083],[-73.943,-49.024],[-73.821,-49.042],[-74.058,-49.012],[-74.037,-49.145],[-74.105,-49.221],[-74.191,-49.208],[-74.145,-49.303],[-74.188,-49.488],[-74.242,-49.527],[-74.422,-49.385],[-74.411,-49.218],[-74.371,-49.186],[-74.404,-49.068],[-74.44,-49.09],[-74.469,-49.049],[-74.404,-48.987],[-74.422,-48.934],[-74.364,-48.933],[-74.454,-48.831],[-74.371,-48.72],[-74.335,-48.755],[-74.058,-48.74],[-74.17,-48.703],[-74.307,-48.728],[-74.289,-48.693],[-74.364,-48.683],[-74.393,-48.598],[-74.199,-48.473],[-73.993,-48.597],[-74.029,-48.448],[-73.893,-48.411],[-74.238,-48.35],[-74.109,-48.306],[-74.271,-48.335],[-74.317,-48.212],[-74.443,-48.183],[-74.512,-48.09],[-74.469,-48.028],[-74.587,-48.08],[-74.634,-48.034],[-74.537,-47.963],[-74.415,-47.984],[-74.206,-48.23],[-74.173,-48.218],[-74.332,-48.001],[-73.893,-48.023],[-73.857,-48.041],[-73.878,-48.095],[-73.77,-48.028],[-73.803,-48.109],[-73.749,-48.082],[-73.601,-48.131],[-73.558,-48.247],[-73.486,-48.173],[-73.353,-48.22],[-73.277,-48.139],[-73.281,-48.08],[-73.374,-48.163],[-73.482,-48.124],[-73.641,-47.984],[-73.655,-47.898],[-73.507,-47.979],[-73.227,-48.004],[-73.482,-47.963],[-73.518,-47.879],[-73.619,-47.864],[-73.551,-47.808],[-73.698,-47.786],[-73.731,-47.742],[-73.666,-47.616],[-73.702,-47.629],[-73.673,-47.568],[-73.72,-47.528],[-73.777,-47.589],[-73.731,-47.624],[-73.774,-47.779],[-73.914,-47.84],[-74.022,-47.828],[-74.069,-47.771],[-74.35,-47.788],[-74.407,-47.768],[-74.339,-47.754],[-74.379,-47.744],[-74.548,-47.784],[-74.728,-47.73],[-74.674,-47.648],[-74.577,-47.665],[-74.591,-47.692],[-74.551,-47.665],[-74.631,-47.621],[-74.555,-47.55],[-74.519,-47.604],[-74.436,-47.555],[-74.346,-47.636],[-74.483,-47.698],[-74.328,-47.675],[-74.206,-47.756],[-74.159,-47.747],[-74.271,-47.732],[-74.303,-47.678],[-74.134,-47.665],[-74.253,-47.631],[-74.044,-47.609],[-74.141,-47.587],[-74.058,-47.535],[-74.307,-47.599],[-74.346,-47.519],[-74.393,-47.535],[-74.454,-47.481],[-74.393,-47.447],[-74.465,-47.418],[-74.508,-47.47],[-74.53,-47.432],[-74.325,-47.219],[-74.285,-47.246],[-74.177,-47.205],[-74.112,-47.335],[-74.116,-47.193],[-74.015,-47.177],[-73.972,-47.254],[-73.99,-47.168],[-74.058,-47.156],[-73.943,-47.028],[-74.152,-46.967],[-74.209,-46.895],[-74.127,-46.829],[-74.22,-46.869],[-74.289,-46.822],[-74.267,-46.781],[-74.591,-46.726],[-74.483,-46.785],[-74.641,-46.78],[-74.674,-46.849],[-74.436,-46.856],[-74.479,-46.903],[-74.681,-46.884],[-74.814,-46.768],[-74.857,-46.814],[-75.016,-46.749],[-75.084,-46.641],[-74.94,-46.516],[-74.933,-46.437],[-75.203,-46.63],[-75.207,-46.596],[-75.343,-46.657],[-75.405,-46.63],[-75.563,-46.68],[-75.66,-46.768],[-75.541,-46.699],[-75.423,-46.714],[-75.477,-46.775],[-75.387,-46.78],[-75.433,-46.864],[-75.347,-46.868],[-75.412,-46.932],[-75.552,-46.949],[-75.649,-46.873],[-75.707,-46.787],[-75.707,-46.655],[-75.635,-46.574],[-75.516,-46.554],[-75.541,-46.513],[-75.372,-46.471],[-75.401,-46.44],[-75.347,-46.395],[-75.271,-46.363],[-75.221,-46.403],[-75.203,-46.3],[-75.03,-46.342],[-75.138,-46.314],[-75.091,-46.216],[-74.929,-46.273],[-74.958,-46.216],[-74.89,-46.147],[-74.778,-46.212],[-74.757,-46.179],[-74.821,-46.113],[-74.775,-46.04],[-74.703,-46.033],[-74.739,-46.023],[-74.728,-45.944],[-74.667,-45.824],[-74.559,-45.826],[-74.559,-45.903],[-74.458,-45.934],[-74.454,-46.017],[-74.4,-45.93],[-74.461,-45.816],[-74.361,-45.79],[-74.321,-45.832],[-74.17,-45.792],[-74.101,-45.838],[-74.191,-45.881],[-74.058,-45.93],[-74.166,-46.005],[-74.083,-46.03],[-74.166,-46.136],[-74.076,-46.096],[-74.062,-45.981],[-73.968,-46.074],[-74.065,-46.172],[-74.314,-46.25],[-74.49,-46.189],[-74.343,-46.261],[-74.051,-46.19],[-74.076,-46.322],[-74.026,-46.287],[-73.846,-46.342],[-74.019,-46.204],[-73.968,-46.145],[-73.882,-46.142],[-73.77,-46.234],[-73.774,-46.32],[-73.99,-46.56],[-73.875,-46.602],[-73.788,-46.498],[-73.741,-46.533],[-73.741,-46.422],[-73.601,-46.319],[-73.489,-46.3],[-73.565,-46.287],[-73.525,-46.175],[-73.345,-46.027],[-73.432,-46.03],[-73.687,-46.322],[-73.619,-46.103],[-73.662,-45.976],[-73.587,-45.885],[-73.522,-45.876],[-73.561,-45.829],[-73.403,-45.702],[-73.187,-45.672],[-73.335,-45.621],[-73.59,-45.78],[-73.518,-45.461],[-73.446,-45.414],[-73.407,-45.451],[-73.392,-45.375],[-73.324,-45.395],[-73.327,-45.341],[-73.227,-45.301],[-72.993,-45.451],[-72.859,-45.464],[-72.831,-45.419],[-72.982,-45.4],[-73.255,-45.248],[-73.45,-45.279],[-73.45,-45.199],[-73.306,-45.145],[-73.399,-44.988],[-73.119,-44.948],[-72.726,-44.759],[-72.679,-44.544],[-72.597,-44.505],[-72.593,-44.341],[-72.723,-44.502],[-72.935,-44.365],[-72.939,-44.306],[-73.183,-44.249],[-73.129,-44.146],[-73.198,-44.196],[-73.291,-44.152],[-73.277,-44.11],[-73.223,-44.127],[-73.201,-44.061],[-73.115,-44.087],[-73.14,-43.985],[-73.014,-43.772],[-72.967,-43.82],[-72.899,-43.777],[-72.823,-43.808],[-72.849,-43.68],[-72.895,-43.754],[-73.047,-43.729],[-72.975,-43.622],[-72.906,-43.607],[-73.025,-43.587],[-73.111,-43.462],[-73.086,-43.317],[-72.913,-43.235],[-72.935,-43.099],[-72.867,-43.019],[-72.805,-43.014],[-72.733,-43.08],[-72.748,-42.91],[-72.841,-42.839],[-72.867,-42.751],[-72.823,-42.665],[-72.867,-42.621],[-72.841,-42.525],[-72.712,-42.496],[-72.539,-42.558],[-72.679,-42.479],[-72.845,-42.278],[-72.593,-42.182],[-72.42,-42.44],[-72.481,-42.288],[-72.413,-42.238],[-72.481,-42.199],[-72.427,-42.148],[-72.489,-42.128],[-72.463,-41.976],[-72.517,-41.95],[-72.582,-42.032],[-72.737,-42.015],[-72.888,-41.912],[-72.647,-41.722],[-72.301,-41.648],[-72.345,-41.613],[-72.301,-41.381],[-72.341,-41.371],[-72.373,-41.591],[-72.427,-41.663],[-72.611,-41.707],[-72.759,-41.544],[-72.946,-41.483],[-73.111,-41.586],[-73.061,-41.697],[-73.14,-41.755],[-73.515,-41.804],[-73.759,-41.75],[-73.698,-41.636],[-73.554,-41.608],[-73.497,-41.51],[-73.615,-41.599],[-73.799,-41.565],[-73.939,-41.05],[-73.939,-40.959],[-73.853,-40.915],[-73.893,-40.863],[-73.81,-40.706],[-73.842,-40.667],[-73.727,-40.544],[-73.785,-40.424],[-73.734,-40.174],[-73.659,-40.11],[-73.713,-39.968],[-73.457,-39.833],[-73.378,-39.901],[-73.407,-39.695],[-73.223,-39.418],[-73.209,-39.193],[-73.245,-39.222],[-73.522,-38.521],[-73.543,-38.399],[-73.464,-38.052],[-73.669,-37.719],[-73.684,-37.599],[-73.597,-37.493],[-73.68,-37.347],[-73.608,-37.155],[-73.461,-37.243],[-73.209,-37.16],[-73.144,-36.834],[-73.209,-36.775],[-73.133,-36.736],[-73.119,-36.598],[-73.072,-36.714],[-72.982,-36.691],[-72.989,-36.528],[-72.931,-36.523],[-72.827,-36.287],[-72.802,-35.978],[-72.582,-35.77],[-72.647,-35.566],[-72.528,-35.49],[-72.399,-35.233],[-72.229,-35.117],[-72.186,-34.885],[-72.057,-34.659],[-72.049,-34.404],[-71.988,-34.355],[-72.028,-34.163],[-71.905,-34.009],[-71.808,-33.778],[-71.671,-33.698],[-71.625,-33.541],[-71.707,-33.435],[-71.675,-33.302],[-71.761,-33.102],[-71.567,-33.003],[-71.517,-32.873],[-71.549,-32.785],[-71.448,-32.665],[-71.477,-32.535],[-71.409,-32.386],[-71.545,-32.194],[-71.502,-31.89],[-71.668,-31.171],[-71.653,-30.976],[-71.715,-30.615],[-71.639,-30.242],[-71.517,-30.279],[-71.445,-30.162],[-71.398,-30.176],[-71.412,-29.992],[-71.297,-29.935],[-71.283,-29.881],[-71.337,-29.729],[-71.29,-29.604],[-71.337,-29.524],[-71.308,-29.409],[-71.362,-29.296],[-71.488,-29.212],[-71.524,-28.94],[-71.488,-28.845],[-71.391,-28.8],[-71.301,-28.675],[-71.315,-28.574],[-71.189,-28.405],[-71.175,-28.092],[-71.038,-27.667],[-70.912,-27.621],[-70.89,-27.493],[-70.962,-27.169],[-70.789,-26.996],[-70.825,-26.873],[-70.732,-26.75],[-70.699,-26.394],[-70.631,-26.341],[-70.681,-26.304],[-70.635,-25.975],[-70.739,-25.83],[-70.635,-25.625],[-70.645,-25.522],[-70.537,-25.468],[-70.444,-25.345],[-70.437,-25.193],[-70.501,-25.095],[-70.473,-24.975],[-70.577,-24.732],[-70.584,-24.524],[-70.505,-24.168],[-70.498,-23.785],[-70.39,-23.577],[-70.411,-23.511],[-70.498,-23.469],[-70.541,-23.531],[-70.631,-23.516],[-70.584,-23.423],[-70.563,-23.06],[-70.505,-23.01],[-70.483,-23.086],[-70.426,-23.089],[-70.296,-22.919],[-70.314,-22.79],[-70.242,-22.496],[-70.192,-21.885],[-70.149,-21.861],[-70.152,-21.666],[-70.059,-21.433],[-70.08,-21.233],[-70.17,-21.014],[-70.127,-20.936],[-70.213,-20.815],[-70.192,-20.367],[-70.131,-20.267],[-70.167,-20.208],[-70.123,-20.072],[-70.149,-19.737],[-70.185,-19.629],[-70.242,-19.599],[-70.199,-19.535],[-70.289,-19.302],[-70.275,-19.123],[-70.357,-18.773],[-70.303,-18.445],[-70.393,-18.337],[-70.159,-18.326],[-69.972,-18.251],[-69.781,-17.981],[-69.85,-17.692],[-69.684,-17.655],[-69.511,-17.507]]],[[[-68.644,-54.799],[-68.665,-54.887],[-68.964,-54.784],[-68.737,-54.897],[-69.068,-54.949],[-69.648,-54.822],[-69.68,-54.787],[-69.623,-54.76],[-69.626,-54.692],[-69.68,-54.765],[-69.716,-54.689],[-69.731,-54.804],[-69.774,-54.716],[-69.81,-54.811],[-69.911,-54.819],[-69.972,-54.762],[-69.968,-54.677],[-69.994,-54.834],[-70.095,-54.849],[-70.087,-54.779],[-70.167,-54.846],[-70.311,-54.839],[-70.246,-54.689],[-70.365,-54.836],[-70.581,-54.779],[-70.761,-54.841],[-70.829,-54.777],[-70.624,-54.731],[-70.455,-54.633],[-70.545,-54.623],[-70.631,-54.667],[-70.606,-54.704],[-70.815,-54.75],[-70.923,-54.713],[-70.775,-54.682],[-70.944,-54.672],[-71.027,-54.777],[-70.959,-54.611],[-71.063,-54.593],[-71.049,-54.657],[-71.103,-54.633],[-71.178,-54.703],[-71.29,-54.677],[-71.193,-54.627],[-71.257,-54.613],[-71.232,-54.532],[-71.297,-54.559],[-71.347,-54.517],[-71.337,-54.566],[-71.412,-54.579],[-71.337,-54.606],[-71.488,-54.687],[-71.52,-54.66],[-71.495,-54.593],[-71.585,-54.655],[-71.556,-54.586],[-71.599,-54.581],[-71.653,-54.657],[-71.686,-54.635],[-71.653,-54.6],[-71.754,-54.593],[-71.823,-54.655],[-71.945,-54.655],[-71.981,-54.613],[-71.905,-54.613],[-71.891,-54.568],[-72.003,-54.571],[-72.003,-54.498],[-71.941,-54.51],[-72.003,-54.459],[-71.671,-54.571],[-71.747,-54.51],[-71.585,-54.546],[-71.693,-54.47],[-71.841,-54.466],[-71.851,-54.414],[-71.751,-54.397],[-71.563,-54.51],[-71.495,-54.476],[-71.603,-54.449],[-71.599,-54.4],[-71.391,-54.458],[-71.322,-54.427],[-71.434,-54.4],[-71.365,-54.373],[-71.092,-54.51],[-71.146,-54.436],[-70.973,-54.47],[-70.933,-54.416],[-70.951,-54.34],[-70.8,-54.316],[-70.609,-54.34],[-70.728,-54.427],[-70.764,-54.6],[-70.739,-54.551],[-70.635,-54.6],[-70.696,-54.495],[-70.584,-54.39],[-70.249,-54.576],[-70.303,-54.497],[-70.131,-54.546],[-70.429,-54.437],[-70.577,-54.275],[-70.843,-54.264],[-70.897,-54.183],[-70.822,-54.196],[-70.933,-54.113],[-70.138,-54.427],[-70.145,-54.392],[-70.077,-54.37],[-70.199,-54.321],[-70.033,-54.257],[-69.972,-54.297],[-69.968,-54.38],[-69.875,-54.421],[-69.882,-54.503],[-69.785,-54.485],[-69.774,-54.556],[-69.742,-54.478],[-69.817,-54.421],[-69.882,-54.313],[-69.86,-54.28],[-69.691,-54.318],[-69.536,-54.443],[-69.572,-54.373],[-69.522,-54.338],[-69.248,-54.436],[-69.227,-54.476],[-69.418,-54.623],[-69.378,-54.682],[-69.374,-54.616],[-69.27,-54.532],[-69.169,-54.578],[-69.158,-54.453],[-68.996,-54.468],[-68.989,-54.431],[-69.281,-54.321],[-70.015,-54.113],[-70.185,-53.811],[-70.138,-53.738],[-69.652,-53.635],[-69.36,-53.522],[-69.317,-53.451],[-69.353,-53.355],[-69.896,-53.387],[-70.203,-53.468],[-70.444,-53.362],[-70.473,-53.31],[-70.419,-53.012],[-70.314,-52.968],[-70.336,-53.051],[-70.242,-53.061],[-70.134,-53.012],[-70.091,-52.911],[-70.221,-52.865],[-70.3,-52.914],[-70.257,-52.869],[-70.282,-52.798],[-70.426,-52.766],[-70.127,-52.732],[-70.001,-52.842],[-69.911,-52.849],[-69.713,-52.761],[-69.59,-52.643],[-69.605,-52.521],[-69.418,-52.452],[-69.14,-52.683],[-68.921,-52.641],[-68.78,-52.548],[-68.629,-52.639],[-68.64,-54.784],[-68.712,-54.77],[-68.644,-54.799]]],[[[-80.758,-33.768],[-80.776,-33.734],[-80.769,-33.702],[-80.74,-33.685],[-80.711,-33.705],[-80.707,-33.717],[-80.704,-33.734],[-80.704,-33.754],[-80.704,-33.768],[-80.715,-33.773],[-80.733,-33.776],[-80.751,-33.774],[-80.758,-33.768]]],[[[-78.789,-33.609],[-78.756,-33.643],[-78.99,-33.656],[-78.886,-33.575],[-78.789,-33.609]]],[[[-109.23,-27.093],[-109.22,-27.104],[-109.227,-27.118],[-109.245,-27.13],[-109.274,-27.135],[-109.292,-27.145],[-109.302,-27.148],[-109.324,-27.148],[-109.331,-27.15],[-109.342,-27.153],[-109.353,-27.16],[-109.36,-27.167],[-109.367,-27.172],[-109.378,-27.175],[-109.389,-27.175],[-109.396,-27.177],[-109.41,-27.182],[-109.418,-27.192],[-109.428,-27.199],[-109.439,-27.201],[-109.45,-27.196],[-109.454,-27.187],[-109.45,-27.179],[-109.446,-27.17],[-109.425,-27.099],[-109.414,-27.084],[-109.396,-27.069],[-109.378,-27.059],[-109.367,-27.062],[-109.31,-27.086],[-109.302,-27.088],[-109.281,-27.098],[-109.27,-27.099],[-109.263,-27.098],[-109.252,-27.093],[-109.241,-27.091],[-109.23,-27.093]]],[[[-105.461,-26.465],[-105.472,-26.458],[-105.465,-26.456],[-105.465,-26.458],[-105.461,-26.461],[-105.461,-26.465]]],[[[-79.901,-26.348],[-79.89,-26.351],[-79.89,-26.356],[-79.897,-26.358],[-79.908,-26.358],[-79.901,-26.348]]],[[[-80.095,-26.265],[-80.095,-26.269],[-80.092,-26.269],[-80.092,-26.272],[-80.092,-26.274],[-80.099,-26.275],[-80.106,-26.275],[-80.095,-26.265]]],[[[-67.247,-55.839],[-67.229,-55.846],[-67.218,-55.853],[-67.214,-55.861],[-67.225,-55.874],[-67.218,-55.874],[-67.211,-55.88],[-67.204,-55.881],[-67.225,-55.898],[-67.258,-55.891],[-67.322,-55.868],[-67.337,-55.864],[-67.348,-55.858],[-67.351,-55.847],[-67.358,-55.837],[-67.373,-55.832],[-67.402,-55.837],[-67.416,-55.834],[-67.402,-55.819],[-67.384,-55.812],[-67.358,-55.81],[-67.283,-55.82],[-67.258,-55.829],[-67.247,-55.839]]],[[[-67.096,-55.825],[-67.078,-55.91],[-67.171,-55.874],[-67.139,-55.817],[-67.096,-55.825]]],[[[-67.502,-55.82],[-67.474,-55.842],[-67.621,-55.918],[-67.632,-55.859],[-67.693,-55.89],[-67.747,-55.849],[-67.801,-55.898],[-67.913,-55.837],[-67.502,-55.82]]],[[[-67.232,-55.771],[-67.214,-55.761],[-67.189,-55.756],[-67.164,-55.761],[-67.157,-55.778],[-67.168,-55.783],[-67.178,-55.785],[-67.193,-55.783],[-67.204,-55.778],[-67.211,-55.795],[-67.229,-55.798],[-67.24,-55.79],[-67.232,-55.771]]],[[[-67.376,-55.751],[-67.582,-55.709],[-67.506,-55.653],[-67.42,-55.707],[-67.43,-55.596],[-67.348,-55.576],[-67.322,-55.653],[-67.362,-55.706],[-67.268,-55.716],[-67.254,-55.765],[-67.34,-55.792],[-67.376,-55.751]]],[[[-67.643,-55.498],[-67.589,-55.586],[-67.74,-55.616],[-67.682,-55.565],[-67.7,-55.505],[-67.643,-55.498]]],[[[-69.713,-55.344],[-69.637,-55.388],[-69.803,-55.408],[-69.803,-55.332],[-69.713,-55.344]]],[[[-70.015,-55.305],[-69.947,-55.283],[-70.008,-55.375],[-70.026,-55.319],[-70.109,-55.292],[-70.015,-55.305]]],[[[-66.854,-55.272],[-66.84,-55.302],[-66.937,-55.334],[-67.06,-55.326],[-67.074,-55.278],[-66.991,-55.229],[-66.865,-55.233],[-66.854,-55.272]]],[[[-66.426,-55.186],[-66.516,-55.265],[-66.642,-55.265],[-66.631,-55.206],[-66.534,-55.164],[-66.426,-55.186]]],[[[-66.869,-55.023],[-66.847,-55.039],[-66.829,-55.062],[-66.808,-55.113],[-66.851,-55.106],[-66.926,-55.062],[-66.991,-55.047],[-67.034,-55.028],[-67.067,-55.022],[-67.07,-55.017],[-67.07,-55.01],[-67.067,-55.001],[-67.045,-54.991],[-67.024,-54.993],[-66.977,-55.005],[-66.894,-55.015],[-66.869,-55.023]]],[[[-67.999,-55.628],[-68.032,-55.662],[-67.985,-55.675],[-68.1,-55.712],[-68.154,-55.596],[-68.291,-55.609],[-68.251,-55.525],[-68.352,-55.476],[-68.5,-55.491],[-68.618,-55.408],[-68.604,-55.462],[-68.802,-55.422],[-68.77,-55.493],[-68.867,-55.505],[-68.964,-55.408],[-68.752,-55.38],[-68.809,-55.359],[-68.759,-55.332],[-68.971,-55.376],[-68.802,-55.189],[-68.986,-55.265],[-69.115,-55.206],[-69.122,-55.148],[-69.133,-55.248],[-69.212,-55.216],[-69.241,-55.126],[-69.439,-55.162],[-69.288,-55.169],[-69.266,-55.229],[-69.479,-55.236],[-69.461,-55.305],[-69.281,-55.319],[-69.31,-55.359],[-69.241,-55.37],[-69.302,-55.429],[-69.137,-55.442],[-69.162,-55.515],[-69.227,-55.469],[-69.32,-55.486],[-69.364,-55.388],[-69.436,-55.491],[-69.45,-55.408],[-69.522,-55.393],[-69.396,-55.359],[-69.608,-55.366],[-69.619,-55.329],[-69.788,-55.305],[-69.569,-55.272],[-69.673,-55.26],[-69.508,-55.172],[-69.85,-55.258],[-69.925,-55.223],[-69.853,-55.216],[-69.911,-55.196],[-69.842,-55.169],[-70.03,-55.148],[-69.886,-55.064],[-69.587,-55.042],[-69.583,-55.155],[-69.54,-55.145],[-69.529,-55.032],[-69.328,-55.052],[-69.382,-55.017],[-68.442,-54.939],[-68.334,-55.01],[-68.334,-55.062],[-68.442,-55.045],[-68.431,-55.079],[-68.51,-55.113],[-68.604,-55.066],[-68.568,-55.135],[-68.629,-55.155],[-69.061,-55.045],[-68.788,-55.165],[-68.384,-55.184],[-68.208,-55.263],[-68.5,-55.312],[-68.744,-55.272],[-68.561,-55.326],[-68.604,-55.359],[-68.449,-55.326],[-68.345,-55.344],[-68.323,-55.4],[-68.147,-55.405],[-68.176,-55.462],[-68.057,-55.469],[-68.1,-55.528],[-67.967,-55.594],[-67.999,-55.628]]],[[[-67.884,-55.245],[-67.74,-55.236],[-67.898,-55.169],[-67.985,-55.224],[-68.136,-55.219],[-68.114,-55.175],[-68.19,-55.096],[-68.186,-54.978],[-68.33,-54.991],[-68.359,-54.931],[-67.301,-54.929],[-67.182,-54.968],[-67.052,-55.094],[-67.088,-55.191],[-67.272,-55.307],[-67.452,-55.272],[-67.423,-55.216],[-67.502,-55.172],[-67.61,-55.189],[-67.646,-55.262],[-67.884,-55.245]]],[[[-70.296,-55.083],[-70.267,-55.113],[-70.339,-55.128],[-70.419,-55.079],[-70.397,-55.106],[-70.447,-55.126],[-70.372,-55.162],[-70.494,-55.209],[-70.537,-55.155],[-70.548,-55.214],[-70.57,-55.159],[-70.512,-55.106],[-70.591,-55.05],[-70.717,-55.123],[-70.728,-55.054],[-70.815,-55.086],[-71.009,-55.045],[-70.919,-54.991],[-71.013,-54.964],[-70.865,-54.931],[-70.797,-54.976],[-70.789,-54.932],[-70.563,-54.969],[-70.617,-54.953],[-70.35,-54.893],[-70.314,-54.909],[-70.494,-54.942],[-70.523,-54.996],[-70.732,-55.005],[-70.296,-55.03],[-70.343,-55.069],[-70.296,-55.083]]],[[[-69.904,-54.996],[-69.95,-54.953],[-69.842,-54.942],[-69.914,-54.887],[-69.835,-54.871],[-69.774,-54.956],[-69.713,-54.949],[-69.734,-54.914],[-69.691,-54.914],[-69.774,-54.88],[-69.727,-54.865],[-69.515,-54.893],[-69.515,-54.949],[-69.396,-54.9],[-69.166,-54.956],[-69.778,-55.035],[-69.918,-55.039],[-69.904,-54.996]]],[[[-70.422,-54.846],[-70.401,-54.873],[-70.581,-54.898],[-70.746,-54.873],[-70.422,-54.846]]],[[[-70.984,-54.929],[-71.153,-54.934],[-71.092,-54.909],[-71.279,-54.865],[-71.351,-54.954],[-71.333,-54.902],[-71.401,-54.942],[-71.459,-54.88],[-71.405,-54.829],[-71.164,-54.833],[-71.077,-54.88],[-70.948,-54.873],[-70.966,-54.909],[-70.912,-54.92],[-70.984,-54.929]]],[[[-71.949,-54.703],[-71.927,-54.736],[-71.999,-54.753],[-72.039,-54.65],[-72.103,-54.645],[-72.028,-54.63],[-71.949,-54.703]]],[[[-72.341,-54.331],[-72.305,-54.365],[-72.381,-54.353],[-72.355,-54.377],[-72.413,-54.367],[-72.471,-54.427],[-72.543,-54.343],[-72.417,-54.304],[-72.341,-54.331]]],[[[-70.386,-54.188],[-70.217,-54.235],[-70.339,-54.265],[-70.523,-54.174],[-70.386,-54.188]]],[[[-72.298,-54.08],[-72.208,-54.147],[-72.298,-54.201],[-72.301,-54.252],[-72.503,-54.243],[-72.514,-54.203],[-72.298,-54.113],[-72.395,-54.095],[-72.298,-54.08]]],[[[-73.18,-54.073],[-73.18,-54.127],[-73.313,-54.122],[-73.338,-54.066],[-73.475,-54.073],[-73.36,-54.024],[-73.18,-54.073]]],[[[-71.632,-54.08],[-71.657,-53.983],[-71.614,-53.948],[-71.517,-53.99],[-71.463,-53.941],[-71.398,-54.063],[-71.398,-53.977],[-71.337,-53.977],[-71.283,-54.01],[-71.29,-54.107],[-71.221,-54.184],[-71.178,-54.086],[-71.157,-54.155],[-71.113,-54.071],[-71.016,-54.095],[-71.063,-54.203],[-71.005,-54.166],[-71.027,-54.242],[-70.991,-54.272],[-71.063,-54.291],[-71.056,-54.329],[-71.157,-54.297],[-71.085,-54.334],[-71.113,-54.38],[-71.178,-54.328],[-71.207,-54.37],[-71.358,-54.297],[-71.239,-54.277],[-71.214,-54.23],[-71.301,-54.262],[-71.326,-54.206],[-71.412,-54.233],[-71.445,-54.186],[-71.373,-54.154],[-71.416,-54.11],[-71.509,-54.14],[-71.481,-54.171],[-71.542,-54.27],[-71.596,-54.23],[-71.549,-54.183],[-71.621,-54.237],[-71.7,-54.166],[-71.596,-54.088],[-71.632,-54.08]]],[[[-72.017,-54.203],[-72.111,-54.154],[-72.042,-54.14],[-72.125,-54.134],[-72.042,-54.113],[-72.103,-54.058],[-72.168,-54.103],[-72.222,-54.073],[-72.204,-53.997],[-72.258,-53.929],[-72.064,-53.983],[-72.082,-53.948],[-72.042,-53.961],[-71.945,-53.853],[-71.83,-53.921],[-71.851,-53.975],[-71.794,-53.897],[-71.653,-53.926],[-71.794,-53.998],[-71.7,-53.985],[-71.704,-54.031],[-71.769,-54.051],[-71.653,-54.09],[-71.765,-54.164],[-71.949,-54.007],[-71.916,-54.117],[-71.743,-54.231],[-71.869,-54.284],[-71.83,-54.331],[-71.988,-54.318],[-71.905,-54.23],[-72.017,-54.203]]],[[[-70.455,-53.612],[-70.419,-53.872],[-70.451,-53.887],[-70.343,-54.029],[-70.44,-54.061],[-70.671,-53.951],[-70.57,-54.064],[-70.541,-54.221],[-70.822,-54.113],[-70.883,-54.027],[-70.883,-53.843],[-70.606,-53.865],[-70.699,-53.787],[-70.714,-53.701],[-70.566,-53.625],[-70.537,-53.561],[-70.469,-53.566],[-70.455,-53.612]]],[[[-73.824,-53.472],[-73.687,-53.524],[-73.849,-53.588],[-73.824,-53.537],[-73.893,-53.526],[-73.835,-53.505],[-73.857,-53.448],[-73.824,-53.472]]],[[[-73.392,-53.414],[-73.507,-53.475],[-73.392,-53.531],[-73.482,-53.571],[-73.543,-53.51],[-73.579,-53.544],[-73.803,-53.434],[-73.576,-53.492],[-73.619,-53.455],[-73.536,-53.455],[-73.594,-53.386],[-73.392,-53.414]]],[[[-72.528,-54.076],[-72.575,-54.095],[-72.636,-54.024],[-72.708,-54.103],[-72.841,-54.134],[-72.928,-54.12],[-72.885,-54.085],[-73.011,-54.093],[-72.795,-54.058],[-72.859,-54.017],[-72.762,-54.031],[-72.823,-53.997],[-72.777,-53.977],[-72.852,-53.955],[-72.647,-53.86],[-72.769,-53.874],[-72.726,-53.838],[-72.809,-53.86],[-72.787,-53.819],[-73.007,-53.874],[-73.057,-53.813],[-73.104,-53.934],[-73.036,-53.987],[-73.097,-54.037],[-73.309,-53.973],[-73.338,-53.955],[-73.237,-53.897],[-73.313,-53.845],[-73.252,-53.786],[-73.309,-53.742],[-73.245,-53.716],[-73.59,-53.755],[-73.486,-53.701],[-73.608,-53.657],[-73.615,-53.613],[-73.435,-53.563],[-73.263,-53.654],[-72.953,-53.664],[-73.083,-53.649],[-73.029,-53.585],[-73.137,-53.646],[-73.259,-53.635],[-73.291,-53.607],[-73.263,-53.558],[-73.421,-53.478],[-73.079,-53.531],[-73.176,-53.421],[-73.039,-53.386],[-73.003,-53.494],[-73.014,-53.407],[-72.913,-53.428],[-72.942,-53.519],[-72.874,-53.534],[-72.913,-53.624],[-72.885,-53.681],[-72.816,-53.564],[-72.859,-53.453],[-72.733,-53.517],[-72.679,-53.673],[-72.629,-53.661],[-72.672,-53.537],[-72.463,-53.575],[-72.399,-53.634],[-72.485,-53.674],[-72.453,-53.742],[-72.373,-53.688],[-72.139,-53.798],[-72.251,-53.877],[-72.391,-53.845],[-72.345,-53.911],[-72.42,-53.897],[-72.37,-53.948],[-72.42,-53.97],[-72.319,-54.019],[-72.435,-54.044],[-72.453,-53.99],[-72.514,-53.983],[-72.528,-54.076]]],[[[-74.145,-53.242],[-74.058,-53.25],[-74.116,-53.308],[-74.242,-53.311],[-74.145,-53.242]]],[[[-73.432,-52.865],[-73.378,-52.911],[-73.421,-52.958],[-73.504,-52.886],[-73.81,-52.914],[-73.684,-52.85],[-73.601,-52.865],[-73.612,-52.822],[-73.432,-52.865]]],[[[-73.209,-53.318],[-73.09,-53.355],[-73.317,-53.353],[-73.421,-53.282],[-73.583,-53.318],[-73.605,-53.293],[-73.497,-53.291],[-73.882,-53.058],[-74.058,-53.058],[-74.015,-53.085],[-74.087,-53.105],[-74.249,-53.038],[-74.238,-53.083],[-74.317,-53.097],[-74.335,-53.033],[-74.407,-53.029],[-74.407,-52.968],[-74.598,-52.923],[-74.573,-52.852],[-74.749,-52.756],[-74.674,-52.722],[-74.371,-52.872],[-74.407,-52.914],[-74.361,-52.948],[-74.188,-52.94],[-74.145,-52.99],[-74.083,-52.962],[-74.134,-52.935],[-74.008,-52.967],[-73.939,-52.995],[-73.961,-53.024],[-73.875,-53.004],[-73.63,-53.147],[-73.659,-53.058],[-73.623,-53.06],[-73.551,-53.119],[-73.579,-53.188],[-73.518,-53.262],[-73.461,-53.132],[-73.317,-53.23],[-73.367,-53.271],[-73.266,-53.269],[-73.209,-53.318]]],[[[-73.331,-52.693],[-73.331,-52.702],[-73.371,-52.729],[-73.389,-52.737],[-73.399,-52.729],[-73.371,-52.708],[-73.363,-52.703],[-73.331,-52.693]]],[[[-73.839,-52.702],[-73.954,-52.708],[-73.846,-52.599],[-73.983,-52.653],[-73.871,-52.55],[-74.123,-52.707],[-74.184,-52.587],[-74.051,-52.563],[-73.943,-52.482],[-74.033,-52.475],[-74.029,-52.43],[-73.727,-52.404],[-73.677,-52.485],[-73.788,-52.555],[-73.749,-52.627],[-73.839,-52.702]]],[[[-74.674,-52.391],[-74.713,-52.344],[-74.814,-52.35],[-74.807,-52.285],[-74.908,-52.236],[-74.901,-52.19],[-74.814,-52.237],[-74.62,-52.203],[-74.544,-52.246],[-74.595,-52.394],[-74.674,-52.391]]],[[[-73.77,-52.379],[-73.882,-52.369],[-73.824,-52.339],[-74.094,-52.166],[-74.044,-52.141],[-73.817,-52.241],[-73.77,-52.379]]],[[[-74.123,-52.398],[-74.245,-52.317],[-74.199,-52.288],[-74.235,-52.249],[-74.206,-52.227],[-74.105,-52.249],[-74.22,-52.187],[-74.145,-52.193],[-74.418,-52.129],[-74.296,-52.085],[-73.936,-52.325],[-74.123,-52.398]]],[[[-74.793,-52.18],[-74.793,-52.124],[-74.602,-52.063],[-74.67,-52.163],[-74.793,-52.18]]],[[[-74.346,-52.063],[-74.357,-52.073],[-74.371,-52.079],[-74.389,-52.077],[-74.4,-52.07],[-74.404,-52.065],[-74.407,-52.058],[-74.407,-52.052],[-74.407,-52.043],[-74.361,-52.057],[-74.346,-52.063]]],[[[-74.494,-51.979],[-74.494,-51.992],[-74.515,-52.006],[-74.627,-52.043],[-74.641,-52.053],[-74.649,-52.06],[-74.656,-52.065],[-74.667,-52.068],[-74.692,-52.073],[-74.721,-52.084],[-74.735,-52.085],[-74.731,-52.073],[-74.721,-52.05],[-74.706,-52.026],[-74.692,-52.016],[-74.681,-52.011],[-74.649,-51.992],[-74.641,-51.986],[-74.627,-51.981],[-74.544,-51.922],[-74.537,-51.928],[-74.519,-51.935],[-74.508,-51.94],[-74.501,-51.952],[-74.497,-51.962],[-74.497,-51.97],[-74.494,-51.979]]],[[[-73.709,-52.187],[-73.695,-52.242],[-73.871,-52.095],[-74.091,-52.009],[-74.044,-52.009],[-74.109,-51.969],[-74.094,-51.927],[-74.037,-51.915],[-73.785,-52.06],[-73.709,-52.187]]],[[[-74.749,-52.043],[-74.85,-52.131],[-74.897,-52.112],[-74.782,-52.009],[-74.847,-51.997],[-74.749,-51.834],[-74.728,-51.873],[-74.598,-51.837],[-74.749,-52.043]]],[[[-75.063,-51.883],[-75.117,-51.894],[-75.109,-51.807],[-74.998,-51.715],[-75.001,-51.844],[-75.063,-51.883]]],[[[-74.436,-51.846],[-74.411,-51.808],[-74.505,-51.707],[-74.163,-51.856],[-74.22,-51.873],[-74.098,-51.878],[-74.195,-51.95],[-74.436,-51.846]]],[[[-73.788,-51.736],[-73.77,-51.781],[-73.839,-51.813],[-73.939,-51.663],[-73.788,-51.736]]],[[[-74.89,-52.003],[-74.965,-52.117],[-74.947,-52.057],[-75.016,-52.104],[-74.976,-52.036],[-75.07,-51.982],[-74.969,-51.927],[-75.037,-51.922],[-74.958,-51.815],[-74.865,-51.879],[-74.832,-51.837],[-74.886,-51.773],[-74.847,-51.763],[-74.854,-51.707],[-74.926,-51.636],[-74.865,-51.618],[-74.782,-51.66],[-74.764,-51.783],[-74.89,-52.003]]],[[[-73.943,-51.741],[-73.932,-51.78],[-74.015,-51.8],[-74.242,-51.699],[-74.137,-51.667],[-74.148,-51.604],[-74.073,-51.604],[-74.083,-51.538],[-73.993,-51.663],[-74.008,-51.714],[-73.943,-51.741]]],[[[-74.199,-51.427],[-74.256,-51.29],[-74.166,-51.287],[-74.112,-51.379],[-74.119,-51.447],[-74.199,-51.427]]],[[[-75.023,-51.331],[-75.016,-51.413],[-75.07,-51.401],[-75.117,-51.474],[-75.16,-51.427],[-75.142,-51.565],[-75.214,-51.55],[-75.207,-51.602],[-75.315,-51.629],[-75.315,-51.537],[-75.225,-51.491],[-75.189,-51.381],[-75.221,-51.305],[-75.127,-51.27],[-75.149,-51.368],[-75.109,-51.298],[-75.023,-51.331]]],[[[-73.792,-51.258],[-73.756,-51.298],[-73.795,-51.371],[-73.896,-51.336],[-73.824,-51.303],[-73.921,-51.303],[-73.792,-51.258]]],[[[-74.739,-51.369],[-74.782,-51.427],[-75.023,-51.455],[-74.8,-51.331],[-74.965,-51.344],[-74.793,-51.211],[-74.641,-51.197],[-74.555,-51.251],[-74.548,-51.285],[-74.627,-51.263],[-74.544,-51.366],[-74.595,-51.4],[-74.645,-51.393],[-74.688,-51.283],[-74.742,-51.307],[-74.739,-51.369]]],[[[-74.865,-51.121],[-74.875,-51.158],[-75.023,-51.162],[-74.969,-51.104],[-74.865,-51.121]]],[[[-74.422,-51.111],[-74.386,-51.143],[-74.433,-51.206],[-74.573,-51.155],[-74.605,-51.081],[-74.487,-51.021],[-74.461,-51.062],[-74.519,-51.096],[-74.422,-51.111]]],[[[-74.249,-51.234],[-74.285,-51.236],[-74.353,-50.925],[-74.303,-50.939],[-74.199,-51.175],[-74.249,-51.234]]],[[[-74.386,-50.981],[-74.397,-51.087],[-74.476,-50.994],[-74.724,-51.104],[-74.749,-51.042],[-74.681,-51.008],[-74.775,-50.993],[-74.832,-51.077],[-74.893,-51.049],[-74.839,-50.974],[-74.965,-50.951],[-74.904,-50.885],[-74.627,-50.925],[-74.584,-50.885],[-74.641,-50.885],[-74.641,-50.848],[-74.559,-50.817],[-74.659,-50.728],[-74.4,-50.844],[-74.436,-50.925],[-74.386,-50.981]]],[[[-74.908,-50.797],[-74.958,-50.728],[-74.847,-50.748],[-74.901,-50.675],[-74.832,-50.707],[-74.803,-50.667],[-74.713,-50.804],[-74.778,-50.804],[-74.717,-50.861],[-74.659,-50.824],[-74.692,-50.89],[-74.782,-50.881],[-74.933,-50.851],[-74.857,-50.824],[-74.94,-50.797],[-74.908,-50.797]]],[[[-74.98,-50.799],[-75.084,-50.783],[-75.113,-50.721],[-75.045,-50.707],[-75.081,-50.655],[-74.987,-50.657],[-74.98,-50.799]]],[[[-74.609,-50.515],[-74.602,-50.564],[-74.674,-50.577],[-74.681,-50.515],[-74.609,-50.515]]],[[[-75.127,-50.495],[-75.12,-50.533],[-75.214,-50.557],[-75.214,-50.598],[-75.347,-50.561],[-75.271,-50.621],[-75.289,-50.782],[-75.336,-50.741],[-75.462,-50.763],[-75.408,-50.672],[-75.513,-50.648],[-75.358,-50.591],[-75.469,-50.495],[-75.405,-50.461],[-75.354,-50.501],[-75.333,-50.466],[-75.127,-50.495]]],[[[-74.31,-50.834],[-74.375,-50.827],[-74.4,-50.748],[-74.515,-50.731],[-74.58,-50.633],[-74.422,-50.528],[-74.674,-50.474],[-74.551,-50.424],[-74.49,-50.474],[-74.382,-50.456],[-74.238,-50.677],[-74.425,-50.653],[-74.224,-50.721],[-74.181,-50.782],[-74.199,-50.848],[-74.271,-50.787],[-74.31,-50.834]]],[[[-74.782,-50.481],[-74.735,-50.371],[-74.544,-50.382],[-74.721,-50.49],[-74.782,-50.481]]],[[[-75.041,-50.289],[-75.225,-50.437],[-75.325,-50.41],[-75.196,-50.302],[-75.455,-50.365],[-75.369,-50.147],[-75.261,-50.162],[-75.333,-50.219],[-75.178,-50.257],[-75.12,-50.138],[-75.189,-50.164],[-75.304,-50.125],[-75.401,-50.039],[-75.297,-50.003],[-75.271,-50.067],[-75.156,-50.022],[-75.052,-50.125],[-74.955,-50.079],[-75.07,-50.186],[-74.8,-50.125],[-74.811,-50.214],[-74.944,-50.219],[-75.041,-50.289]]],[[[-75.448,-49.775],[-75.617,-49.865],[-75.635,-49.828],[-75.628,-49.757],[-75.513,-49.718],[-75.613,-49.637],[-75.505,-49.557],[-75.354,-49.61],[-75.21,-49.792],[-75.181,-49.905],[-75.264,-49.834],[-75.271,-49.899],[-75.34,-49.86],[-75.365,-49.72],[-75.448,-49.775]]],[[[-75.52,-49.379],[-75.43,-49.466],[-75.441,-49.517],[-75.545,-49.453],[-75.502,-49.438],[-75.549,-49.411],[-75.52,-49.379]]],[[[-74.904,-49.076],[-74.937,-49.281],[-75.059,-49.166],[-75.203,-49.173],[-75.12,-49.132],[-75.235,-49.145],[-75.16,-49.051],[-75.099,-49.049],[-75.127,-49.022],[-74.904,-49.076]]],[[[-75.559,-49.247],[-75.66,-49.206],[-75.336,-48.99],[-75.372,-49.056],[-75.286,-49.086],[-75.315,-49.134],[-75.405,-49.186],[-75.415,-49.135],[-75.495,-49.264],[-75.559,-49.247]]],[[[-75.214,-49.014],[-75.25,-49.073],[-75.318,-48.953],[-75.372,-48.953],[-75.498,-49.039],[-75.534,-49.019],[-75.469,-48.953],[-75.599,-48.988],[-75.657,-48.911],[-75.613,-48.858],[-75.469,-48.843],[-75.513,-48.909],[-75.394,-48.83],[-75.423,-48.884],[-75.358,-48.919],[-75.379,-48.852],[-75.307,-48.865],[-75.214,-49.014]]],[[[-75.106,-48.97],[-75.225,-48.978],[-75.235,-48.87],[-75.307,-48.794],[-75.091,-48.87],[-75.138,-48.923],[-75.077,-48.929],[-75.106,-48.97]]],[[[-75.199,-49.772],[-75.207,-49.708],[-75.297,-49.633],[-75.235,-49.556],[-75.318,-49.549],[-75.257,-49.493],[-75.336,-49.512],[-75.325,-49.46],[-75.408,-49.427],[-75.462,-49.306],[-75.383,-49.281],[-75.167,-49.502],[-75.289,-49.37],[-75.322,-49.264],[-75.261,-49.264],[-75.153,-49.379],[-75.091,-49.37],[-75.189,-49.296],[-75.113,-49.319],[-75.113,-49.274],[-75.037,-49.26],[-75.091,-49.2],[-74.893,-49.363],[-74.857,-49.11],[-74.803,-49.103],[-74.955,-49.007],[-74.857,-48.977],[-74.818,-49.007],[-74.825,-48.95],[-74.969,-48.987],[-74.955,-48.919],[-75.016,-48.892],[-74.872,-48.843],[-75.012,-48.874],[-75.059,-48.816],[-74.94,-48.83],[-75.009,-48.774],[-74.829,-48.69],[-74.796,-48.747],[-74.782,-48.688],[-74.695,-48.679],[-74.681,-48.727],[-74.62,-48.733],[-74.667,-48.857],[-74.634,-48.855],[-74.616,-48.764],[-74.544,-48.706],[-74.562,-48.901],[-74.476,-48.946],[-74.53,-49.029],[-74.461,-49.12],[-74.447,-49.323],[-74.541,-49.519],[-74.505,-49.588],[-74.605,-49.713],[-74.508,-49.62],[-74.429,-49.657],[-74.425,-49.745],[-74.537,-49.747],[-74.436,-49.789],[-74.454,-49.885],[-74.476,-49.843],[-74.526,-49.87],[-74.476,-49.944],[-74.613,-49.912],[-74.537,-49.995],[-74.659,-50.051],[-74.688,-49.998],[-74.767,-50.054],[-74.818,-50.024],[-74.803,-49.986],[-74.832,-50.029],[-74.857,-49.991],[-74.739,-49.922],[-74.659,-49.953],[-74.681,-49.929],[-74.735,-49.899],[-74.883,-49.959],[-74.915,-49.926],[-74.89,-49.868],[-74.728,-49.843],[-74.839,-49.836],[-74.775,-49.767],[-74.879,-49.802],[-74.865,-49.735],[-74.922,-49.679],[-74.847,-49.686],[-74.893,-49.615],[-74.71,-49.639],[-74.767,-49.622],[-74.757,-49.576],[-74.865,-49.59],[-74.886,-49.534],[-74.782,-49.478],[-74.742,-49.519],[-74.753,-49.458],[-74.659,-49.433],[-74.735,-49.433],[-74.645,-49.35],[-74.746,-49.399],[-74.811,-49.379],[-74.749,-49.424],[-74.944,-49.542],[-74.987,-49.48],[-75.001,-49.579],[-75.045,-49.59],[-75.012,-49.676],[-74.955,-49.64],[-75.023,-49.742],[-74.962,-49.785],[-75.045,-49.826],[-75.009,-49.899],[-75.135,-49.858],[-75.199,-49.772]]],[[[-75.084,-48.637],[-75.059,-48.7],[-75.109,-48.809],[-75.246,-48.784],[-75.084,-48.637]]],[[[-75.023,-48.69],[-74.976,-48.685],[-75.009,-48.637],[-74.825,-48.659],[-75.023,-48.745],[-75.023,-48.69]]],[[[-75.34,-48.624],[-75.297,-48.727],[-75.383,-48.696],[-75.495,-48.776],[-75.649,-48.779],[-75.642,-48.701],[-75.509,-48.718],[-75.34,-48.624]]],[[[-75.329,-48.553],[-75.34,-48.615],[-75.541,-48.701],[-75.606,-48.661],[-75.498,-48.661],[-75.441,-48.61],[-75.599,-48.637],[-75.675,-48.583],[-75.606,-48.44],[-75.549,-48.473],[-75.343,-48.428],[-75.365,-48.541],[-75.329,-48.553]]],[[[-74.472,-48.457],[-74.512,-48.408],[-74.303,-48.48],[-74.429,-48.526],[-74.472,-48.457]]],[[[-74.091,-48.48],[-74.112,-48.473],[-74.181,-48.443],[-74.202,-48.423],[-74.245,-48.394],[-74.253,-48.377],[-74.235,-48.369],[-74.213,-48.364],[-74.195,-48.364],[-74.163,-48.374],[-74.119,-48.404],[-74.087,-48.411],[-74.058,-48.426],[-74.055,-48.455],[-74.069,-48.48],[-74.091,-48.48]]],[[[-74.494,-48.35],[-74.361,-48.37],[-74.393,-48.313],[-74.314,-48.281],[-74.303,-48.364],[-74.224,-48.445],[-74.271,-48.463],[-74.494,-48.35]]],[[[-74.497,-48.583],[-74.515,-48.666],[-74.609,-48.695],[-74.749,-48.629],[-74.998,-48.603],[-75.034,-48.504],[-74.847,-48.391],[-74.782,-48.485],[-74.717,-48.453],[-74.814,-48.342],[-74.739,-48.126],[-74.681,-48.303],[-74.584,-48.377],[-74.674,-48.418],[-74.605,-48.46],[-74.598,-48.563],[-74.53,-48.622],[-74.497,-48.583]]],[[[-74.544,-48.321],[-74.523,-48.195],[-74.605,-48.235],[-74.559,-48.122],[-74.371,-48.254],[-74.544,-48.321]]],[[[-75.16,-48.298],[-75.12,-48.261],[-75.207,-48.212],[-75.257,-48.068],[-75.07,-48.11],[-75.016,-48.083],[-74.803,-48.175],[-74.843,-48.359],[-75.03,-48.443],[-75.16,-48.298]]],[[[-75.149,-48.659],[-75.225,-48.706],[-75.228,-48.637],[-75.279,-48.637],[-75.322,-48.492],[-75.271,-48.418],[-75.325,-48.394],[-75.318,-48.348],[-75.487,-48.423],[-75.556,-48.397],[-75.347,-48.301],[-75.408,-48.316],[-75.394,-48.274],[-75.545,-48.321],[-75.433,-48.198],[-75.541,-48.227],[-75.585,-48.097],[-75.552,-48.056],[-75.34,-48.018],[-75.268,-48.166],[-75.289,-48.215],[-75.163,-48.369],[-75.189,-48.411],[-75.084,-48.507],[-75.07,-48.597],[-75.149,-48.659]]],[[[-75.271,-48.028],[-75.167,-47.894],[-74.944,-47.884],[-74.872,-47.815],[-74.789,-47.812],[-74.767,-47.884],[-74.814,-47.938],[-74.778,-47.97],[-74.836,-48.007],[-74.764,-48.021],[-74.728,-48.105],[-75.012,-48.041],[-75.052,-47.985],[-75.271,-48.028]]],[[[-74.415,-47.938],[-74.505,-47.918],[-74.364,-47.83],[-74.249,-47.877],[-74.332,-47.822],[-74.289,-47.808],[-73.81,-47.887],[-73.831,-47.953],[-73.921,-47.963],[-73.925,-47.916],[-74.317,-47.982],[-74.415,-47.938]]],[[[-75.181,-47.832],[-75.343,-47.783],[-75.354,-47.736],[-75.091,-47.68],[-75.059,-47.751],[-75.124,-47.781],[-75.023,-47.803],[-75.228,-47.855],[-75.181,-47.832]]],[[[-74.886,-47.712],[-74.868,-47.763],[-74.958,-47.774],[-75.055,-47.69],[-75.001,-47.663],[-74.886,-47.712]]],[[[-74.469,-47.075],[-74.44,-47.062],[-74.4,-47.05],[-74.357,-47.045],[-74.325,-47.053],[-74.317,-47.065],[-74.317,-47.079],[-74.321,-47.09],[-74.332,-47.102],[-74.343,-47.109],[-74.379,-47.121],[-74.393,-47.129],[-74.44,-47.163],[-74.454,-47.168],[-74.469,-47.166],[-74.472,-47.16],[-74.461,-47.148],[-74.469,-47.138],[-74.483,-47.124],[-74.49,-47.116],[-74.494,-47.099],[-74.487,-47.087],[-74.479,-47.08],[-74.469,-47.075]]],[[[-74.076,-47.02],[-73.975,-47.048],[-74.145,-47.172],[-74.227,-47.123],[-74.177,-47.016],[-74.112,-47.053],[-74.076,-47.02]]],[[[-73.723,-46.05],[-73.684,-46.106],[-73.774,-46.199],[-73.939,-46.069],[-73.896,-46.011],[-73.723,-46.05]]],[[[-73.709,-45.924],[-73.684,-46.018],[-73.828,-45.986],[-73.756,-45.888],[-73.709,-45.924]]],[[[-74.753,-45.807],[-74.713,-45.848],[-74.796,-46.025],[-74.919,-46.104],[-75.073,-46.094],[-75.084,-46.027],[-74.857,-45.998],[-75.081,-45.984],[-75.03,-45.964],[-75.088,-45.951],[-75.109,-45.875],[-74.883,-45.929],[-74.969,-45.863],[-74.89,-45.881],[-74.832,-45.807],[-74.753,-45.807]]],[[[-73.741,-45.794],[-73.695,-45.888],[-73.788,-45.876],[-73.857,-45.968],[-73.936,-45.973],[-73.911,-45.875],[-73.741,-45.794]]],[[[-73.929,-45.745],[-73.968,-45.77],[-73.975,-45.78],[-73.965,-45.787],[-73.961,-45.795],[-73.965,-45.805],[-73.968,-45.817],[-73.968,-45.821],[-73.975,-45.824],[-73.979,-45.829],[-73.983,-45.834],[-73.979,-45.839],[-73.972,-45.851],[-73.968,-45.858],[-73.975,-45.88],[-73.993,-45.903],[-74.015,-45.914],[-74.029,-45.903],[-74.044,-45.866],[-74.051,-45.854],[-74.058,-45.846],[-74.069,-45.839],[-74.073,-45.829],[-74.065,-45.816],[-74.091,-45.814],[-74.101,-45.789],[-74.094,-45.763],[-74.065,-45.767],[-74.058,-45.745],[-74.044,-45.738],[-74.026,-45.741],[-74.008,-45.745],[-73.99,-45.746],[-73.947,-45.745],[-73.929,-45.745]]],[[[-74.793,-45.633],[-74.749,-45.697],[-74.753,-45.699],[-74.771,-45.704],[-74.775,-45.706],[-74.796,-45.697],[-74.854,-45.657],[-74.865,-45.652],[-74.872,-45.65],[-74.875,-45.647],[-74.879,-45.635],[-74.879,-45.625],[-74.875,-45.613],[-74.868,-45.605],[-74.861,-45.601],[-74.839,-45.601],[-74.814,-45.605],[-74.8,-45.615],[-74.793,-45.633]]],[[[-74.555,-45.574],[-74.562,-45.708],[-74.685,-45.743],[-74.681,-45.621],[-74.555,-45.574]]],[[[-74.073,-45.691],[-74.116,-45.599],[-74.051,-45.545],[-73.911,-45.591],[-73.921,-45.697],[-74.073,-45.691]]],[[[-74.505,-45.733],[-74.422,-45.454],[-74.274,-45.495],[-74.278,-45.567],[-74.22,-45.601],[-74.289,-45.623],[-74.209,-45.635],[-74.242,-45.675],[-74.361,-45.697],[-74.325,-45.714],[-74.44,-45.777],[-74.505,-45.733]]],[[[-73.666,-45.437],[-73.583,-45.513],[-73.612,-45.63],[-73.68,-45.623],[-73.612,-45.691],[-73.68,-45.753],[-73.817,-45.642],[-73.741,-45.61],[-73.785,-45.569],[-73.77,-45.512],[-73.666,-45.437]]],[[[-73.885,-45.471],[-73.817,-45.475],[-73.871,-45.562],[-74.029,-45.517],[-74.141,-45.574],[-74.065,-45.424],[-73.885,-45.471]]],[[[-74.555,-45.547],[-74.519,-45.444],[-74.447,-45.429],[-74.501,-45.588],[-74.555,-45.547]]],[[[-73.824,-45.395],[-73.839,-45.41],[-73.864,-45.42],[-73.893,-45.427],[-73.921,-45.431],[-73.983,-45.42],[-74.011,-45.412],[-74.022,-45.393],[-74.008,-45.38],[-73.975,-45.372],[-73.939,-45.366],[-73.893,-45.377],[-73.857,-45.372],[-73.828,-45.372],[-73.824,-45.395]]],[[[-74.343,-45.338],[-74.31,-45.39],[-74.379,-45.4],[-74.526,-45.296],[-74.389,-45.282],[-74.343,-45.338]]],[[[-73.824,-45.267],[-73.785,-45.334],[-74.011,-45.353],[-74.13,-45.324],[-74.166,-45.253],[-74.069,-45.204],[-73.986,-45.27],[-73.824,-45.267]]],[[[-74.274,-45.208],[-74.325,-45.302],[-74.422,-45.231],[-74.389,-45.155],[-74.274,-45.208]]],[[[-73.731,-45.214],[-73.767,-45.285],[-73.842,-45.24],[-73.99,-45.247],[-74.083,-45.14],[-74.206,-45.169],[-74.249,-45.11],[-74.173,-45.025],[-73.867,-44.995],[-73.702,-45.135],[-73.731,-45.214]]],[[[-74.271,-44.944],[-74.163,-44.865],[-73.914,-44.951],[-74.357,-45.012],[-74.271,-44.944]]],[[[-73.961,-44.811],[-74.073,-44.855],[-74.188,-44.806],[-73.997,-44.772],[-73.961,-44.811]]],[[[-73.932,-44.789],[-73.853,-44.769],[-73.777,-44.946],[-73.839,-44.958],[-73.925,-44.892],[-73.929,-44.855],[-73.857,-44.895],[-73.932,-44.789]]],[[[-75.091,-44.796],[-75.023,-44.843],[-75.03,-44.904],[-75.153,-44.921],[-75.199,-44.808],[-75.149,-44.764],[-75.091,-44.796]]],[[[-73.605,-44.745],[-73.651,-44.84],[-73.749,-44.802],[-73.741,-44.755],[-73.605,-44.745]]],[[[-74.343,-44.806],[-74.314,-44.841],[-74.454,-44.835],[-74.523,-44.733],[-74.425,-44.718],[-74.343,-44.806]]],[[[-74.483,-44.637],[-74.469,-44.698],[-74.67,-44.671],[-74.623,-44.622],[-74.483,-44.637]]],[[[-73.929,-44.629],[-73.875,-44.694],[-74.271,-44.806],[-74.368,-44.747],[-74.317,-44.705],[-74.415,-44.686],[-74.4,-44.627],[-74.267,-44.603],[-73.929,-44.629]]],[[[-74.778,-44.581],[-74.731,-44.593],[-74.785,-44.678],[-74.829,-44.605],[-74.8,-44.549],[-74.778,-44.581]]],[[[-73.659,-44.676],[-73.59,-44.706],[-73.752,-44.742],[-73.846,-44.652],[-73.821,-44.578],[-73.68,-44.544],[-73.626,-44.622],[-73.659,-44.676]]],[[[-74.195,-44.492],[-74.134,-44.547],[-74.325,-44.58],[-74.368,-44.541],[-74.195,-44.492]]],[[[-74.037,-44.499],[-74.166,-44.431],[-73.972,-44.472],[-73.947,-44.544],[-74.134,-44.519],[-74.037,-44.499]]],[[[-74.393,-44.547],[-74.523,-44.527],[-74.541,-44.455],[-74.422,-44.472],[-74.35,-44.402],[-74.267,-44.406],[-74.224,-44.468],[-74.422,-44.505],[-74.393,-44.547]]],[[[-73.788,-44.423],[-73.867,-44.466],[-73.911,-44.397],[-73.889,-44.368],[-73.788,-44.423]]],[[[-73.381,-44.588],[-73.241,-44.639],[-73.281,-44.542],[-73.133,-44.546],[-73.241,-44.512],[-73.245,-44.438],[-73.165,-44.409],[-73.036,-44.485],[-73.09,-44.402],[-73.003,-44.362],[-72.928,-44.438],[-72.982,-44.512],[-72.874,-44.438],[-72.723,-44.527],[-72.813,-44.637],[-72.982,-44.602],[-72.831,-44.676],[-72.838,-44.71],[-73.255,-44.939],[-73.407,-44.823],[-73.209,-44.801],[-73.299,-44.759],[-73.392,-44.789],[-73.468,-44.642],[-73.381,-44.588]]],[[[-73.727,-44.424],[-73.788,-44.382],[-73.655,-44.352],[-73.731,-44.389],[-73.68,-44.434],[-73.727,-44.424]]],[[[-74.029,-44.355],[-73.929,-44.355],[-73.939,-44.451],[-74.112,-44.328],[-74.029,-44.355]]],[[[-73.263,-44.389],[-73.302,-44.35],[-73.248,-44.306],[-73.176,-44.368],[-73.263,-44.389]]],[[[-73.864,-44.335],[-73.975,-44.289],[-73.806,-44.267],[-73.788,-44.309],[-73.864,-44.335]]],[[[-74.386,-44.25],[-74.368,-44.247],[-74.343,-44.247],[-74.321,-44.249],[-74.303,-44.259],[-74.292,-44.277],[-74.289,-44.298],[-74.299,-44.309],[-74.314,-44.303],[-74.339,-44.296],[-74.379,-44.293],[-74.411,-44.284],[-74.418,-44.265],[-74.411,-44.259],[-74.404,-44.254],[-74.386,-44.25]]],[[[-73.741,-44.265],[-73.698,-44.242],[-73.677,-44.242],[-73.666,-44.265],[-73.677,-44.277],[-73.698,-44.293],[-73.723,-44.303],[-73.741,-44.299],[-73.756,-44.282],[-73.759,-44.262],[-73.752,-44.254],[-73.741,-44.265]]],[[[-74.109,-44.227],[-74.112,-44.19],[-74.051,-44.196],[-74.065,-44.149],[-73.893,-44.24],[-74.008,-44.257],[-74.019,-44.328],[-74.109,-44.227]]],[[[-74.278,-44.149],[-74.271,-44.156],[-74.26,-44.164],[-74.26,-44.173],[-74.267,-44.178],[-74.339,-44.19],[-74.386,-44.159],[-74.379,-44.151],[-74.357,-44.146],[-74.296,-44.144],[-74.285,-44.146],[-74.278,-44.149]]],[[[-73.882,-44.119],[-73.867,-44.132],[-73.864,-44.139],[-73.875,-44.142],[-73.878,-44.144],[-73.882,-44.147],[-73.882,-44.152],[-73.878,-44.156],[-73.871,-44.161],[-73.867,-44.159],[-73.86,-44.156],[-73.853,-44.156],[-73.842,-44.159],[-73.835,-44.157],[-73.831,-44.161],[-73.831,-44.173],[-73.835,-44.183],[-73.846,-44.19],[-73.86,-44.195],[-73.871,-44.196],[-73.911,-44.195],[-73.954,-44.186],[-73.99,-44.171],[-74.015,-44.142],[-73.954,-44.105],[-73.918,-44.098],[-73.882,-44.119]]],[[[-74.296,-44.012],[-74.278,-44.012],[-74.209,-44.019],[-74.299,-44.032],[-74.307,-44.029],[-74.314,-44.021],[-74.317,-44.017],[-74.31,-44.014],[-74.296,-44.012]]],[[[-73.745,-43.953],[-73.641,-44.005],[-73.633,-44.124],[-73.731,-44.046],[-73.745,-43.953]]],[[[-73.227,-44.012],[-73.284,-43.936],[-73.158,-43.882],[-73.151,-44.016],[-73.227,-44.012]]],[[[-74.145,-43.828],[-74.044,-43.796],[-73.968,-43.828],[-73.864,-43.762],[-73.763,-43.889],[-73.871,-43.889],[-73.914,-43.869],[-73.864,-43.847],[-73.929,-43.84],[-73.975,-43.869],[-73.907,-43.909],[-73.997,-43.936],[-74.166,-43.875],[-74.145,-43.828]]],[[[-74.818,-43.636],[-74.825,-43.563],[-74.746,-43.566],[-74.739,-43.531],[-74.559,-43.627],[-74.76,-43.676],[-74.818,-43.636]]],[[[-73.612,-42.937],[-73.59,-42.913],[-73.554,-42.918],[-73.493,-42.943],[-73.461,-42.947],[-73.421,-42.955],[-73.385,-42.97],[-73.363,-42.991],[-73.374,-42.991],[-73.381,-42.992],[-73.385,-42.996],[-73.392,-42.999],[-73.425,-42.997],[-73.45,-42.994],[-73.471,-42.984],[-73.493,-42.967],[-73.504,-42.96],[-73.533,-42.955],[-73.547,-42.947],[-73.558,-42.942],[-73.597,-42.94],[-73.612,-42.937]]],[[[-73.605,-42.579],[-73.601,-42.594],[-73.608,-42.623],[-73.608,-42.638],[-73.615,-42.639],[-73.655,-42.624],[-73.673,-42.623],[-73.687,-42.624],[-73.705,-42.628],[-73.72,-42.634],[-73.734,-42.626],[-73.749,-42.612],[-73.756,-42.599],[-73.738,-42.592],[-73.662,-42.587],[-73.648,-42.582],[-73.633,-42.572],[-73.623,-42.568],[-73.605,-42.579]]],[[[-73.414,-42.526],[-73.421,-42.563],[-73.626,-42.444],[-73.648,-42.374],[-73.543,-42.379],[-73.414,-42.526]]],[[[-73.086,-42.248],[-73.072,-42.288],[-73.14,-42.314],[-73.194,-42.261],[-73.086,-42.248]]],[[[-72.543,-42.141],[-72.618,-42.104],[-72.561,-42.052],[-72.51,-42.074],[-72.507,-42.14],[-72.543,-42.141]]],[[[-74.335,-43.281],[-74.407,-43.237],[-74.31,-43.138],[-74.332,-43.087],[-74.231,-43.023],[-74.256,-42.991],[-74.166,-42.883],[-74.13,-42.693],[-74.191,-42.432],[-74.145,-42.319],[-74.17,-42.265],[-74.055,-42.131],[-74.055,-41.934],[-74.008,-41.901],[-74.065,-41.805],[-73.918,-41.783],[-73.896,-41.842],[-74.008,-41.846],[-73.867,-41.893],[-73.824,-41.858],[-73.77,-41.901],[-73.777,-41.858],[-73.691,-41.809],[-73.565,-41.805],[-73.504,-41.847],[-73.579,-41.945],[-73.446,-42.062],[-73.504,-42.116],[-73.385,-42.195],[-73.378,-42.278],[-73.666,-42.354],[-73.687,-42.452],[-73.612,-42.511],[-73.752,-42.533],[-73.788,-42.504],[-73.763,-42.457],[-73.824,-42.514],[-73.81,-42.609],[-73.5,-42.801],[-73.511,-42.877],[-73.709,-42.874],[-73.522,-43.053],[-73.612,-43.05],[-73.489,-43.1],[-73.777,-43.117],[-73.756,-43.21],[-73.666,-43.295],[-73.731,-43.317],[-73.669,-43.364],[-73.731,-43.393],[-73.799,-43.36],[-73.846,-43.423],[-73.929,-43.365],[-74.055,-43.362],[-74.083,-43.401],[-74.335,-43.281]]],[[[-73.086,-41.844],[-73.09,-41.836],[-73.083,-41.827],[-73.075,-41.819],[-73.072,-41.812],[-73.086,-41.771],[-73.086,-41.748],[-73.068,-41.738],[-73.054,-41.748],[-73.025,-41.809],[-73.011,-41.826],[-73.003,-41.844],[-73.011,-41.858],[-73.036,-41.861],[-73.065,-41.856],[-73.075,-41.851],[-73.086,-41.844]]],[[[-73.036,-54.456],[-72.953,-54.456],[-72.989,-54.495],[-73.097,-54.486],[-73.036,-54.456]]],[[[-70.404,-54.078],[-70.314,-54.052],[-70.3,-54.127],[-70.404,-54.15],[-70.512,-54.091],[-70.404,-54.078]]],[[[-70.689,-52.847],[-70.62,-52.843],[-70.725,-52.914],[-70.789,-52.901],[-70.689,-52.847]]],[[[-74.429,-52.504],[-74.415,-52.504],[-74.393,-52.519],[-74.382,-52.543],[-74.361,-52.572],[-74.353,-52.6],[-74.35,-52.622],[-74.368,-52.629],[-74.418,-52.609],[-74.461,-52.59],[-74.483,-52.572],[-74.49,-52.551],[-74.465,-52.536],[-74.451,-52.529],[-74.429,-52.504]]],[[[-74.476,-52.31],[-74.483,-52.328],[-74.469,-52.354],[-74.487,-52.377],[-74.49,-52.389],[-74.451,-52.394],[-74.461,-52.413],[-74.461,-52.438],[-74.483,-52.442],[-74.508,-52.426],[-74.537,-52.404],[-74.537,-52.369],[-74.53,-52.33],[-74.508,-52.303],[-74.476,-52.31]]],[[[-73.817,-51.864],[-73.72,-51.849],[-73.713,-51.996],[-73.767,-52.006],[-73.979,-51.839],[-73.9,-51.803],[-73.817,-51.864]]],[[[-74.361,-51.337],[-74.307,-51.418],[-74.397,-51.413],[-74.411,-51.368],[-74.361,-51.337]]],[[[-74.969,-50.287],[-74.89,-50.295],[-74.976,-50.432],[-75.045,-50.476],[-75.171,-50.463],[-74.969,-50.287]]],[[[-74.425,-49.615],[-74.469,-49.502],[-74.425,-49.426],[-74.289,-49.549],[-74.425,-49.615]]],[[[-74.649,-47.798],[-74.526,-47.813],[-74.526,-47.869],[-74.595,-47.864],[-74.645,-47.923],[-74.688,-47.862],[-74.649,-47.798]]],[[[-75.322,-46.685],[-75.282,-46.684],[-75.253,-46.682],[-75.217,-46.675],[-75.174,-46.678],[-75.145,-46.697],[-75.135,-46.727],[-75.12,-46.748],[-75.131,-46.778],[-75.163,-46.781],[-75.207,-46.751],[-75.25,-46.743],[-75.268,-46.724],[-75.307,-46.714],[-75.343,-46.702],[-75.322,-46.685]]],[[[-74.253,-43.35],[-74.249,-43.352],[-74.245,-43.371],[-74.253,-43.389],[-74.245,-43.399],[-74.231,-43.406],[-74.231,-43.413],[-74.245,-43.413],[-74.253,-43.418],[-74.256,-43.428],[-74.267,-43.425],[-74.285,-43.418],[-74.281,-43.408],[-74.278,-43.389],[-74.274,-43.371],[-74.274,-43.36],[-74.253,-43.35]]],[[[-73.691,-43.188],[-73.673,-43.19],[-73.655,-43.197],[-73.648,-43.229],[-73.662,-43.246],[-73.687,-43.23],[-73.72,-43.215],[-73.727,-43.192],[-73.716,-43.18],[-73.691,-43.188]]],[[[-73.011,-42.695],[-72.931,-42.724],[-72.921,-42.786],[-72.957,-42.808],[-73.011,-42.695]]],[[[-73.306,-42.628],[-73.277,-42.628],[-73.273,-42.628],[-73.241,-42.631],[-73.237,-42.651],[-73.259,-42.658],[-73.295,-42.655],[-73.324,-42.643],[-73.356,-42.629],[-73.345,-42.621],[-73.306,-42.628]]],[[[-73.882,-38.361],[-73.875,-38.369],[-73.871,-38.386],[-73.878,-38.401],[-73.885,-38.41],[-73.893,-38.415],[-73.9,-38.415],[-73.911,-38.41],[-73.929,-38.396],[-73.947,-38.372],[-73.95,-38.357],[-73.95,-38.339],[-73.954,-38.322],[-73.954,-38.313],[-73.932,-38.323],[-73.882,-38.361]]],[[[-73.54,-36.989],[-73.533,-36.973],[-73.522,-36.976],[-73.522,-36.989],[-73.522,-37.006],[-73.507,-37.018],[-73.486,-37.025],[-73.471,-37.037],[-73.461,-37.049],[-73.446,-37.059],[-73.464,-37.055],[-73.475,-37.05],[-73.493,-37.042],[-73.511,-37.05],[-73.515,-37.07],[-73.518,-37.081],[-73.529,-37.069],[-73.536,-37.042],[-73.551,-37.028],[-73.543,-37.018],[-73.54,-37],[-73.54,-36.989]]]]}},{"type":"Feature","properties":{"kind":"country","iso":"CN","region":"","name":"China"},"geometry":{"type":"MultiPolygon","coordinates":[[[[77.799,35.496],[77.413,35.469],[76.895,35.589],[76.571,35.751],[76.539,35.903],[76.402,35.83],[76.168,35.807],[76.089,35.977],[75.901,36.064],[76.013,36.248],[75.97,36.302],[75.977,36.462],[75.851,36.644],[75.649,36.754],[75.433,36.724],[75.351,36.916],[75.099,36.994],[74.926,36.97],[74.872,36.908],[74.793,37.016],[74.663,37.055],[74.544,37.021],[74.382,37.127],[74.368,37.168],[74.721,37.298],[74.793,37.213],[74.893,37.23],[75.163,37.401],[74.893,37.598],[74.965,37.767],[74.886,37.83],[74.915,37.88],[74.879,38.022],[74.789,38.081],[74.771,38.291],[74.839,38.38],[74.825,38.47],[74.314,38.669],[74.123,38.669],[74.037,38.598],[74.044,38.531],[73.932,38.529],[73.799,38.603],[73.738,38.721],[73.68,38.873],[73.828,38.976],[73.608,39.208],[73.633,39.449],[73.839,39.476],[73.929,39.593],[73.817,39.787],[73.957,40.022],[74.166,40.106],[74.371,40.106],[74.724,40.337],[74.861,40.325],[74.789,40.42],[74.836,40.511],[75.037,40.44],[75.214,40.445],[75.523,40.633],[75.588,40.613],[75.667,40.45],[75.639,40.368],[75.682,40.292],[75.901,40.298],[76.053,40.39],[76.15,40.368],[76.243,40.442],[76.33,40.347],[76.477,40.437],[76.611,40.597],[76.647,40.765],[76.762,40.847],[76.765,40.945],[76.863,41.013],[77.007,41.045],[77.503,40.981],[77.831,41.063],[78.076,41.04],[78.349,41.271],[78.342,41.362],[78.659,41.533],[79.282,41.783],[79.39,41.773],[79.746,41.879],[79.843,42.002],[80.232,42.034],[80.257,42.085],[80.211,42.19],[80.268,42.239],[80.142,42.646],[80.247,42.816],[80.549,42.879],[80.542,42.917],[80.373,42.975],[80.369,43.029],[80.617,43.134],[80.733,43.101],[80.794,43.149],[80.736,43.289],[80.643,43.326],[80.711,43.459],[80.34,44.121],[80.373,44.27],[80.329,44.452],[80.383,44.603],[80.355,44.653],[80.499,44.716],[80.243,44.815],[79.991,44.793],[79.869,44.849],[79.858,44.903],[80.103,45.032],[80.391,45.045],[80.445,45.104],[80.697,45.143],[80.855,45.126],[81.665,45.347],[81.741,45.339],[81.795,45.195],[81.949,45.145],[82.245,45.232],[82.475,45.116],[82.54,45.124],[82.615,45.249],[82.633,45.417],[82.291,45.533],[82.489,45.901],[82.569,46.197],[82.993,46.958],[83.022,47.206],[83.127,47.218],[83.904,46.973],[84.664,46.984],[84.75,46.918],[84.739,46.815],[84.916,46.85],[85.225,47.041],[85.499,47.051],[85.557,47.179],[85.661,47.206],[85.679,47.276],[85.672,47.384],[85.585,47.493],[85.596,47.624],[85.517,47.944],[85.719,48.358],[85.783,48.407],[86.19,48.419],[86.565,48.527],[86.752,48.716],[86.737,48.784],[86.788,48.839],[86.712,48.969],[86.86,49.106],[87.115,49.13],[87.4,49.071],[87.817,49.165],[87.821,49.028],[87.871,48.968],[87.756,48.92],[87.738,48.87],[87.821,48.789],[88.059,48.708],[87.943,48.599],[87.983,48.552],[88.501,48.392],[88.566,48.343],[88.595,48.198],[88.804,48.106],[88.915,48.106],[89.045,47.993],[89.542,48.03],[89.751,47.824],[90.046,47.88],[90.082,47.757],[90.345,47.659],[90.327,47.624],[90.489,47.379],[90.467,47.309],[90.712,47.014],[90.885,46.945],[90.924,46.813],[91.004,46.74],[90.996,46.595],[91.047,46.566],[90.896,46.301],[91.004,46.021],[90.712,45.753],[90.651,45.493],[90.737,45.442],[90.874,45.187],[91.101,45.211],[91.248,45.129],[91.439,45.146],[91.533,45.07],[92.044,45.075],[92.22,45.01],[92.458,44.998],[92.861,45.038],[93.524,44.95],[93.714,44.874],[93.927,44.674],[94.197,44.655],[94.337,44.511],[94.589,44.435],[94.697,44.344],[95.036,44.255],[95.399,44.28],[95.32,44.148],[95.32,44.017],[95.536,43.958],[95.831,43.409],[95.874,43.247],[96.317,42.911],[96.357,42.725],[97.192,42.787],[99.474,42.565],[100.018,42.676],[101.22,42.529],[101.526,42.538],[101.735,42.462],[101.886,42.277],[102.034,42.185],[103.074,42.004],[103.69,41.759],[104.5,41.871],[104.504,41.656],[104.892,41.644],[104.975,41.587],[105.202,41.744],[106.768,42.286],[108.176,42.455],[108.798,42.399],[108.96,42.448],[109.486,42.45],[109.666,42.549],[110.408,42.769],[110.973,43.316],[111.567,43.503],[111.754,43.664],[111.934,43.696],[111.945,43.787],[111.841,43.939],[111.545,44.157],[111.398,44.388],[111.74,44.966],[111.959,45.084],[112.413,45.065],[112.586,44.923],[112.748,44.866],[113.605,44.739],[113.889,44.908],[114.091,44.962],[114.418,45.202],[114.533,45.386],[114.703,45.427],[114.94,45.374],[115.336,45.395],[115.667,45.454],[116.002,45.675],[116.171,45.709],[116.251,45.803],[116.215,45.908],[116.567,46.291],[116.816,46.387],[117.338,46.357],[117.395,46.572],[117.568,46.604],[117.673,46.516],[117.799,46.521],[117.899,46.607],[118.27,46.723],[118.72,46.676],[118.846,46.766],[118.889,46.713],[118.969,46.74],[119.037,46.669],[119.318,46.612],[119.681,46.592],[119.854,46.659],[119.908,46.718],[119.897,46.899],[119.771,46.994],[119.699,47.159],[119.282,47.414],[119.311,47.477],[119.134,47.527],[119.084,47.662],[118.767,47.757],[118.544,47.966],[118.184,48.029],[117.766,47.993],[117.359,47.651],[117.071,47.811],[116.823,47.877],[116.431,47.835],[116.243,47.863],[115.916,47.684],[115.577,47.911],[115.513,48.132],[115.801,48.242],[115.79,48.513],[116.027,48.767],[116.038,48.87],[116.683,49.824],[117.057,49.673],[117.842,49.51],[118.645,49.954],[119.091,49.986],[119.318,50.092],[119.357,50.34],[119.174,50.356],[119.145,50.405],[119.242,50.445],[119.293,50.599],[119.498,50.737],[119.519,50.904],[119.743,51.072],[119.786,51.171],[119.761,51.215],[119.815,51.215],[119.818,51.274],[119.915,51.33],[119.894,51.384],[119.959,51.404],[120.099,51.659],[120.491,51.875],[120.646,51.911],[120.711,51.988],[120.697,52.049],[120.779,52.117],[120.758,52.237],[120.625,52.346],[120.725,52.542],[120.455,52.639],[120.081,52.59],[120.034,52.625],[120.034,52.76],[120.268,52.858],[120.873,53.28],[121.204,53.277],[122.317,53.496],[122.403,53.451],[122.86,53.474],[123.253,53.567],[123.472,53.518],[123.515,53.562],[123.541,53.513],[123.613,53.564],[123.969,53.456],[124.12,53.353],[124.253,53.375],[124.383,53.246],[124.653,53.209],[124.847,53.113],[124.898,53.118],[124.898,53.186],[125.074,53.213],[125.521,53.042],[125.621,53.062],[125.733,52.981],[125.647,52.885],[125.837,52.907],[125.978,52.765],[126.089,52.775],[126.035,52.726],[126.068,52.679],[125.981,52.654],[125.992,52.586],[126.212,52.534],[126.201,52.466],[126.277,52.463],[126.345,52.392],[126.316,52.316],[126.439,52.276],[126.316,52.2],[126.557,52.13],[126.439,51.999],[126.647,51.742],[126.727,51.708],[126.676,51.576],[126.806,51.534],[126.799,51.419],[126.91,51.391],[126.809,51.289],[126.871,51.252],[126.907,51.321],[126.982,51.31],[126.903,51.193],[126.932,51.063],[127.288,50.751],[127.288,50.675],[127.367,50.579],[127.288,50.465],[127.36,50.415],[127.331,50.329],[127.591,50.209],[127.486,50.026],[127.533,49.922],[127.508,49.822],[127.645,49.766],[127.702,49.66],[127.853,49.586],[127.969,49.603],[128.199,49.538],[128.671,49.611],[128.797,49.572],[128.761,49.471],[128.998,49.442],[129.117,49.349],[129.218,49.391],[129.34,49.341],[129.38,49.425],[129.481,49.422],[129.553,49.29],[129.711,49.275],[129.754,49.184],[129.841,49.167],[129.841,49.109],[129.92,49.082],[129.927,49.025],[130.201,48.883],[130.676,48.871],[130.528,48.616],[130.622,48.561],[130.626,48.483],[130.759,48.486],[130.737,48.431],[130.824,48.294],[130.665,48.101],[130.906,47.884],[130.964,47.705],[131.104,47.676],[131.418,47.743],[131.612,47.662],[132.332,47.737],[132.526,47.708],[132.674,47.951],[132.807,47.936],[133.092,48.106],[133.524,48.095],[133.74,48.252],[134.388,48.382],[134.719,48.263],[134.683,48.135],[134.56,48.01],[134.773,47.711],[134.557,47.472],[134.312,47.421],[134.182,47.328],[134.154,47.257],[134.218,47.095],[134.114,47.056],[134.017,46.82],[134.046,46.772],[134.006,46.646],[133.848,46.48],[133.934,46.391],[133.862,46.338],[133.916,46.313],[133.902,46.259],[133.689,46.143],[133.722,46.063],[133.657,45.935],[133.513,45.879],[133.477,45.82],[133.513,45.778],[133.444,45.71],[133.488,45.687],[133.477,45.628],[133.182,45.494],[133.102,45.287],[133.117,45.123],[132.922,45.028],[131.95,45.239],[131.853,45.337],[131.713,45.209],[131.626,45.199],[131.608,45.089],[131.436,44.961],[131.05,44.908],[130.935,44.842],[131.065,44.682],[131.263,44.054],[131.205,43.974],[131.162,43.532],[131.274,43.451],[131.281,43.38],[131.169,43.201],[131.184,43.12],[131.079,43.032],[131.104,42.911],[130.993,42.848],[130.77,42.865],[130.406,42.735],[130.402,42.678],[130.503,42.678],[130.572,42.622],[130.586,42.57],[130.532,42.531],[130.503,42.61],[130.453,42.549],[130.262,42.708],[130.24,42.902],[130.1,42.921],[130.122,42.982],[129.88,42.997],[129.905,42.977],[129.851,42.961],[129.761,42.747],[129.787,42.678],[129.704,42.443],[129.592,42.448],[129.535,42.37],[129.434,42.441],[129.34,42.445],[129.193,42.318],[129.229,42.298],[129.182,42.254],[129.211,42.22],[128.905,42.026],[128.721,42.048],[128.501,41.995],[128.26,42.033],[128.033,41.994],[128.048,41.864],[128.303,41.583],[128.145,41.376],[128.015,41.413],[128.001,41.47],[127.637,41.43],[127.544,41.491],[127.133,41.523],[127.105,41.538],[127.18,41.585],[127.058,41.643],[127.043,41.732],[126.928,41.801],[126.788,41.697],[126.68,41.735],[126.727,41.702],[126.568,41.614],[126.5,41.435],[126.521,41.352],[126.442,41.349],[126.262,41.143],[126.125,41.075],[126.007,40.9],[125.762,40.886],[125.643,40.81],[125.683,40.77],[125.571,40.785],[125.413,40.631],[125.294,40.648],[125.024,40.535],[125.042,40.461],[124.894,40.484],[124.714,40.31],[124.358,40.089],[124.361,40.011],[124.203,39.878],[123.987,39.81],[123.775,39.819],[123.641,39.878],[123.656,39.92],[123.591,39.785],[123.512,39.799],[123.429,39.726],[123.418,39.824],[123.314,39.777],[123.253,39.817],[123.267,39.755],[123.206,39.734],[123.267,39.701],[123.008,39.68],[122.965,39.611],[122.849,39.618],[122.291,39.351],[122.115,39.201],[122.104,39.159],[122.162,39.147],[122.047,39.1],[122.043,39.059],[121.888,39.042],[121.924,39.008],[121.827,39.037],[121.895,38.981],[121.859,38.944],[121.726,39.03],[121.737,39.002],[121.636,38.995],[121.654,38.963],[121.586,38.941],[121.694,38.91],[121.697,38.863],[121.237,38.799],[121.179,38.721],[121.114,38.769],[121.154,38.887],[121.089,38.899],[121.118,38.944],[121.334,38.968],[121.352,39.039],[121.467,39.015],[121.676,39.088],[121.589,39.263],[121.719,39.297],[121.78,39.371],[121.942,39.4],[121.525,39.365],[121.42,39.517],[121.222,39.528],[121.463,39.647],[121.532,39.623],[121.55,39.679],[121.456,39.748],[121.471,39.81],[121.874,39.991],[121.827,40.023],[121.996,40.125],[121.993,40.187],[122.093,40.228],[122.108,40.31],[122.302,40.503],[122.151,40.604],[122.158,40.702],[122.122,40.68],[121.852,40.832],[121.827,40.949],[121.867,40.996],[121.741,40.849],[121.575,40.842],[121.363,40.94],[121.298,40.9],[121.175,40.922],[121.049,40.797],[120.981,40.827],[120.938,40.741],[121.021,40.719],[120.826,40.673],[120.797,40.599],[120.545,40.403],[120.592,40.368],[120.502,40.327],[120.473,40.214],[119.534,39.892],[119.53,39.816],[119.429,39.795],[119.285,39.596],[119.21,39.569],[119.228,39.535],[119.282,39.576],[119.278,39.383],[119.185,39.355],[118.925,39.13],[118.893,39.125],[118.969,39.194],[118.882,39.172],[118.875,39.214],[118.796,39.152],[118.526,39.149],[118.328,39.03],[118.234,39.052],[118.141,39.172],[118.029,39.219],[117.716,39.111],[117.777,38.981],[117.701,38.995],[117.583,38.811],[117.543,38.622],[117.716,38.379],[118.087,38.139],[118.544,38.068],[118.655,38.146],[118.839,38.152],[118.951,38.097],[118.925,38.058],[118.997,37.963],[119.26,37.717],[119.257,37.671],[119.217,37.674],[119.069,37.74],[118.969,37.593],[118.961,37.296],[119.145,37.18],[119.44,37.121],[119.771,37.153],[119.897,37.249],[119.858,37.36],[120.189,37.512],[120.322,37.632],[120.214,37.685],[120.369,37.695],[120.74,37.833],[120.927,37.82],[121.031,37.71],[121.139,37.701],[121.172,37.576],[121.395,37.622],[121.431,37.597],[121.381,37.566],[121.571,37.428],[121.676,37.44],[121.586,37.453],[121.636,37.482],[121.939,37.465],[121.989,37.426],[122.025,37.527],[122.122,37.563],[122.183,37.418],[122.245,37.46],[122.295,37.418],[122.687,37.409],[122.576,37.35],[122.594,37.294],[122.551,37.32],[122.63,37.193],[122.471,37.11],[122.453,37.154],[122.457,37.067],[122.403,37.021],[122.54,37.028],[122.533,36.926],[122.407,36.923],[122.435,36.871],[122.356,36.828],[122.187,36.85],[122.198,36.898],[122.266,36.898],[122.162,36.947],[122.165,37.014],[122.144,36.947],[122.032,36.898],[122.05,36.98],[121.928,36.994],[121.949,36.938],[121.636,36.832],[121.625,36.741],[121.496,36.774],[121.589,36.847],[121.46,36.828],[121.453,36.758],[121.377,36.732],[121.402,36.712],[121.157,36.668],[121.031,36.624],[121.024,36.584],[120.851,36.651],[120.751,36.617],[120.751,36.541],[120.851,36.604],[120.963,36.548],[120.949,36.459],[120.866,36.378],[120.808,36.464],[120.715,36.428],[120.686,36.388],[120.722,36.33],[120.643,36.322],[120.704,36.156],[120.628,36.116],[120.355,36.042],[120.293,36.062],[120.362,36.192],[120.308,36.275],[120.286,36.177],[120.092,36.224],[120.088,36.112],[120.167,36.062],[120.175,35.994],[120.243,35.974],[120.286,36.011],[120.301,35.972],[120.175,35.89],[120.189,35.945],[120.095,35.901],[120.002,35.727],[119.908,35.744],[119.905,35.624],[119.861,35.606],[119.84,35.658],[119.743,35.576],[119.732,35.621],[119.649,35.584],[119.552,35.38],[119.422,35.314],[119.357,35.098],[119.221,35.064],[119.192,35],[119.192,34.718],[119.347,34.78],[119.444,34.746],[119.458,34.684],[119.642,34.537],[120.257,34.312],[120.401,33.87],[120.506,33.735],[120.484,33.651],[120.635,33.466],[120.679,33.308],[120.751,33.269],[120.729,33.205],[120.808,33.137],[120.826,33.031],[120.891,33.026],[120.905,32.813],[120.851,32.756],[120.862,32.69],[120.83,32.698],[121.1,32.497],[121.355,32.414],[121.42,32.251],[121.363,32.232],[121.442,32.114],[121.654,32.063],[121.823,31.952],[121.931,31.727],[121.87,31.69],[121.676,31.724],[121.287,31.891],[121.114,31.796],[120.977,31.815],[120.812,32.023],[120.635,32.077],[120.491,32.082],[120.268,31.948],[120.131,31.943],[119.991,32.016],[119.912,32.124],[119.923,32.217],[119.843,32.3],[119.613,32.355],[119.685,32.293],[119.606,32.197],[119.692,32.235],[119.779,32.205],[119.771,32.127],[120.005,31.95],[120.229,31.91],[120.455,31.982],[120.47,32.024],[120.751,31.979],[120.826,31.829],[120.718,31.861],[120.733,31.813],[121.143,31.685],[121.319,31.504],[121.726,31.281],[121.949,30.983],[121.96,30.875],[121.543,30.817],[120.999,30.559],[120.895,30.402],[120.916,30.375],[120.833,30.305],[120.787,30.294],[120.668,30.402],[120.481,30.403],[120.43,30.39],[120.38,30.273],[120.257,30.299],[120.146,30.199],[120.275,30.278],[120.369,30.241],[120.452,30.37],[120.621,30.373],[120.733,30.233],[120.632,30.123],[120.794,30.066],[120.646,30.126],[120.751,30.226],[120.895,30.17],[121.255,30.348],[121.431,30.294],[121.723,29.961],[121.935,29.887],[122.129,29.904],[121.885,29.762],[121.687,29.562],[121.442,29.524],[121.442,29.416],[121.507,29.483],[121.485,29.39],[121.712,29.539],[121.762,29.53],[121.777,29.47],[121.813,29.49],[121.838,29.542],[121.744,29.544],[121.795,29.601],[121.917,29.64],[121.971,29.593],[121.91,29.525],[121.971,29.439],[121.924,29.419],[121.899,29.299],[121.993,29.257],[121.942,29.196],[121.784,29.167],[121.798,29.306],[121.841,29.319],[121.787,29.328],[121.787,29.375],[121.723,29.183],[121.654,29.183],[121.64,29.306],[121.629,29.188],[121.575,29.306],[121.503,29.179],[121.409,29.161],[121.456,29.134],[121.402,29.107],[121.622,29.113],[121.615,29.058],[121.535,29.061],[121.532,29.02],[121.643,29.051],[121.69,29.017],[121.654,28.988],[121.719,28.95],[121.683,28.914],[121.586,28.963],[121.492,28.928],[121.669,28.825],[121.622,28.735],[121.352,28.711],[121.143,28.847],[121.298,28.723],[121.258,28.674],[121.413,28.696],[121.51,28.657],[121.582,28.505],[121.51,28.49],[121.607,28.477],[121.582,28.443],[121.658,28.34],[121.586,28.257],[121.582,28.301],[121.499,28.333],[121.409,28.304],[121.341,28.146],[121.226,28.239],[121.204,28.332],[121.265,28.365],[121.168,28.386],[121.129,28.306],[121.024,28.304],[121.121,28.284],[121.125,28.235],[120.967,27.987],[120.607,28.043],[120.56,28.112],[120.589,28.026],[120.837,27.957],[120.869,27.882],[120.722,27.715],[120.635,27.764],[120.675,27.659],[120.596,27.57],[120.682,27.482],[120.635,27.379],[120.545,27.403],[120.506,27.345],[120.549,27.327],[120.517,27.202],[120.423,27.222],[120.405,27.185],[120.293,27.249],[120.311,27.318],[120.225,27.312],[120.225,27.269],[120.196,27.298],[120.182,27.217],[120.347,27.242],[120.347,27.18],[120.423,27.146],[120.373,27.146],[120.409,27.139],[120.376,27.099],[120.243,27.133],[120.279,27.063],[120.218,27.036],[120.254,26.998],[120.149,26.982],[120.236,26.967],[120.225,26.918],[120.031,26.9],[120.023,26.837],[120.128,26.797],[120.099,26.743],[120.149,26.721],[120.103,26.689],[120.135,26.646],[119.959,26.611],[119.847,26.523],[119.854,26.599],[119.984,26.653],[120.081,26.797],[119.926,26.792],[119.879,26.655],[119.829,26.716],[119.793,26.689],[119.84,26.79],[119.797,26.817],[119.847,26.852],[119.782,26.829],[119.757,26.737],[119.685,26.812],[119.725,26.699],[119.606,26.797],[119.552,26.749],[119.609,26.683],[119.599,26.646],[119.541,26.656],[119.599,26.57],[119.674,26.619],[119.786,26.577],[119.793,26.413],[119.653,26.498],[119.57,26.466],[119.649,26.437],[119.681,26.317],[119.746,26.327],[119.825,26.427],[119.84,26.378],[119.951,26.364],[119.793,26.283],[119.653,26.273],[119.667,26.221],[119.458,25.983],[119.095,26.146],[119.195,26.087],[119.246,25.967],[119.329,25.944],[119.44,25.964],[119.519,26.045],[119.696,26.003],[119.599,25.844],[119.566,25.871],[119.62,25.76],[119.591,25.687],[119.447,25.687],[119.494,25.564],[119.581,25.584],[119.573,25.488],[119.624,25.469],[119.62,25.365],[119.656,25.358],[119.581,25.344],[119.577,25.468],[119.537,25.461],[119.545,25.376],[119.483,25.371],[119.509,25.474],[119.447,25.439],[119.447,25.505],[119.357,25.527],[119.383,25.591],[119.303,25.604],[119.239,25.481],[119.102,25.42],[119.174,25.326],[119.203,25.358],[119.195,25.263],[119.278,25.331],[119.354,25.258],[119.271,25.231],[119.282,25.179],[119.116,25.214],[119.152,25.14],[119.098,25.111],[119.066,25.162],[119.03,25.14],[119.069,25.216],[118.969,25.226],[119.026,25.279],[118.875,25.243],[118.915,25.179],[118.976,25.182],[118.943,25.108],[118.85,25.074],[118.954,25.003],[119.005,25.051],[118.983,24.995],[119.019,24.961],[118.911,24.953],[118.951,24.87],[118.792,24.892],[118.717,24.843],[118.731,24.9],[118.695,24.941],[118.688,24.895],[118.666,24.953],[118.67,24.875],[118.573,24.885],[118.637,24.772],[118.702,24.811],[118.763,24.762],[118.699,24.676],[118.641,24.679],[118.663,24.59],[118.619,24.546],[118.555,24.519],[118.58,24.561],[118.429,24.632],[118.432,24.699],[118.403,24.607],[118.285,24.598],[118.22,24.541],[118.162,24.693],[118.112,24.585],[118.043,24.618],[118.036,24.561],[117.975,24.552],[118.058,24.515],[118,24.471],[118.022,24.446],[117.791,24.468],[117.907,24.385],[118.043,24.407],[118.015,24.326],[118.09,24.341],[118.126,24.262],[117.979,24.162],[117.943,24.213],[117.907,24.186],[117.939,24.162],[117.892,24.027],[117.838,24.024],[117.748,23.907],[117.799,24.022],[117.763,24.016],[117.763,24.07],[117.723,24.034],[117.665,24.063],[117.709,24.036],[117.694,23.953],[117.593,23.737],[117.572,23.904],[117.417,23.946],[117.5,23.874],[117.489,23.833],[117.435,23.776],[117.277,23.782],[117.259,23.615],[117.23,23.693],[117.219,23.629],[117.086,23.551],[117.068,23.651],[116.949,23.61],[116.917,23.663],[116.848,23.511],[116.866,23.45],[116.773,23.35],[116.524,23.418],[116.575,23.323],[116.747,23.327],[116.805,23.235],[116.668,23.281],[116.715,23.244],[116.647,23.163],[116.611,23.239],[116.51,23.234],[116.603,23.21],[116.535,23.109],[116.564,23.019],[116.495,22.94],[116.215,22.982],[116.283,22.958],[116.096,22.827],[116.125,22.894],[116.042,22.933],[116.078,22.867],[115.811,22.746],[115.804,22.815],[115.696,22.85],[115.729,22.935],[115.559,22.849],[115.549,22.896],[115.405,22.925],[115.484,22.901],[115.469,22.849],[115.613,22.864],[115.527,22.768],[115.556,22.714],[115.592,22.737],[115.574,22.668],[115.372,22.693],[115.34,22.734],[115.412,22.788],[115.232,22.788],[115.322,22.85],[115.304,22.903],[115.174,22.822],[115.181,22.785],[115.066,22.796],[114.987,22.69],[114.94,22.754],[114.861,22.763],[114.965,22.676],[114.897,22.548],[114.865,22.602],[114.742,22.609],[114.742,22.732],[114.821,22.791],[114.775,22.817],[114.523,22.705],[114.508,22.646],[114.591,22.644],[114.494,22.562],[114.616,22.514],[114.515,22.452],[114.397,22.614],[114.055,22.508],[113.965,22.538],[113.889,22.452],[113.893,22.521],[113.759,22.754],[113.673,22.747],[113.619,22.891],[113.605,22.847],[113.637,23.034],[113.597,22.918],[113.619,23.034],[113.576,22.938],[113.583,23.021],[113.529,23.011],[113.583,23.099],[113.831,23.117],[113.702,23.158],[113.507,23.061],[113.417,23.097],[113.504,23.021],[113.486,22.925],[113.212,22.904],[113.349,22.889],[113.493,22.774],[113.439,22.739],[113.378,22.768],[113.601,22.575],[113.547,22.438],[113.558,22.381],[113.612,22.371],[113.587,22.237],[113.482,22.155],[113.277,22.373],[113.165,22.575],[113.165,22.479],[113.403,22.18],[113.302,22.183],[113.248,22.055],[113.158,22.025],[113.086,22.207],[113.057,22.121],[113.025,22.143],[113.025,21.949],[112.913,21.856],[112.827,21.966],[112.643,21.849],[112.607,21.775],[112.55,21.773],[112.427,21.846],[112.413,21.901],[112.492,21.966],[112.391,21.955],[112.399,22.069],[112.355,21.979],[112.406,21.812],[112.381,21.748],[112.287,21.709],[112.183,21.753],[112.193,21.844],[112.028,21.797],[112.042,21.885],[111.97,21.824],[111.891,21.925],[111.905,21.815],[111.999,21.775],[111.869,21.677],[111.833,21.766],[111.679,21.782],[111.761,21.726],[111.747,21.645],[111.787,21.616],[111.715,21.623],[111.632,21.53],[111.581,21.582],[111.596,21.533],[111.477,21.513],[111.434,21.603],[111.437,21.533],[111.362,21.542],[111.405,21.527],[111.268,21.439],[111.301,21.5],[111.193,21.532],[111.157,21.513],[111.225,21.5],[111.088,21.473],[111.131,21.5],[111.027,21.542],[110.98,21.445],[111.07,21.473],[110.995,21.425],[110.768,21.398],[110.653,21.26],[110.678,21.349],[110.642,21.322],[110.638,21.37],[110.761,21.445],[110.635,21.381],[110.638,21.229],[110.433,21.192],[110.426,21.288],[110.48,21.273],[110.444,21.307],[110.487,21.336],[110.433,21.309],[110.437,21.398],[110.357,21.435],[110.39,21.329],[110.329,21.336],[110.411,21.233],[110.401,21.177],[110.221,21.028],[110.195,21.071],[110.141,20.993],[110.156,20.849],[110.368,20.849],[110.397,20.718],[110.343,20.821],[110.3,20.657],[110.329,20.677],[110.314,20.637],[110.48,20.567],[110.534,20.478],[110.408,20.306],[110.282,20.253],[110.127,20.248],[110.037,20.302],[109.918,20.24],[109.932,20.318],[109.864,20.41],[109.904,20.431],[109.983,20.351],[110.015,20.419],[109.932,20.507],[109.918,20.444],[109.821,20.517],[109.85,20.596],[109.821,20.554],[109.749,20.66],[109.86,20.716],[109.788,20.691],[109.76,20.854],[109.738,20.807],[109.706,20.843],[109.716,20.807],[109.662,20.927],[109.713,21.033],[109.67,21.123],[109.774,21.216],[109.767,21.356],[109.925,21.363],[109.943,21.493],[109.842,21.506],[109.814,21.459],[109.774,21.582],[109.774,21.486],[109.648,21.52],[109.677,21.623],[109.608,21.576],[109.616,21.65],[109.562,21.672],[109.594,21.746],[109.493,21.699],[109.522,21.665],[109.464,21.665],[109.572,21.582],[109.529,21.491],[109.425,21.452],[109.32,21.481],[109.245,21.432],[109.238,21.486],[109.216,21.417],[109.148,21.439],[109.137,21.402],[109.04,21.451],[109.144,21.51],[109.137,21.603],[109.047,21.603],[109.068,21.645],[108.928,21.614],[108.856,21.684],[108.924,21.766],[108.87,21.754],[108.874,21.802],[108.802,21.819],[108.845,21.744],[108.78,21.726],[108.86,21.645],[108.744,21.603],[108.726,21.746],[108.683,21.706],[108.651,21.733],[108.676,21.815],[108.593,21.741],[108.572,21.814],[108.636,21.89],[108.561,21.895],[108.572,21.952],[108.492,21.856],[108.478,21.945],[108.456,21.918],[108.507,21.788],[108.478,21.699],[108.507,21.672],[108.532,21.719],[108.518,21.672],[108.564,21.679],[108.471,21.562],[108.388,21.576],[108.471,21.672],[108.384,21.673],[108.341,21.726],[108.284,21.545],[108.212,21.501],[108.251,21.596],[108.204,21.643],[108.176,21.576],[107.992,21.548],[108.039,21.52],[108.021,21.486],[108.082,21.486],[107.97,21.432],[107.992,21.486],[107.812,21.648],[107.502,21.582],[107.427,21.651],[107.348,21.599],[107.272,21.719],[107.171,21.716],[106.988,21.824],[107.009,21.927],[106.919,21.917],[106.728,22.008],[106.653,21.969],[106.664,22.224],[106.635,22.31],[106.541,22.346],[106.527,22.438],[106.577,22.595],[106.682,22.58],[106.79,22.796],[106.487,22.925],[106.275,22.85],[106.131,22.975],[105.998,22.975],[105.854,22.904],[105.692,23.045],[105.551,23.06],[105.53,23.156],[105.314,23.365],[105.202,23.254],[104.871,23.163],[104.799,23.085],[104.824,22.925],[104.702,22.818],[104.554,22.837],[104.342,22.687],[104.237,22.742],[104.241,22.825],[104.072,22.783],[103.96,22.508],[103.647,22.8],[103.589,22.768],[103.503,22.582],[103.402,22.737],[103.308,22.788],[103.028,22.43],[102.902,22.477],[102.833,22.6],[102.588,22.715],[102.534,22.695],[102.466,22.769],[102.354,22.67],[102.383,22.629],[102.218,22.411],[101.973,22.445],[101.89,22.43],[101.868,22.379],[101.757,22.496],[101.688,22.479],[101.602,22.276],[101.516,22.246],[101.606,21.967],[101.75,21.817],[101.728,21.717],[101.804,21.626],[101.735,21.57],[101.714,21.321],[101.825,21.234],[101.757,21.143],[101.58,21.175],[101.584,21.224],[101.519,21.243],[101.26,21.179],[101.21,21.246],[101.235,21.371],[101.17,21.403],[101.17,21.638],[101.084,21.766],[100.835,21.658],[100.623,21.469],[100.457,21.456],[100.364,21.532],[100.162,21.437],[100.086,21.55],[100.144,21.655],[99.95,21.721],[99.942,22.045],[99.849,22.055],[99.82,22.018],[99.539,22.107],[99.251,22.102],[99.143,22.153],[99.244,22.393],[99.359,22.496],[99.309,22.746],[99.413,22.857],[99.413,22.931],[99.539,22.926],[99.492,23.058],[99.334,23.129],[99.226,23.056],[99.057,23.11],[99.028,23.161],[98.859,23.18],[98.909,23.298],[98.852,23.335],[98.891,23.408],[98.78,23.533],[98.859,23.605],[98.794,23.759],[98.664,23.798],[98.657,23.961],[98.855,24.083],[98.866,24.146],[98.585,24.076],[98.474,24.129],[98.106,24.102],[97.89,24.022],[97.624,23.847],[97.516,23.943],[97.721,24.147],[97.718,24.277],[97.638,24.328],[97.689,24.368],[97.638,24.439],[97.512,24.461],[97.538,24.745],[97.664,24.829],[97.764,24.834],[97.707,24.927],[97.7,25.066],[97.8,25.238],[97.908,25.208],[98.045,25.312],[98.114,25.397],[98.139,25.611],[98.312,25.557],[98.499,25.831],[98.61,25.8],[98.686,25.853],[98.546,26.089],[98.618,26.146],[98.643,26.098],[98.7,26.165],[98.643,26.271],[98.715,26.39],[98.754,26.624],[98.736,27.048],[98.672,27.175],[98.708,27.337],[98.675,27.587],[98.409,27.685],[98.366,27.533],[98.294,27.536],[98.139,27.879],[98.178,27.913],[98.106,27.974],[98.128,28.124],[97.991,28.213],[97.991,28.269],[97.898,28.355],[97.764,28.352],[97.671,28.51],[97.613,28.482],[97.527,28.529],[97.444,28.382],[97.448,28.298],[97.325,28.217],[97.116,28.367],[96.897,28.355],[96.886,28.428],[96.699,28.59],[96.558,28.585],[96.494,28.421],[96.425,28.519],[96.468,28.565],[96.436,28.612],[96.598,28.71],[96.576,28.808],[96.353,29.098],[96.195,29.027],[96.184,29.123],[96.317,29.172],[96.368,29.257],[96.234,29.242],[96.141,29.368],[95.745,29.341],[95.716,29.218],[95.565,29.245],[95.514,29.21],[95.522,29.139],[95.468,29.123],[95.446,29.186],[95.41,29.13],[95.306,29.137],[95.28,29.053],[94.956,29.169],[94.989,29.125],[94.776,29.167],[94.704,29.284],[94.6,29.316],[94.514,29.221],[94.287,29.149],[94.272,29.098],[94.348,29.024],[94.251,28.933],[93.92,28.833],[93.707,28.691],[93.448,28.673],[93.189,28.519],[93.092,28.367],[92.836,28.183],[92.778,28.196],[92.678,28.132],[92.638,28.058],[92.703,28.026],[92.627,27.916],[92.44,27.823],[92.328,27.833],[92.303,27.786],[92.238,27.865],[92.228,27.811],[92.105,27.811],[91.976,27.727],[91.634,27.759],[91.637,27.94],[91.418,27.995],[91.292,28.092],[91.194,28.07],[91.094,27.972],[91.007,27.967],[90.669,28.09],[90.474,28.073],[90.59,28.234],[90.388,28.299],[90.291,28.261],[90.226,28.359],[89.916,28.316],[89.754,28.185],[89.578,28.144],[89.459,28.048],[89.337,27.869],[89.225,27.808],[89.124,27.616],[89.063,27.616],[88.977,27.531],[88.951,27.433],[88.998,27.33],[88.894,27.315],[88.775,27.408],[88.743,27.531],[88.854,27.844],[88.818,27.995],[88.609,28.105],[88.379,27.982],[88.116,27.947],[88.12,27.86],[87.835,27.908],[87.727,27.808],[87.533,27.837],[87.367,27.805],[87.364,27.855],[87.155,27.827],[87.007,27.952],[86.914,27.945],[86.842,28.014],[86.741,28.021],[86.68,28.105],[86.554,28.104],[86.511,27.953],[86.424,27.909],[86.205,28.002],[86.154,28.156],[86.068,28.077],[86.115,27.926],[85.981,27.886],[85.863,28.144],[85.733,28.222],[85.693,28.335],[85.611,28.25],[85.089,28.304],[85.078,28.436],[85.161,28.595],[85.056,28.639],[84.93,28.539],[84.811,28.543],[84.689,28.597],[84.617,28.693],[84.451,28.733],[84.376,28.848],[84.225,28.914],[84.232,29.026],[84.174,29.058],[84.131,29.144],[84.163,29.193],[84.091,29.257],[83.933,29.292],[83.695,29.226],[83.638,29.156],[83.523,29.184],[83.353,29.461],[83.263,29.473],[83.253,29.556],[83.173,29.622],[83.065,29.579],[82.975,29.664],[82.835,29.66],[82.543,29.924],[82.155,30.059],[82.09,30.331],[81.615,30.417],[81.51,30.329],[81.388,30.375],[81.352,30.157],[81.265,30.125],[81.219,30.008],[81.096,30.017],[80.977,30.255],[80.783,30.321],[80.596,30.459],[80.178,30.559],[80.167,30.675],[80.232,30.724],[80.171,30.785],[80.063,30.785],[79.833,30.962],[79.577,30.939],[79.401,31.023],[79.372,31.094],[79.282,31.138],[79.195,31.335],[79.077,31.427],[79.015,31.425],[78.976,31.32],[78.918,31.354],[78.861,31.292],[78.745,31.308],[78.763,31.445],[78.699,31.509],[78.817,31.607],[78.67,31.771],[78.745,31.964],[78.457,32.23],[78.454,32.416],[78.385,32.548],[78.63,32.578],[78.713,32.637],[78.771,32.462],[78.882,32.376],[79.077,32.371],[79.113,32.472],[79.293,32.494],[79.433,32.602],[79.501,32.747],[79.336,32.957],[79.379,33.164],[79.087,33.215],[78.799,33.493],[78.731,34.079],[78.976,34.218],[78.958,34.339],[78.666,34.527],[78.295,34.625],[78,35.268],[78.043,35.491],[77.881,35.43],[77.799,35.496]]],[[[111.009,19.684],[111.034,19.642],[110.966,19.635],[110.876,19.539],[110.822,19.568],[110.847,19.622],[110.793,19.602],[110.797,19.485],[110.671,19.382],[110.581,19.156],[110.48,19.169],[110.555,19.087],[110.581,19.151],[110.509,18.897],[110.433,18.83],[110.494,18.793],[110.505,18.882],[110.534,18.786],[110.469,18.778],[110.404,18.663],[110.336,18.673],[110.404,18.703],[110.271,18.668],[110.087,18.504],[110.033,18.512],[110.084,18.477],[110.041,18.382],[109.968,18.389],[110.019,18.45],[109.835,18.382],[109.745,18.396],[109.731,18.273],[109.67,18.273],[109.738,18.259],[109.709,18.207],[109.677,18.246],[109.562,18.17],[109.562,18.259],[109.479,18.193],[109.508,18.252],[109.439,18.29],[109.162,18.288],[109.137,18.36],[108.989,18.369],[108.683,18.516],[108.694,18.72],[108.622,18.848],[108.654,18.965],[108.615,19.102],[108.683,19.156],[108.626,19.276],[108.687,19.379],[108.946,19.492],[109.014,19.602],[109.155,19.649],[109.212,19.725],[109.306,19.711],[109.274,19.794],[109.162,19.725],[109.166,19.806],[109.302,19.922],[109.464,19.835],[109.583,19.857],[109.518,19.882],[109.558,19.917],[109.526,19.951],[109.72,20.01],[109.716,19.958],[109.806,19.951],[109.817,19.992],[109.835,19.931],[109.943,19.992],[109.99,19.906],[110.015,19.958],[110.123,19.975],[110.149,20.007],[110.069,19.985],[110.156,20.068],[110.347,20.057],[110.419,19.924],[110.383,20.081],[110.577,19.998],[110.606,19.922],[110.624,19.971],[110.566,20.069],[110.678,20.164],[110.789,20.01],[110.933,19.995],[111.009,19.684]]],[[[111.963,21.658],[111.999,21.621],[111.808,21.565],[111.837,21.645],[111.963,21.658]]],[[[112.647,21.712],[112.651,21.64],[112.525,21.599],[112.557,21.679],[112.647,21.712]]],[[[112.845,21.775],[112.863,21.746],[112.798,21.706],[112.809,21.589],[112.766,21.582],[112.733,21.63],[112.773,21.692],[112.705,21.689],[112.777,21.773],[112.845,21.775]]],[[[113.392,22.028],[113.309,22.025],[113.378,22.089],[113.414,22.075],[113.392,22.028]]],[[[113.363,22.158],[113.353,22.131],[113.335,22.101],[113.313,22.077],[113.288,22.069],[113.281,22.075],[113.27,22.089],[113.263,22.106],[113.273,22.119],[113.281,22.123],[113.291,22.126],[113.299,22.129],[113.302,22.134],[113.306,22.141],[113.309,22.148],[113.317,22.155],[113.324,22.158],[113.327,22.146],[113.335,22.15],[113.349,22.156],[113.363,22.158]]],[[[113.594,22.785],[113.558,22.758],[113.396,22.898],[113.475,22.901],[113.594,22.785]]],[[[117.071,23.473],[117.125,23.482],[117.129,23.399],[116.942,23.43],[117.071,23.473]]],[[[117.467,23.754],[117.525,23.74],[117.421,23.646],[117.431,23.583],[117.32,23.575],[117.395,23.679],[117.341,23.69],[117.374,23.767],[117.467,23.754]]],[[[119.307,26.037],[119.404,25.978],[119.257,26.001],[119.21,26.099],[119.307,26.037]]],[[[121.255,28.141],[121.28,28.085],[121.15,28.041],[121.125,28.141],[121.229,28.22],[121.269,28.195],[121.255,28.141]]],[[[122.237,30.314],[122.201,30.241],[122.072,30.292],[122.212,30.346],[122.237,30.314]]],[[[122.399,30.456],[122.425,30.415],[122.273,30.435],[122.281,30.483],[122.399,30.456]]],[[[121.838,31.374],[121.881,31.337],[121.852,31.293],[121.795,31.369],[121.838,31.374]]],[[[119.879,32.126],[119.901,32.073],[119.793,32.122],[119.818,32.203],[119.717,32.273],[119.815,32.276],[119.879,32.126]]],[[[122.32,39.165],[122.331,39.181],[122.356,39.196],[122.381,39.208],[122.403,39.214],[122.392,39.204],[122.389,39.194],[122.389,39.187],[122.396,39.165],[122.403,39.159],[122.389,39.152],[122.378,39.16],[122.356,39.152],[122.335,39.147],[122.32,39.165]]],[[[122.637,39.235],[122.662,39.233],[122.72,39.241],[122.741,39.236],[122.738,39.223],[122.727,39.209],[122.691,39.194],[122.691,39.201],[122.691,39.208],[122.695,39.214],[122.698,39.221],[122.684,39.225],[122.637,39.228],[122.637,39.235]]],[[[122.684,39.262],[122.644,39.255],[122.587,39.258],[122.533,39.272],[122.504,39.297],[122.536,39.299],[122.547,39.297],[122.583,39.284],[122.644,39.279],[122.662,39.272],[122.684,39.262]]],[[[121.424,39.474],[121.42,39.373],[121.337,39.378],[121.363,39.446],[121.258,39.392],[121.33,39.476],[121.424,39.474]]],[[[122.965,39.515],[122.968,39.54],[122.99,39.549],[123.019,39.544],[123.04,39.53],[123.029,39.508],[123.004,39.498],[122.979,39.5],[122.965,39.515]]],[[[110.595,20.959],[110.631,20.925],[110.588,20.883],[110.548,20.917],[110.595,20.959]]],[[[110.548,21.037],[110.516,20.937],[110.44,21.006],[110.246,20.986],[110.275,21.06],[110.336,21.069],[110.289,21.074],[110.39,21.096],[110.419,21.04],[110.527,21.082],[110.548,21.037]]],[[[110.617,21.192],[110.545,21.104],[110.419,21.179],[110.545,21.204],[110.555,21.157],[110.617,21.192]]],[[[118.094,24.556],[118.18,24.536],[118.137,24.429],[118.069,24.46],[118.094,24.556]]],[[[119.847,25.537],[119.8,25.517],[119.847,25.461],[119.771,25.451],[119.757,25.405],[119.667,25.488],[119.779,25.522],[119.725,25.525],[119.728,25.591],[119.692,25.594],[119.764,25.66],[119.876,25.557],[119.847,25.537]]],[[[121.957,29.12],[121.935,29.063],[121.888,29.073],[121.867,29.147],[121.928,29.167],[121.957,29.12]]],[[[122.144,29.733],[122.162,29.655],[122.093,29.726],[122.032,29.723],[122.108,29.79],[122.144,29.733]]],[[[122.396,29.883],[122.396,29.833],[122.324,29.954],[122.407,29.953],[122.396,29.883]]],[[[121.881,30.076],[121.91,30.023],[121.859,29.978],[121.834,30.045],[121.881,30.076]]],[[[122.327,30.025],[122.295,29.934],[122.101,30.015],[122.018,29.996],[121.964,30.142],[122.104,30.143],[122.327,30.025]]],[[[121.845,31.607],[121.982,31.54],[121.978,31.477],[121.852,31.438],[121.571,31.53],[121.316,31.656],[121.175,31.785],[121.265,31.84],[121.363,31.818],[121.665,31.653],[121.845,31.607]]],[[[111.196,15.775],[111.193,15.777],[111.193,15.779],[111.196,15.785],[111.2,15.789],[111.207,15.789],[111.207,15.787],[111.207,15.782],[111.203,15.779],[111.196,15.775]]],[[[111.765,16.044],[111.754,16.045],[111.754,16.047],[111.761,16.049],[111.765,16.045],[111.765,16.044]]],[[[109.101,21.022],[109.097,21.022],[109.09,21.042],[109.101,21.06],[109.122,21.066],[109.137,21.05],[109.126,21.032],[109.112,21.027],[109.104,21.025],[109.101,21.022]]],[[[120.747,37.94],[120.758,37.923],[120.758,37.907],[120.754,37.897],[120.747,37.897],[120.736,37.904],[120.725,37.909],[120.722,37.919],[120.725,37.948],[120.736,37.948],[120.747,37.94]]],[[[120.607,37.98],[120.617,37.982],[120.625,37.973],[120.625,37.958],[120.625,37.948],[120.617,37.946],[120.614,37.948],[120.61,37.955],[120.603,37.97],[120.607,37.98]]],[[[120.722,37.982],[120.729,37.97],[120.722,37.965],[120.707,37.967],[120.7,37.97],[120.697,37.975],[120.689,37.982],[120.689,37.985],[120.689,37.99],[120.704,37.99],[120.722,37.982]]],[[[120.761,38.171],[120.772,38.166],[120.772,38.159],[120.761,38.157],[120.754,38.159],[120.747,38.162],[120.74,38.176],[120.743,38.188],[120.761,38.171]]],[[[120.808,38.289],[120.801,38.287],[120.801,38.294],[120.801,38.299],[120.808,38.304],[120.819,38.314],[120.833,38.313],[120.837,38.304],[120.83,38.299],[120.823,38.297],[120.819,38.297],[120.812,38.294],[120.808,38.289]]],[[[120.913,38.384],[120.909,38.385],[120.905,38.392],[120.916,38.395],[120.923,38.387],[120.923,38.384],[120.916,38.384],[120.913,38.384]]],[[[123.181,39.091],[123.184,39.086],[123.195,39.066],[123.195,39.052],[123.184,39.042],[123.173,39.034],[123.159,39.029],[123.148,39.037],[123.145,39.044],[123.148,39.056],[123.152,39.062],[123.166,39.061],[123.166,39.066],[123.159,39.071],[123.152,39.074],[123.145,39.076],[123.145,39.081],[123.17,39.084],[123.177,39.089],[123.181,39.091]]],[[[111.599,16.527],[111.599,16.532],[111.603,16.533],[111.607,16.533],[111.607,16.532],[111.61,16.528],[111.61,16.527],[111.607,16.525],[111.603,16.525],[111.599,16.527]]],[[[112.733,16.658],[112.73,16.66],[112.726,16.667],[112.726,16.669],[112.73,16.669],[112.733,16.667],[112.737,16.66],[112.733,16.658]]],[[[112.334,16.826],[112.327,16.829],[112.327,16.834],[112.327,16.837],[112.33,16.837],[112.334,16.832],[112.337,16.829],[112.334,16.826]]],[[[112.334,16.934],[112.337,16.932],[112.341,16.927],[112.341,16.923],[112.334,16.923],[112.334,16.927],[112.334,16.934]]],[[[110.473,20.647],[110.476,20.632],[110.48,20.611],[110.476,20.596],[110.473,20.593],[110.465,20.591],[110.458,20.588],[110.451,20.589],[110.447,20.596],[110.44,20.63],[110.437,20.638],[110.426,20.643],[110.419,20.655],[110.422,20.662],[110.429,20.662],[110.433,20.664],[110.433,20.667],[110.437,20.669],[110.444,20.664],[110.447,20.659],[110.462,20.655],[110.473,20.647]]],[[[113.277,21.925],[113.281,21.923],[113.284,21.918],[113.284,21.913],[113.277,21.908],[113.277,21.898],[113.266,21.886],[113.259,21.881],[113.252,21.883],[113.234,21.893],[113.23,21.898],[113.227,21.901],[113.223,21.915],[113.23,21.935],[113.248,21.944],[113.259,21.947],[113.266,21.944],[113.277,21.932],[113.277,21.925]]],[[[113.77,22.001],[113.777,21.986],[113.763,21.967],[113.749,21.972],[113.738,21.986],[113.738,21.998],[113.745,21.998],[113.756,22.001],[113.77,22.001]]],[[[114.307,22.057],[114.307,22.05],[114.303,22.045],[114.224,22.021],[114.206,22.026],[114.217,22.031],[114.271,22.05],[114.281,22.053],[114.292,22.058],[114.296,22.064],[114.299,22.067],[114.303,22.069],[114.31,22.069],[114.31,22.062],[114.307,22.057]]],[[[113.475,22.099],[113.468,22.102],[113.464,22.107],[113.471,22.114],[113.518,22.128],[113.525,22.126],[113.533,22.121],[113.533,22.112],[113.525,22.106],[113.533,22.096],[113.547,22.092],[113.54,22.082],[113.486,22.072],[113.471,22.077],[113.475,22.089],[113.475,22.099]]],[[[113.623,22.44],[113.633,22.438],[113.651,22.438],[113.659,22.432],[113.659,22.423],[113.655,22.413],[113.644,22.411],[113.644,22.4],[113.63,22.396],[113.623,22.391],[113.612,22.398],[113.612,22.413],[113.612,22.43],[113.623,22.44]]],[[[113.547,22.742],[113.637,22.656],[113.63,22.595],[113.475,22.719],[113.547,22.742]]],[[[113.529,22.96],[113.529,22.948],[113.547,22.938],[113.554,22.911],[113.554,22.886],[113.543,22.881],[113.525,22.896],[113.511,22.921],[113.507,22.952],[113.515,22.969],[113.529,22.96]]],[[[116.996,23.563],[117.007,23.563],[117.01,23.555],[117.003,23.546],[116.996,23.539],[116.992,23.534],[116.989,23.524],[116.971,23.514],[116.953,23.517],[116.938,23.526],[116.935,23.536],[116.945,23.539],[116.956,23.544],[116.967,23.555],[116.974,23.56],[116.978,23.56],[116.985,23.561],[116.996,23.563]]],[[[119.552,25.209],[119.563,25.209],[119.566,25.204],[119.563,25.199],[119.552,25.196],[119.548,25.186],[119.548,25.172],[119.541,25.165],[119.53,25.165],[119.516,25.172],[119.512,25.182],[119.512,25.191],[119.512,25.199],[119.505,25.204],[119.494,25.201],[119.491,25.196],[119.462,25.203],[119.451,25.214],[119.444,25.23],[119.447,25.236],[119.455,25.238],[119.458,25.241],[119.469,25.252],[119.476,25.25],[119.48,25.245],[119.487,25.245],[119.491,25.241],[119.498,25.231],[119.501,25.221],[119.512,25.213],[119.523,25.208],[119.534,25.208],[119.545,25.209],[119.552,25.209]]],[[[119.347,25.567],[119.336,25.437],[119.296,25.422],[119.282,25.483],[119.347,25.567]]],[[[119.627,26.108],[119.638,26.089],[119.645,26.079],[119.638,26.071],[119.62,26.064],[119.566,26.081],[119.555,26.096],[119.573,26.119],[119.599,26.128],[119.613,26.121],[119.627,26.108]]],[[[120.326,26.94],[120.319,26.949],[120.319,26.959],[120.322,26.962],[120.326,26.962],[120.337,26.971],[120.344,26.972],[120.351,26.971],[120.355,26.969],[120.358,26.965],[120.362,26.964],[120.369,26.955],[120.373,26.943],[120.376,26.94],[120.383,26.938],[120.387,26.935],[120.351,26.923],[120.326,26.94]]],[[[121.075,27.479],[121.082,27.474],[121.093,27.467],[121.103,27.46],[121.103,27.452],[121.093,27.453],[121.075,27.457],[121.067,27.455],[121.071,27.447],[121.078,27.438],[121.067,27.437],[121.06,27.443],[121.049,27.457],[121.046,27.465],[121.053,27.474],[121.075,27.479]]],[[[121.183,27.865],[121.19,27.864],[121.19,27.855],[121.19,27.849],[121.186,27.845],[121.186,27.844],[121.179,27.842],[121.175,27.844],[121.172,27.842],[121.175,27.827],[121.172,27.818],[121.161,27.818],[121.147,27.825],[121.139,27.825],[121.129,27.82],[121.118,27.818],[121.096,27.818],[121.096,27.828],[121.114,27.844],[121.132,27.847],[121.15,27.845],[121.157,27.849],[121.154,27.852],[121.154,27.857],[121.157,27.859],[121.168,27.86],[121.183,27.865]]],[[[121.049,27.952],[121.046,27.952],[121.039,27.958],[121.046,27.967],[121.064,27.982],[121.071,27.984],[121.075,27.982],[121.082,27.98],[121.111,27.984],[121.129,27.977],[121.139,27.965],[121.139,27.957],[121.125,27.952],[121.103,27.947],[121.093,27.948],[121.082,27.955],[121.071,27.957],[121.049,27.952]]],[[[121.863,29.13],[121.863,29.123],[121.867,29.115],[121.859,29.107],[121.852,29.098],[121.841,29.095],[121.838,29.1],[121.827,29.108],[121.816,29.115],[121.802,29.118],[121.791,29.118],[121.787,29.12],[121.784,29.125],[121.784,29.134],[121.787,29.144],[121.791,29.15],[121.795,29.149],[121.845,29.142],[121.856,29.134],[121.863,29.13]]],[[[122.306,29.817],[122.313,29.796],[122.313,29.784],[122.309,29.777],[122.295,29.779],[122.273,29.792],[122.266,29.797],[122.252,29.806],[122.237,29.824],[122.234,29.828],[122.23,29.836],[122.248,29.846],[122.27,29.846],[122.284,29.843],[122.313,29.829],[122.309,29.824],[122.306,29.817]]],[[[121.971,29.944],[121.985,29.931],[121.993,29.919],[121.993,29.909],[121.975,29.9],[121.946,29.904],[121.935,29.922],[121.942,29.937],[121.953,29.947],[121.96,29.953],[121.967,29.953],[121.971,29.947],[121.971,29.944]]],[[[122.345,30.241],[122.327,30.24],[122.317,30.24],[122.306,30.24],[122.295,30.236],[122.284,30.235],[122.277,30.236],[122.277,30.241],[122.288,30.248],[122.302,30.251],[122.313,30.26],[122.32,30.268],[122.324,30.272],[122.331,30.273],[122.342,30.273],[122.381,30.277],[122.399,30.275],[122.407,30.267],[122.41,30.255],[122.41,30.245],[122.396,30.24],[122.385,30.25],[122.385,30.262],[122.381,30.263],[122.374,30.262],[122.356,30.248],[122.345,30.241]]],[[[122.529,30.721],[122.525,30.714],[122.533,30.704],[122.525,30.702],[122.493,30.702],[122.486,30.702],[122.475,30.702],[122.468,30.699],[122.464,30.696],[122.461,30.694],[122.457,30.694],[122.446,30.697],[122.432,30.697],[122.428,30.704],[122.432,30.714],[122.435,30.728],[122.428,30.738],[122.428,30.743],[122.439,30.741],[122.457,30.731],[122.471,30.717],[122.486,30.714],[122.497,30.717],[122.5,30.719],[122.511,30.721],[122.525,30.724],[122.529,30.721]]],[[[121.762,31.374],[121.773,31.359],[121.784,31.342],[121.78,31.325],[121.766,31.32],[121.751,31.33],[121.719,31.357],[121.6,31.428],[121.586,31.442],[121.589,31.445],[121.604,31.444],[121.618,31.444],[121.69,31.42],[121.726,31.403],[121.744,31.388],[121.762,31.374]]],[[[118.634,39.074],[118.594,38.973],[118.479,38.934],[118.479,39.042],[118.558,39.003],[118.634,39.074]]],[[[111.679,16.577],[111.679,16.581],[111.682,16.581],[111.679,16.577]]]]}},{"type":"Feature","properties":{"kind":"country","iso":"DK","region":"","name":"Denmark"},"geometry":{"type":"MultiPolygon","coordinates":[[[[8.66,54.896],[8.681,55.133],[8.563,55.143],[8.498,55.065],[8.458,55.104],[8.491,55.197],[8.689,55.141],[8.617,55.438],[8.44,55.464],[8.314,55.583],[8.239,55.558],[8.314,55.469],[8.095,55.55],[8.185,55.769],[8.127,55.987],[8.192,55.811],[8.393,55.909],[8.249,56.09],[8.149,56.112],[8.134,55.994],[8.109,56.024],[8.123,56.551],[8.177,56.673],[8.221,56.71],[8.203,56.641],[8.307,56.598],[8.307,56.554],[8.566,56.578],[8.602,56.5],[8.728,56.483],[8.764,56.563],[8.681,56.627],[8.915,56.708],[8.84,56.722],[8.955,56.803],[9.063,56.813],[9.175,56.708],[9.092,56.674],[9.059,56.566],[9.157,56.613],[9.121,56.62],[9.157,56.661],[9.275,56.634],[9.25,56.578],[9.326,56.531],[9.373,56.566],[9.293,56.561],[9.304,56.696],[9.167,56.689],[9.243,56.747],[9.175,56.806],[9.2,56.939],[9.437,57.024],[9.607,56.97],[9.689,57.039],[9.916,57.059],[9.794,57.107],[9.247,57.002],[9.113,57.059],[8.678,56.953],[8.609,56.85],[8.491,56.794],[8.476,56.716],[8.527,56.695],[8.408,56.689],[8.588,56.689],[8.609,56.63],[8.559,56.593],[8.354,56.693],[8.303,56.764],[8.242,56.777],[8.246,56.705],[8.249,56.813],[8.617,57.123],[9.412,57.166],[9.574,57.243],[9.967,57.591],[10.197,57.601],[10.539,57.743],[10.651,57.736],[10.543,57.699],[10.431,57.571],[10.546,57.436],[10.539,57.237],[10.446,57.184],[10.348,57.01],[10.24,56.993],[9.995,57.093],[9.927,57.059],[10.003,57.085],[10.312,56.983],[10.266,56.907],[10.341,56.718],[10.147,56.722],[9.805,56.641],[10.136,56.713],[10.334,56.705],[10.341,56.62],[10.215,56.558],[10.183,56.47],[10.33,56.603],[10.471,56.521],[10.824,56.534],[10.964,56.448],[10.91,56.335],[10.755,56.228],[10.737,56.154],[10.651,56.188],[10.687,56.222],[10.604,56.222],[10.55,56.178],[10.575,56.112],[10.532,56.1],[10.51,56.169],[10.356,56.201],[10.492,56.217],[10.503,56.277],[10.402,56.298],[10.219,56.147],[10.266,56.073],[10.23,56.017],[10.276,56.017],[10.183,55.833],[10.104,55.882],[9.866,55.852],[10.046,55.815],[10.017,55.766],[10.06,55.749],[10.006,55.702],[9.794,55.675],[9.556,55.712],[9.855,55.627],[9.499,55.489],[9.661,55.479],[9.585,55.428],[9.711,55.249],[9.686,55.197],[9.488,55.156],[9.513,55.133],[9.455,55.126],[9.56,55.085],[9.434,55.038],[9.581,55.05],[9.733,54.996],[9.761,54.898],[9.704,54.886],[9.747,54.835],[9.625,54.866],[9.614,54.933],[9.437,54.81],[9.319,54.802],[8.905,54.898],[8.66,54.896]]],[[[11.846,54.732],[11.81,54.655],[11.475,54.626],[11,54.786],[11.108,54.832],[11.018,54.886],[11.032,54.92],[11.23,54.962],[11.594,54.812],[11.572,54.847],[11.655,54.866],[11.648,54.913],[11.788,54.832],[11.846,54.732]]],[[[10.449,54.9],[10.518,54.852],[10.384,54.83],[10.19,54.977],[10.348,54.896],[10.449,54.9]]],[[[12.418,55.03],[12.537,55.003],[12.552,54.957],[12.35,54.96],[12.21,54.886],[12.116,54.908],[12.177,54.989],[12.285,54.989],[12.264,55.065],[12.418,55.03]]],[[[10.01,54.976],[10.064,54.881],[9.967,54.859],[9.873,54.886],[9.992,54.873],[9.945,54.903],[9.779,54.916],[9.758,54.982],[9.848,54.949],[9.797,55.016],[9.628,55.058],[9.794,55.08],[10.01,54.976]]],[[[10.856,55.043],[10.957,55.155],[10.741,54.753],[10.694,54.736],[10.6,54.839],[10.723,54.886],[10.698,54.932],[10.856,55.043]]],[[[15.151,55.133],[15.072,54.992],[14.683,55.101],[14.762,55.31],[15.151,55.133]]],[[[8.476,55.345],[8.401,55.381],[8.375,55.464],[8.462,55.428],[8.476,55.345]]],[[[10.665,55.065],[10.539,55.03],[10.082,55.087],[10.158,55.139],[10.003,55.197],[10.024,55.126],[9.985,55.128],[9.981,55.214],[9.88,55.259],[9.884,55.349],[9.801,55.362],[9.841,55.399],[9.704,55.469],[9.812,55.442],[9.675,55.496],[9.754,55.545],[9.887,55.509],[10.309,55.619],[10.518,55.533],[10.42,55.459],[10.471,55.443],[10.608,55.492],[10.568,55.524],[10.615,55.528],[10.629,55.614],[10.741,55.487],[10.554,55.443],[10.683,55.448],[10.834,55.29],[10.773,55.286],[10.816,55.214],[10.784,55.124],[10.665,55.065]]],[[[12.616,55.688],[12.674,55.602],[12.555,55.55],[12.519,55.619],[12.616,55.688]]],[[[10.561,55.865],[10.579,55.911],[10.514,55.952],[10.543,55.997],[10.622,55.881],[10.669,55.881],[10.582,55.759],[10.51,55.825],[10.561,55.865]]],[[[12.04,54.893],[12.17,54.839],[11.961,54.694],[11.95,54.569],[11.868,54.66],[11.911,54.722],[11.713,54.94],[11.882,54.982],[11.616,55.092],[11.828,55.05],[11.716,55.126],[11.806,55.146],[11.727,55.155],[11.716,55.209],[11.263,55.2],[11.238,55.242],[11.288,55.256],[11.151,55.328],[11.191,55.345],[11.086,55.359],[11.216,55.404],[11.166,55.502],[11.079,55.513],[11.148,55.558],[11.133,55.595],[10.932,55.659],[11.086,55.659],[10.874,55.742],[11.162,55.749],[11.122,55.737],[11.194,55.7],[11.191,55.737],[11.353,55.756],[11.349,55.838],[11.504,55.869],[11.479,55.941],[11.274,55.997],[11.601,55.941],[11.767,55.97],[11.745,55.904],[11.662,55.908],[11.716,55.811],[11.608,55.783],[11.738,55.798],[11.763,55.749],[11.659,55.73],[11.763,55.722],[11.781,55.659],[11.868,55.805],[11.954,55.854],[11.936,55.933],[11.997,55.903],[12.051,55.737],[11.911,55.659],[12.001,55.698],[12.062,55.654],[12.094,55.729],[12.026,55.941],[11.864,55.94],[11.864,55.974],[12.246,56.129],[12.624,56.044],[12.512,55.928],[12.602,55.798],[12.602,55.708],[12.487,55.61],[12.31,55.583],[12.199,55.487],[12.224,55.435],[12.436,55.364],[12.465,55.29],[12.184,55.227],[12.098,55.141],[12.076,55.182],[12.019,55.171],[12.17,55.129],[12.12,55.074],[12.163,55.004],[12.033,54.969],[11.911,55.009],[11.882,54.94],[12.04,54.893]]],[[[11.511,56.696],[11.511,56.71],[11.522,56.715],[11.605,56.72],[11.648,56.73],[11.648,56.722],[11.644,56.722],[11.641,56.72],[11.637,56.716],[11.619,56.711],[11.605,56.701],[11.594,56.689],[11.58,56.681],[11.565,56.678],[11.544,56.679],[11.526,56.684],[11.511,56.696]]],[[[8.825,56.744],[8.66,56.678],[8.516,56.738],[8.545,56.791],[8.667,56.826],[8.62,56.831],[8.653,56.894],[8.815,56.911],[8.93,56.977],[8.901,56.875],[8.84,56.88],[8.879,56.806],[8.825,56.744]]],[[[11.144,57.333],[11.198,57.302],[11.068,57.291],[11.09,57.253],[11.029,57.201],[10.856,57.265],[11.144,57.333]]]]}},{"type":"Feature","properties":{"kind":"country","iso":"ES","region":"","name":"Spain"},"geometry":{"type":"MultiPolygon","coordinates":[[[[-5.341,35.847],[-5.362,35.864],[-5.377,35.881],[-5.391,35.901],[-5.398,35.925],[-5.384,35.927],[-5.366,35.925],[-5.344,35.915],[-5.326,35.905],[-5.308,35.901],[-5.283,35.912],[-5.29,35.891],[-5.337,35.863],[-5.341,35.847]]],[[[-2.947,35.329],[-2.921,35.288],[-2.914,35.277],[-2.943,35.268],[-2.965,35.287],[-2.968,35.314],[-2.947,35.329]]],[[[-1.795,43.385],[-1.748,43.291],[-1.402,43.243],[-1.489,43.081],[-1.456,43.046],[-1.366,43.034],[-1.348,43.093],[-1.287,43.11],[-1.312,43.069],[-1.15,43.005],[-0.761,42.946],[-0.74,42.885],[-0.571,42.772],[-0.322,42.843],[-0.236,42.786],[-0.16,42.796],[-0.121,42.716],[-0.038,42.684],[0.167,42.727],[0.275,42.669],[0.355,42.718],[0.643,42.684],[0.657,42.838],[0.812,42.831],[1.089,42.771],[1.15,42.706],[1.341,42.708],[1.431,42.595],[1.406,42.529],[1.449,42.504],[1.406,42.487],[1.449,42.435],[1.708,42.502],[1.928,42.436],[2.011,42.347],[2.277,42.429],[2.525,42.326],[2.662,42.338],[2.641,42.372],[2.691,42.406],[2.932,42.47],[3.181,42.431],[3.188,42.35],[3.317,42.323],[3.263,42.24],[3.152,42.257],[3.119,42.218],[3.231,41.947],[3.152,41.845],[2.932,41.712],[2.295,41.465],[2.129,41.303],[1.017,41.052],[0.715,40.815],[0.697,40.786],[0.873,40.727],[0.859,40.687],[0.679,40.565],[0.592,40.582],[0.664,40.575],[0.733,40.634],[0.563,40.591],[0.351,40.285],[-0.092,39.848],[-0.322,39.517],[-0.301,39.322],[-0.121,38.951],[0.153,38.831],[0.236,38.742],[0.081,38.632],[-0.041,38.612],[-0.074,38.541],[-0.329,38.47],[-0.412,38.365],[-0.509,38.338],[-0.506,38.208],[-0.625,38.162],[-0.653,37.99],[-0.718,37.943],[-0.761,37.796],[-0.787,37.823],[-0.855,37.742],[-0.704,37.62],[-0.923,37.556],[-1.089,37.582],[-1.107,37.533],[-1.323,37.561],[-1.496,37.428],[-1.672,37.364],[-1.813,37.207],[-1.899,36.942],[-1.989,36.901],[-2.126,36.736],[-2.363,36.837],[-2.561,36.818],[-2.615,36.729],[-2.72,36.682],[-2.932,36.752],[-3.328,36.746],[-3.415,36.695],[-3.839,36.752],[-4.405,36.724],[-4.523,36.58],[-4.66,36.508],[-4.912,36.504],[-5.175,36.418],[-5.337,36.141],[-5.427,36.18],[-5.431,36.07],[-5.611,36.006],[-5.917,36.183],[-6.035,36.19],[-6.309,36.535],[-6.23,36.472],[-6.179,36.514],[-6.223,36.511],[-6.284,36.612],[-6.395,36.638],[-6.435,36.751],[-6.345,36.795],[-6.338,36.884],[-6.194,36.931],[-6.327,36.913],[-6.345,36.82],[-6.388,36.808],[-6.5,36.96],[-6.892,37.166],[-6.917,37.215],[-6.853,37.294],[-6.964,37.234],[-6.928,37.173],[-7.101,37.224],[-7.414,37.193],[-7.515,37.602],[-7.306,37.85],[-7.274,37.977],[-7.123,38.041],[-7.025,38.022],[-6.946,38.196],[-7.105,38.174],[-7.36,38.446],[-7.27,38.618],[-7.274,38.733],[-7.058,38.855],[-6.975,39.024],[-7.015,39.096],[-7.159,39.105],[-7.169,39.17],[-7.259,39.211],[-7.252,39.27],[-7.328,39.341],[-7.313,39.458],[-7.468,39.55],[-7.558,39.68],[-7.022,39.694],[-6.881,40.01],[-7.043,40.182],[-6.795,40.356],[-6.856,40.442],[-6.813,40.515],[-6.849,40.565],[-6.817,40.857],[-6.943,41.016],[-6.817,41.055],[-6.647,41.268],[-6.496,41.295],[-6.32,41.411],[-6.205,41.57],[-6.367,41.663],[-6.543,41.659],[-6.579,41.74],[-6.525,41.867],[-6.608,41.962],[-6.727,41.931],[-6.824,41.984],[-6.856,41.943],[-7.051,41.941],[-7.159,41.985],[-7.22,41.879],[-7.443,41.806],[-7.483,41.857],[-7.605,41.825],[-7.609,41.874],[-7.72,41.899],[-7.897,41.859],[-7.907,41.914],[-8.048,41.816],[-8.181,41.811],[-8.231,41.904],[-8.095,42.041],[-8.203,42.07],[-8.221,42.154],[-8.627,42.051],[-8.879,41.892],[-8.894,42.119],[-8.825,42.131],[-8.847,42.161],[-8.62,42.342],[-8.869,42.257],[-8.829,42.342],[-8.656,42.441],[-8.811,42.401],[-8.944,42.47],[-8.879,42.497],[-8.825,42.462],[-8.822,42.57],[-8.732,42.688],[-8.786,42.641],[-8.84,42.683],[-8.869,42.617],[-9.027,42.543],[-9.07,42.597],[-9.031,42.708],[-8.887,42.831],[-9.099,42.757],[-9.135,42.917],[-9.196,42.95],[-9.272,42.894],[-9.279,43.054],[-9.106,43.14],[-9.218,43.156],[-8.933,43.235],[-8.987,43.284],[-8.829,43.341],[-8.692,43.294],[-8.39,43.385],[-8.354,43.348],[-8.332,43.405],[-8.21,43.313],[-8.174,43.416],[-8.303,43.451],[-8.167,43.485],[-8.332,43.471],[-8.314,43.568],[-8.051,43.644],[-8.059,43.709],[-7.907,43.767],[-7.846,43.718],[-7.907,43.671],[-7.857,43.669],[-7.684,43.794],[-7.691,43.728],[-7.641,43.753],[-7.616,43.689],[-7.54,43.731],[-7.367,43.681],[-7.27,43.561],[-7.043,43.559],[-7.043,43.48],[-7,43.557],[-6.068,43.569],[-5.906,43.588],[-5.852,43.664],[-5.679,43.561],[-5.423,43.561],[-5.413,43.507],[-5.301,43.537],[-4.48,43.383],[-3.767,43.48],[-3.832,43.456],[-3.821,43.424],[-3.58,43.519],[-3.436,43.471],[-3.501,43.431],[-3.461,43.412],[-3.008,43.321],[-3.029,43.377],[-2.947,43.431],[-2.77,43.453],[-2.691,43.368],[-2.662,43.412],[-2.129,43.287],[-1.795,43.385]]],[[[1.982,42.441],[1.96,42.443],[1.946,42.451],[1.946,42.463],[1.957,42.482],[1.967,42.485],[1.978,42.475],[1.989,42.458],[2,42.445],[1.996,42.443],[1.985,42.441],[1.982,42.441]]],[[[-17.934,27.852],[-17.88,27.815],[-17.98,27.643],[-18.16,27.722],[-18.168,27.757],[-18.056,27.756],[-17.934,27.852]]],[[[-15.392,28.031],[-15.378,27.852],[-15.579,27.734],[-15.687,27.764],[-15.817,27.901],[-15.817,27.995],[-15.709,28.082],[-15.705,28.168],[-15.46,28.134],[-15.41,28.18],[-15.392,28.031]]],[[[-17.311,28.207],[-17.214,28.205],[-17.098,28.1],[-17.257,28.024],[-17.343,28.098],[-17.311,28.207]]],[[[-16.429,28.149],[-16.548,28.024],[-16.692,28.001],[-16.915,28.355],[-16.508,28.424],[-16.317,28.571],[-16.119,28.571],[-16.357,28.38],[-16.429,28.149]]],[[[-13.974,28.735],[-13.866,28.744],[-13.822,28.637],[-13.844,28.407],[-13.934,28.244],[-14.193,28.171],[-14.344,28.051],[-14.506,28.071],[-14.226,28.218],[-13.974,28.735]]],[[[-17.757,28.818],[-17.721,28.73],[-17.836,28.455],[-17.998,28.781],[-17.912,28.855],[-17.757,28.818]]],[[[-13.484,29.24],[-13.419,29.21],[-13.48,29],[-13.711,28.914],[-13.776,28.84],[-13.866,28.865],[-13.797,29.047],[-13.538,29.139],[-13.484,29.24]]],[[[-13.488,29.284],[-13.477,29.267],[-13.491,29.243],[-13.516,29.226],[-13.542,29.23],[-13.542,29.237],[-13.527,29.252],[-13.516,29.274],[-13.509,29.289],[-13.488,29.284]]],[[[-0.733,37.747],[-0.743,37.725],[-0.74,37.703],[-0.725,37.666],[-0.747,37.685],[-0.751,37.713],[-0.751,37.745],[-0.754,37.774],[-0.751,37.776],[-0.747,37.772],[-0.747,37.771],[-0.747,37.769],[-0.743,37.764],[-0.736,37.754],[-0.733,37.747]]],[[[1.525,38.677],[1.582,38.654],[1.46,38.681],[1.384,38.642],[1.431,38.755],[1.525,38.677]]],[[[1.607,39.091],[1.622,39.029],[1.413,38.89],[1.402,38.833],[1.215,38.885],[1.219,38.954],[1.301,38.968],[1.294,39.034],[1.355,39.078],[1.521,39.118],[1.607,39.091]]],[[[3.353,39.785],[3.476,39.75],[3.454,39.66],[3.253,39.387],[3.062,39.268],[2.957,39.363],[2.788,39.376],[2.716,39.544],[2.633,39.559],[2.493,39.471],[2.482,39.517],[2.392,39.523],[2.349,39.576],[2.81,39.871],[3.181,39.969],[3.213,39.956],[3.098,39.913],[3.094,39.881],[3.206,39.893],[3.127,39.832],[3.137,39.789],[3.224,39.75],[3.353,39.785]]],[[[4.304,39.925],[4.336,39.868],[4.304,39.888],[4.3,39.822],[4.25,39.817],[4.016,39.925],[3.832,39.935],[3.85,39.984],[3.803,40.018],[4.106,40.079],[4.304,39.925]]],[[[2.986,39.165],[2.983,39.138],[2.961,39.116],[2.932,39.118],[2.914,39.152],[2.939,39.172],[2.979,39.186],[2.986,39.165]]],[[[-4.3,35.172],[-4.297,35.172],[-4.3,35.172],[-4.3,35.174],[-4.3,35.172]]],[[[-3.904,35.214],[-3.904,35.216],[-3.901,35.216],[-3.904,35.214]]],[[[-3.901,35.218],[-3.901,35.218],[-3.901,35.218],[-3.901,35.218]]],[[[-2.435,35.185],[-2.428,35.185],[-2.428,35.182],[-2.432,35.179],[-2.435,35.18],[-2.435,35.185]]],[[[-5.42,35.915],[-5.416,35.913],[-5.416,35.912],[-5.42,35.912],[-5.42,35.915]]]]}},{"type":"Feature","properties":{"kind":"country","iso":"FR","region":"","name":"France"},"geometry":{"type":"MultiPolygon","coordinates":[[[[2.522,51.087],[2.608,50.962],[2.587,50.845],[2.767,50.734],[2.885,50.697],[3.13,50.779],[3.245,50.671],[3.271,50.526],[3.609,50.477],[3.695,50.298],[3.757,50.347],[4.005,50.344],[4.124,50.258],[4.185,50.266],[4.127,50.128],[4.181,50.128],[4.21,50.06],[4.131,49.976],[4.466,49.935],[4.657,49.989],[4.682,50.084],[4.815,50.161],[4.873,50.139],[4.783,49.959],[4.862,49.913],[4.847,49.795],[4.97,49.797],[5.168,49.687],[5.258,49.692],[5.297,49.613],[5.402,49.603],[5.456,49.5],[5.747,49.55],[5.96,49.442],[6.194,49.5],[6.403,49.466],[6.575,49.361],[6.557,49.326],[6.712,49.158],[6.82,49.148],[6.835,49.209],[6.914,49.207],[7.011,49.182],[7.043,49.108],[7.087,49.142],[7.274,49.104],[7.411,49.169],[7.634,49.039],[7.933,49.035],[8.199,48.959],[8.091,48.807],[7.81,48.615],[7.749,48.341],[7.58,48.115],[7.619,47.971],[7.511,47.708],[7.587,47.585],[7.483,47.542],[7.468,47.482],[7.414,47.49],[7.389,47.433],[7.238,47.417],[7.169,47.443],[7.18,47.488],[6.975,47.488],[6.989,47.453],[6.867,47.353],[7.004,47.369],[7.036,47.33],[6.665,47.021],[6.442,46.945],[6.428,46.761],[6.118,46.583],[6.147,46.551],[6.053,46.42],[6.136,46.371],[6.093,46.252],[5.956,46.2],[5.96,46.131],[6.14,46.149],[6.28,46.241],[6.215,46.315],[6.269,46.376],[6.482,46.448],[6.788,46.414],[6.752,46.345],[6.827,46.269],[6.773,46.134],[6.871,46.112],[6.849,46.053],[6.914,46.048],[7.022,45.925],[6.95,45.857],[6.802,45.827],[6.795,45.719],[6.964,45.641],[6.982,45.511],[7.162,45.411],[7.054,45.214],[6.957,45.211],[6.845,45.129],[6.737,45.158],[6.604,45.104],[6.723,45.013],[6.745,44.908],[7.007,44.822],[7.054,44.685],[6.961,44.684],[6.835,44.533],[6.917,44.435],[6.867,44.371],[6.982,44.241],[7.331,44.125],[7.655,44.175],[7.691,44.067],[7.493,43.887],[7.475,43.765],[7.151,43.655],[7.141,43.554],[6.961,43.541],[6.892,43.427],[6.73,43.407],[6.719,43.351],[6.59,43.269],[6.694,43.274],[6.68,43.201],[6.403,43.147],[6.374,43.091],[6.219,43.117],[6.161,43.093],[6.179,43.036],[6.097,43.031],[6.111,43.085],[5.942,43.134],[5.881,43.12],[5.953,43.08],[5.855,43.044],[5.675,43.179],[5.369,43.208],[5.341,43.335],[5.294,43.355],[5.035,43.336],[5.027,43.409],[5.175,43.429],[5.225,43.48],[5.027,43.559],[5.053,43.429],[4.869,43.421],[4.901,43.367],[4.855,43.341],[4.757,43.422],[4.696,43.579],[4.743,43.422],[4.819,43.346],[4.592,43.36],[4.581,43.431],[4.513,43.456],[4.181,43.465],[4.106,43.552],[3.955,43.541],[3.512,43.28],[3.317,43.264],[3.112,43.107],[3.04,42.943],[3.04,42.629],[3.051,42.554],[3.137,42.526],[3.181,42.431],[2.932,42.47],[2.691,42.406],[2.641,42.372],[2.662,42.338],[2.504,42.328],[2.277,42.429],[1.996,42.348],[1.928,42.436],[1.712,42.494],[1.766,42.563],[1.723,42.61],[1.528,42.649],[1.431,42.595],[1.341,42.708],[1.15,42.706],[1.089,42.771],[0.812,42.831],[0.657,42.838],[0.643,42.684],[0.355,42.718],[0.275,42.669],[0.167,42.727],[-0.038,42.684],[-0.121,42.716],[-0.16,42.796],[-0.236,42.786],[-0.322,42.843],[-0.571,42.772],[-0.74,42.885],[-0.761,42.946],[-1.15,43.005],[-1.312,43.069],[-1.287,43.11],[-1.348,43.093],[-1.366,43.034],[-1.456,43.046],[-1.489,43.081],[-1.402,43.243],[-1.539,43.284],[-1.622,43.247],[-1.672,43.304],[-1.748,43.291],[-1.798,43.375],[-1.661,43.4],[-1.478,43.579],[-1.28,44.302],[-1.258,44.555],[-1.186,44.665],[-1.046,44.67],[-1.172,44.778],[-1.262,44.628],[-1.1,45.553],[-1.06,45.57],[-1.049,45.514],[-0.765,45.325],[-0.722,45.146],[-0.56,44.986],[-0.549,44.902],[-0.538,44.976],[-0.596,45.025],[-0.495,44.998],[-0.657,45.099],[-0.718,45.361],[-0.794,45.477],[-1.247,45.71],[-1.229,45.793],[-1.165,45.807],[-0.988,45.717],[-1.15,45.867],[-1.067,45.916],[-1.111,46.018],[-1.049,46.04],[-1.211,46.175],[-1.111,46.303],[-1.179,46.327],[-1.24,46.284],[-1.355,46.35],[-1.449,46.344],[-1.481,46.408],[-1.625,46.431],[-1.787,46.533],[-1.795,46.494],[-1.91,46.691],[-2.119,46.82],[-2.129,46.894],[-1.989,47.036],[-2.029,47.092],[-2.241,47.142],[-2.165,47.168],[-2.162,47.271],[-2.014,47.299],[-1.726,47.211],[-2.011,47.32],[-2.277,47.247],[-2.543,47.299],[-2.435,47.308],[-2.558,47.384],[-2.392,47.424],[-2.493,47.492],[-2.363,47.507],[-2.633,47.52],[-2.576,47.554],[-2.817,47.499],[-2.911,47.558],[-2.741,47.551],[-2.687,47.605],[-2.705,47.642],[-2.709,47.602],[-2.788,47.642],[-2.918,47.595],[-2.975,47.664],[-2.936,47.564],[-3.123,47.598],[-3.083,47.478],[-3.13,47.478],[-3.141,47.598],[-3.202,47.64],[-3.119,47.732],[-3.191,47.747],[-3.159,47.711],[-3.224,47.656],[-3.357,47.698],[-3.281,47.691],[-3.357,47.711],[-3.281,47.787],[-3.447,47.705],[-3.53,47.781],[-3.85,47.801],[-3.962,47.9],[-4.037,47.855],[-4.131,47.924],[-4.109,47.87],[-4.185,47.875],[-4.153,47.841],[-4.185,47.813],[-4.372,47.808],[-4.347,47.863],[-4.433,47.976],[-4.729,48.041],[-4.289,48.108],[-4.304,48.196],[-4.379,48.233],[-4.484,48.243],[-4.556,48.177],[-4.556,48.263],[-4.628,48.267],[-4.559,48.339],[-4.516,48.296],[-4.189,48.307],[-4.325,48.321],[-4.268,48.363],[-4.455,48.336],[-4.289,48.432],[-4.768,48.346],[-4.765,48.52],[-4.693,48.576],[-4.577,48.567],[-4.606,48.603],[-4.531,48.601],[-4.563,48.63],[-4.343,48.679],[-4.192,48.65],[-4.174,48.691],[-3.973,48.733],[-3.955,48.657],[-3.893,48.679],[-3.85,48.63],[-3.811,48.733],[-3.584,48.682],[-3.58,48.733],[-3.53,48.74],[-3.58,48.79],[-3.515,48.843],[-3.397,48.807],[-3.231,48.873],[-3.22,48.794],[-3.091,48.871],[-3.127,48.76],[-3.008,48.821],[-3.044,48.789],[-2.932,48.767],[-2.947,48.733],[-2.684,48.508],[-2.486,48.65],[-2.317,48.699],[-2.281,48.67],[-2.331,48.63],[-2.252,48.65],[-2.212,48.583],[-2.054,48.65],[-1.982,48.513],[-1.939,48.534],[-1.982,48.589],[-1.953,48.576],[-2.029,48.643],[-1.946,48.699],[-1.845,48.713],[-1.859,48.64],[-1.795,48.616],[-1.355,48.643],[-1.553,48.746],[-1.604,48.849],[-1.543,48.936],[-1.546,49.03],[-1.507,49.033],[-1.593,49.028],[-1.568,49.143],[-1.611,49.216],[-1.55,49.226],[-1.625,49.219],[-1.697,49.356],[-1.816,49.383],[-1.885,49.532],[-1.838,49.619],[-1.946,49.679],[-1.935,49.724],[-1.607,49.65],[-1.409,49.712],[-1.262,49.695],[-1.229,49.624],[-1.305,49.559],[-1.175,49.415],[-1.183,49.356],[-1.121,49.346],[-1.071,49.397],[-0.941,49.391],[-0.412,49.342],[-0.218,49.28],[0.412,49.452],[0.491,49.493],[0.34,49.457],[0.074,49.525],[0.236,49.729],[0.596,49.857],[1.222,49.979],[1.456,50.124],[1.521,50.215],[1.672,50.192],[1.543,50.278],[1.55,50.349],[1.611,50.371],[1.553,50.405],[1.611,50.548],[1.564,50.678],[1.607,50.79],[1.582,50.869],[1.921,50.997],[2.522,51.087]],[[1.982,42.441],[1.985,42.441],[1.996,42.443],[2,42.445],[1.989,42.458],[1.978,42.475],[1.967,42.485],[1.957,42.482],[1.946,42.463],[1.946,42.451],[1.96,42.443],[1.982,42.441]]],[[[9.455,42.647],[9.481,42.62],[9.477,42.62],[9.477,42.619],[9.455,42.647]]],[[[8.566,42.208],[8.548,42.242],[8.689,42.272],[8.548,42.377],[8.66,42.429],[8.71,42.58],[8.786,42.563],[8.804,42.607],[9.02,42.651],[9.117,42.732],[9.293,42.674],[9.344,42.749],[9.304,42.84],[9.362,42.929],[9.347,43.004],[9.463,42.99],[9.484,42.803],[9.441,42.641],[9.527,42.563],[9.556,42.12],[9.401,41.953],[9.401,41.707],[9.347,41.619],[9.283,41.607],[9.355,41.595],[9.211,41.448],[9.211,41.408],[9.25,41.428],[9.221,41.372],[9.095,41.403],[9.121,41.435],[9.081,41.482],[9.038,41.462],[8.797,41.556],[8.8,41.639],[8.923,41.695],[8.656,41.751],[8.786,41.825],[8.75,41.845],[8.804,41.908],[8.613,41.901],[8.588,41.968],[8.746,42.056],[8.559,42.154],[8.595,42.168],[8.566,42.208]]],[[[-1.219,45.943],[-1.175,45.899],[-1.208,45.813],[-1.406,46.053],[-1.247,46.002],[-1.219,45.943]]],[[[-1.28,46.156],[-1.287,46.16],[-1.291,46.161],[-1.337,46.168],[-1.435,46.21],[-1.489,46.203],[-1.503,46.208],[-1.546,46.241],[-1.557,46.246],[-1.557,46.252],[-1.499,46.263],[-1.481,46.259],[-1.474,46.256],[-1.467,46.251],[-1.467,46.244],[-1.474,46.239],[-1.499,46.246],[-1.507,46.246],[-1.492,46.224],[-1.463,46.225],[-1.435,46.234],[-1.409,46.239],[-1.409,46.23],[-1.424,46.23],[-1.424,46.224],[-1.409,46.219],[-1.309,46.207],[-1.283,46.197],[-1.265,46.181],[-1.255,46.163],[-1.262,46.161],[-1.273,46.16],[-1.28,46.156]]],[[[-2.338,46.732],[-2.299,46.72],[-2.281,46.71],[-2.27,46.698],[-2.291,46.703],[-2.371,46.705],[-2.381,46.722],[-2.374,46.732],[-2.356,46.734],[-2.338,46.732]]],[[[-2.201,46.985],[-2.144,46.909],[-2.295,47.032],[-2.201,47.024],[-2.201,46.985]]],[[[-3.116,47.331],[-3.065,47.303],[-3.224,47.313],[-3.263,47.384],[-3.116,47.331]]],[[[-5.049,48.48],[-5.049,48.476],[-5.045,48.475],[-5.042,48.471],[-5.038,48.473],[-5.038,48.464],[-5.089,48.448],[-5.107,48.444],[-5.107,48.451],[-5.103,48.453],[-5.096,48.451],[-5.092,48.451],[-5.099,48.461],[-5.107,48.463],[-5.132,48.458],[-5.132,48.464],[-5.092,48.481],[-5.071,48.485],[-5.049,48.48]]],[[[6.233,43.022],[6.241,43.026],[6.251,43.017],[6.251,43.002],[6.23,42.995],[6.215,42.99],[6.201,42.987],[6.19,42.99],[6.165,43],[6.165,43.005],[6.176,43.009],[6.205,43.009],[6.212,43.012],[6.215,43.015],[6.219,43.015],[6.223,43.015],[6.233,43.015],[6.233,43.022]]]]}},{"type":"Feature","properties":{"kind":"country","iso":"GB","region":"","name":"United Kingdom"},"geometry":{"type":"MultiPolygon","coordinates":[[[[-7.249,55.07],[-7.065,55.043],[-6.964,55.195],[-6.755,55.178],[-6.475,55.249],[-6.1,55.212],[-6.035,55.168],[-6.061,55.074],[-5.967,55.043],[-5.985,54.982],[-5.906,54.959],[-5.801,54.82],[-5.715,54.783],[-5.798,54.844],[-5.751,54.857],[-5.69,54.793],[-5.729,54.729],[-5.891,54.672],[-5.906,54.606],[-5.747,54.68],[-5.575,54.68],[-5.434,54.461],[-5.517,54.337],[-5.578,54.403],[-5.557,54.511],[-5.701,54.577],[-5.715,54.537],[-5.625,54.516],[-5.672,54.506],[-5.625,54.44],[-5.708,54.352],[-5.578,54.383],[-5.553,54.298],[-5.657,54.229],[-5.863,54.231],[-5.895,54.104],[-6.079,54.035],[-6.356,54.111],[-6.377,54.064],[-6.629,54.042],[-6.673,54.069],[-6.64,54.168],[-6.788,54.202],[-6.881,54.276],[-6.885,54.346],[-7.018,54.413],[-7.191,54.336],[-7.213,54.304],[-7.155,54.224],[-7.249,54.197],[-7.281,54.126],[-7.295,54.165],[-7.331,54.15],[-7.31,54.114],[-7.609,54.14],[-7.706,54.201],[-7.857,54.211],[-7.879,54.287],[-8.174,54.462],[-7.709,54.604],[-7.929,54.697],[-7.544,54.741],[-7.403,55.004],[-7.249,55.07]]],[[[-2.666,51.617],[-2.86,51.546],[-2.975,51.563],[-3.173,51.453],[-3.184,51.397],[-3.541,51.399],[-3.739,51.49],[-3.843,51.622],[-3.991,51.607],[-3.976,51.563],[-4.027,51.555],[-4.289,51.556],[-4.289,51.617],[-4.07,51.676],[-4.315,51.678],[-4.379,51.727],[-4.311,51.733],[-4.365,51.789],[-4.462,51.735],[-4.646,51.732],[-4.711,51.651],[-4.941,51.597],[-5.121,51.678],[-4.844,51.713],[-4.88,51.762],[-4.826,51.796],[-4.934,51.776],[-4.912,51.718],[-5.182,51.69],[-5.251,51.733],[-5.11,51.779],[-5.125,51.857],[-5.312,51.864],[-5.29,51.918],[-5.121,51.96],[-5.071,52.026],[-4.84,52.015],[-4.721,52.113],[-4.315,52.216],[-4.138,52.33],[-4.055,52.529],[-3.947,52.549],[-4.052,52.542],[-4.124,52.603],[-3.987,52.735],[-4.048,52.721],[-4.145,52.802],[-4.077,52.927],[-4.426,52.887],[-4.516,52.789],[-4.761,52.789],[-4.595,52.929],[-4.358,53.029],[-4.34,53.113],[-4.178,53.218],[-3.832,53.289],[-3.879,53.338],[-3.602,53.289],[-3.371,53.351],[-3.087,53.235],[-3.188,53.393],[-3.058,53.436],[-2.882,53.289],[-2.698,53.351],[-2.925,53.349],[-3.101,53.559],[-2.9,53.736],[-3.047,53.77],[-3.058,53.907],[-2.857,53.967],[-2.831,54.016],[-2.918,54.035],[-2.795,54.125],[-2.853,54.194],[-2.795,54.249],[-2.939,54.155],[-3.047,54.222],[-3.145,54.064],[-3.242,54.113],[-3.206,54.263],[-3.231,54.202],[-3.307,54.192],[-3.407,54.278],[-3.415,54.346],[-3.634,54.513],[-3.389,54.883],[-3.256,54.9],[-3.317,54.92],[-3.278,54.943],[-3.022,54.976],[-3.569,54.996],[-3.58,54.884],[-3.821,54.856],[-3.818,54.886],[-3.832,54.82],[-4.012,54.768],[-4.063,54.832],[-4.124,54.773],[-4.21,54.827],[-4.199,54.866],[-4.271,54.839],[-4.405,54.908],[-4.405,54.825],[-4.343,54.795],[-4.383,54.68],[-4.858,54.866],[-4.955,54.81],[-4.858,54.633],[-4.955,54.66],[-4.955,54.729],[-5.157,54.879],[-5.171,55.009],[-5.114,55.031],[-5.049,54.92],[-4.995,54.92],[-5.049,55.026],[-5.009,55.141],[-4.869,55.222],[-4.833,55.332],[-4.617,55.496],[-4.693,55.605],[-4.919,55.708],[-4.862,55.757],[-4.887,55.919],[-4.801,55.958],[-4.48,55.928],[-4.675,55.962],[-4.826,56.078],[-4.779,55.992],[-4.851,55.989],[-4.865,56.066],[-4.754,56.207],[-4.851,56.112],[-4.919,56.168],[-4.894,55.99],[-4.955,55.997],[-4.912,55.962],[-4.984,55.871],[-5.042,55.884],[-5.125,56.011],[-5.085,55.901],[-5.182,55.97],[-5.243,55.892],[-5.2,55.832],[-5.297,55.852],[-5.337,55.997],[-4.919,56.277],[-5.063,56.228],[-5.369,56.009],[-5.445,56.028],[-5.456,55.955],[-5.319,55.783],[-5.492,55.644],[-5.459,55.578],[-5.585,55.428],[-5.524,55.359],[-5.618,55.307],[-5.783,55.313],[-5.798,55.379],[-5.715,55.448],[-5.683,55.675],[-5.456,55.845],[-5.6,55.764],[-5.661,55.798],[-5.675,55.845],[-5.571,55.935],[-5.672,55.887],[-5.697,55.916],[-5.571,56.038],[-5.708,55.943],[-5.578,56.097],[-5.531,56.087],[-5.56,56.131],[-5.51,56.188],[-5.607,56.141],[-5.492,56.261],[-5.593,56.25],[-5.564,56.342],[-5.449,56.36],[-5.539,56.36],[-5.456,56.441],[-5.207,56.446],[-5.063,56.565],[-5.2,56.462],[-5.377,56.458],[-5.409,56.504],[-5.47,56.475],[-5.427,56.538],[-5.243,56.565],[-5.413,56.544],[-5.319,56.661],[-4.995,56.716],[-5.24,56.716],[-5.121,56.818],[-5.675,56.497],[-5.769,56.538],[-5.747,56.571],[-5.855,56.551],[-6.007,56.642],[-5.837,56.627],[-5.866,56.661],[-5.758,56.701],[-5.542,56.696],[-6.161,56.678],[-6.237,56.72],[-5.758,56.784],[-5.852,56.83],[-5.661,56.874],[-5.92,56.894],[-5.852,56.901],[-5.881,56.922],[-5.816,57.01],[-5.524,56.997],[-5.791,57.059],[-5.715,57.12],[-5.402,57.107],[-5.683,57.157],[-5.578,57.267],[-5.405,57.23],[-5.503,57.277],[-5.441,57.319],[-5.578,57.277],[-5.729,57.297],[-5.449,57.422],[-5.564,57.363],[-5.639,57.373],[-5.625,57.417],[-5.809,57.355],[-5.812,57.443],[-5.873,57.493],[-5.837,57.579],[-5.65,57.512],[-5.513,57.542],[-5.661,57.544],[-5.805,57.642],[-5.791,57.696],[-5.675,57.709],[-5.805,57.743],[-5.812,57.833],[-5.697,57.87],[-5.607,57.77],[-5.585,57.831],[-5.654,57.895],[-5.614,57.929],[-5.488,57.856],[-5.416,57.909],[-5.222,57.846],[-5.395,57.919],[-5.366,57.942],[-5.071,57.833],[-5.222,57.922],[-5.204,57.961],[-5.427,58.032],[-5.449,58.084],[-5.301,58.071],[-5.297,58.135],[-5.243,58.148],[-5.391,58.262],[-5.128,58.272],[-4.934,58.223],[-4.981,58.251],[-4.927,58.265],[-5.049,58.26],[-5.171,58.346],[-5.143,58.415],[-5.017,58.388],[-5.099,58.415],[-4.995,58.437],[-5.107,58.506],[-5.027,58.544],[-4.988,58.628],[-4.837,58.604],[-4.819,58.525],[-4.775,58.608],[-4.66,58.555],[-4.761,58.447],[-4.559,58.581],[-4.426,58.547],[-4.495,58.449],[-4.343,58.538],[-4.235,58.525],[-4.03,58.596],[-3.897,58.565],[-3.598,58.628],[-3.364,58.601],[-3.415,58.655],[-3.375,58.677],[-3.019,58.64],[-3.13,58.513],[-3.055,58.466],[-3.13,58.37],[-4.001,57.936],[-4.084,57.964],[-3.987,57.909],[-4.009,57.868],[-4.3,57.863],[-4.394,57.909],[-4.307,57.851],[-4.041,57.817],[-3.778,57.856],[-3.987,57.696],[-4.045,57.738],[-4.293,57.681],[-4.43,57.578],[-4.203,57.676],[-4.009,57.689],[-4.106,57.579],[-4.264,57.552],[-4.207,57.539],[-4.25,57.498],[-4.034,57.557],[-4.084,57.586],[-3.591,57.642],[-3.613,57.669],[-3.407,57.723],[-3.08,57.669],[-1.996,57.703],[-1.831,57.613],[-1.759,57.473],[-1.982,57.319],[-2.075,57.154],[-2.05,57.118],[-2.187,56.985],[-2.191,56.909],[-2.425,56.752],[-2.515,56.592],[-2.738,56.467],[-3.062,56.451],[-3.325,56.365],[-2.885,56.458],[-2.803,56.428],[-2.839,56.365],[-2.576,56.277],[-2.785,56.191],[-2.965,56.205],[-3.177,56.058],[-3.343,56.028],[-3.836,56.107],[-3.667,56.012],[-3.08,55.946],[-2.939,55.97],[-2.824,56.06],[-2.633,56.058],[-2.583,56.002],[-2.137,55.914],[-1.823,55.636],[-1.633,55.585],[-1.517,55.158],[-1.363,54.965],[-1.276,54.748],[-1.172,54.702],[-1.201,54.621],[-1.139,54.646],[-0.563,54.477],[-0.369,54.248],[-0.074,54.113],[-0.218,54.023],[-0.149,53.9],[0.135,53.643],[0.139,53.577],[0.056,53.642],[-0.113,53.638],[-0.261,53.736],[-0.725,53.701],[-0.279,53.707],[0.247,53.392],[0.344,53.226],[0.337,53.093],[0.009,52.887],[0.106,52.89],[0.247,52.796],[0.383,52.769],[0.484,52.934],[0.571,52.97],[1.276,52.929],[1.643,52.775],[1.748,52.625],[1.769,52.487],[1.629,52.27],[1.582,52.081],[1.471,52.056],[1.334,51.94],[1.157,52.029],[1.276,51.961],[1.067,51.953],[1.283,51.946],[1.201,51.877],[1.287,51.882],[1.276,51.845],[1.064,51.776],[0.981,51.843],[0.873,51.747],[0.7,51.72],[0.761,51.693],[0.931,51.744],[0.923,51.588],[0.772,51.527],[0.455,51.506],[0.383,51.453],[0.697,51.477],[0.715,51.441],[0.556,51.413],[0.715,51.384],[0.725,51.419],[0.765,51.364],[0.977,51.349],[1.449,51.382],[1.377,51.327],[1.413,51.222],[1.384,51.151],[1.067,51.065],[0.967,50.982],[0.981,50.918],[0.761,50.931],[0.625,50.859],[0.365,50.818],[0.272,50.747],[-0.268,50.832],[-0.758,50.778],[-0.79,50.73],[-0.913,50.778],[-0.862,50.808],[-0.938,50.844],[-1.021,50.844],[-1.082,50.781],[-1.067,50.844],[-1.165,50.844],[-1.125,50.818],[-1.15,50.781],[-1.467,50.918],[-1.316,50.8],[-1.561,50.719],[-1.694,50.741],[-1.939,50.692],[-2.039,50.741],[-2.083,50.698],[-1.953,50.676],[-1.964,50.602],[-2.399,50.646],[-2.461,50.607],[-2.453,50.528],[-2.482,50.59],[-2.864,50.734],[-3.26,50.675],[-3.368,50.617],[-3.465,50.678],[-3.433,50.611],[-3.505,50.521],[-3.487,50.459],[-3.555,50.432],[-3.487,50.405],[-3.631,50.312],[-3.659,50.221],[-3.789,50.212],[-3.962,50.322],[-4.055,50.3],[-4.106,50.371],[-4.167,50.376],[-4.16,50.459],[-4.199,50.459],[-4.228,50.398],[-4.289,50.398],[-4.192,50.378],[-4.228,50.371],[-4.192,50.322],[-4.336,50.371],[-4.667,50.315],[-4.693,50.344],[-4.765,50.322],[-4.79,50.236],[-5.002,50.145],[-5.053,50.195],[-5.042,50.145],[-5.125,50.096],[-5.056,50.06],[-5.189,49.959],[-5.305,50.08],[-5.474,50.131],[-5.578,50.055],[-5.704,50.052],[-5.686,50.161],[-5.315,50.254],[-5.15,50.351],[-5.153,50.4],[-5.049,50.428],[-5.017,50.538],[-4.948,50.562],[-4.934,50.519],[-4.844,50.514],[-4.919,50.589],[-4.793,50.595],[-4.577,50.774],[-4.527,51.014],[-4.318,51.001],[-4.207,51.077],[-4.257,51.151],[-4.214,51.151],[-4.228,51.193],[-3.785,51.247],[-3.386,51.186],[-3.022,51.193],[-3.022,51.323],[-2.975,51.384],[-2.695,51.512],[-2.385,51.774],[-2.666,51.617]]],[[[-1.082,50.714],[-1.064,50.685],[-1.157,50.651],[-1.168,50.604],[-1.28,50.582],[-1.496,50.673],[-1.568,50.658],[-1.319,50.773],[-1.082,50.714]]],[[[-0.959,50.808],[-0.959,50.801],[-0.956,50.798],[-0.945,50.791],[-0.938,50.788],[-0.938,50.781],[-1.021,50.788],[-1.021,50.795],[-0.999,50.801],[-0.974,50.83],[-0.959,50.83],[-0.949,50.823],[-0.949,50.818],[-0.952,50.813],[-0.959,50.808]]],[[[0.913,51.413],[0.938,51.37],[0.733,51.413],[0.769,51.448],[0.913,51.413]]],[[[-4.577,53.272],[-4.563,53.241],[-4.693,53.309],[-4.628,53.321],[-4.577,53.272]]],[[[-4.099,53.309],[-4.045,53.302],[-4.221,53.182],[-4.408,53.13],[-4.387,53.182],[-4.495,53.181],[-4.57,53.275],[-4.57,53.393],[-4.325,53.419],[-4.203,53.299],[-4.099,53.309]]],[[[-6.237,55.312],[-6.172,55.293],[-6.194,55.263],[-6.284,55.296],[-6.237,55.312]]],[[[-5.071,55.509],[-5.117,55.44],[-5.305,55.462],[-5.395,55.646],[-5.297,55.724],[-5.197,55.705],[-5.096,55.567],[-5.121,55.524],[-5.071,55.509]]],[[[-5.031,55.749],[-5.114,55.784],[-5.2,55.911],[-5.081,55.879],[-5.02,55.806],[-5.031,55.749]]],[[[-6.032,55.729],[-6.057,55.659],[-6.287,55.578],[-6.32,55.629],[-6.244,55.659],[-6.323,55.715],[-6.251,55.778],[-6.327,55.783],[-6.503,55.681],[-6.446,55.849],[-6.331,55.891],[-6.313,55.818],[-6.298,55.867],[-6.14,55.941],[-6.032,55.729]]],[[[-6.205,56.104],[-6.133,56.112],[-6.176,56.044],[-6.269,56.038],[-6.205,56.104]]],[[[-5.798,56.112],[-5.715,56.153],[-5.686,56.124],[-5.963,55.805],[-6.061,55.81],[-6.075,55.916],[-5.888,55.977],[-5.996,55.985],[-5.798,56.112]]],[[[-5.69,56.201],[-5.683,56.195],[-5.672,56.18],[-5.693,56.169],[-5.726,56.163],[-5.747,56.161],[-5.737,56.178],[-5.722,56.186],[-5.69,56.201]]],[[[-5.632,56.264],[-5.629,56.261],[-5.621,56.257],[-5.618,56.259],[-5.614,56.264],[-5.611,56.249],[-5.618,56.235],[-5.629,56.22],[-5.636,56.19],[-5.647,56.195],[-5.668,56.222],[-5.657,56.232],[-5.647,56.256],[-5.632,56.264]]],[[[-5.632,56.318],[-5.621,56.325],[-5.596,56.321],[-5.585,56.326],[-5.589,56.313],[-5.6,56.306],[-5.607,56.298],[-5.6,56.284],[-5.621,56.276],[-5.639,56.283],[-5.647,56.299],[-5.632,56.318]]],[[[-5.557,56.414],[-5.528,56.414],[-5.513,56.416],[-5.503,56.421],[-5.517,56.404],[-5.535,56.392],[-5.557,56.387],[-5.585,56.387],[-5.578,56.396],[-5.575,56.402],[-5.557,56.414]]],[[[-6.161,56.47],[-6.212,56.468],[-6.237,56.47],[-6.262,56.483],[-6.251,56.494],[-6.241,56.5],[-6.23,56.504],[-6.215,56.504],[-6.201,56.495],[-6.172,56.482],[-6.161,56.47]]],[[[-6.82,56.538],[-6.73,56.531],[-6.881,56.445],[-6.989,56.504],[-6.82,56.538]]],[[[-5.69,56.434],[-5.657,56.401],[-5.744,56.414],[-5.783,56.365],[-5.704,56.365],[-5.848,56.313],[-5.873,56.359],[-6.28,56.264],[-6.367,56.321],[-6.309,56.347],[-6.248,56.311],[-6.021,56.382],[-6.205,56.38],[-6.01,56.47],[-6.017,56.504],[-6.129,56.475],[-6.338,56.553],[-6.291,56.571],[-6.323,56.607],[-6.151,56.652],[-6.057,56.641],[-5.963,56.526],[-5.794,56.517],[-5.647,56.448],[-5.69,56.434]]],[[[-6.46,56.678],[-6.467,56.668],[-6.482,56.647],[-6.489,56.641],[-6.496,56.634],[-6.503,56.63],[-6.514,56.627],[-6.529,56.627],[-6.565,56.598],[-6.615,56.575],[-6.633,56.571],[-6.658,56.578],[-6.669,56.578],[-6.673,56.568],[-6.676,56.558],[-6.687,56.565],[-6.698,56.576],[-6.701,56.586],[-6.676,56.588],[-6.647,56.603],[-6.604,56.644],[-6.59,56.652],[-6.557,56.666],[-6.536,56.671],[-6.507,56.686],[-6.489,56.689],[-6.464,56.691],[-6.453,56.688],[-6.46,56.678]]],[[[-7.393,57.01],[-7.375,56.983],[-7.461,56.943],[-7.558,56.953],[-7.45,57.059],[-7.393,57.01]]],[[[-6.323,57.059],[-6.251,57.027],[-6.277,56.953],[-6.457,57.004],[-6.323,57.059]]],[[[-6.608,57.053],[-6.59,57.059],[-6.557,57.069],[-6.536,57.073],[-6.525,57.068],[-6.5,57.064],[-6.489,57.059],[-6.514,57.051],[-6.547,57.047],[-6.579,57.049],[-6.608,57.053]]],[[[-5.96,57.284],[-5.985,57.291],[-6.007,57.304],[-6.014,57.318],[-5.989,57.326],[-5.956,57.321],[-5.931,57.307],[-5.924,57.292],[-5.96,57.284]]],[[[-7.245,57.326],[-7.195,57.306],[-7.256,57.237],[-7.353,57.243],[-7.27,57.216],[-7.259,57.161],[-7.346,57.149],[-7.216,57.113],[-7.353,57.1],[-7.454,57.237],[-7.389,57.313],[-7.429,57.387],[-7.353,57.409],[-7.223,57.34],[-7.393,57.38],[-7.371,57.355],[-7.245,57.326]]],[[[-7.263,57.483],[-7.202,57.463],[-7.263,57.449],[-7.205,57.419],[-7.407,57.446],[-7.371,57.49],[-7.263,57.483]]],[[[-6.064,57.346],[-6.068,57.436],[-5.999,57.51],[-5.989,57.348],[-6.064,57.346]]],[[[-5.967,57.519],[-5.985,57.522],[-5.989,57.534],[-5.989,57.546],[-5.974,57.559],[-5.981,57.561],[-5.981,57.562],[-5.981,57.566],[-5.974,57.573],[-5.967,57.576],[-5.963,57.578],[-5.956,57.573],[-5.967,57.534],[-5.967,57.519]]],[[[-7.13,57.654],[-7.065,57.633],[-7.216,57.633],[-7.105,57.593],[-7.126,57.571],[-7.313,57.552],[-7.137,57.546],[-7.159,57.512],[-7.306,57.512],[-7.346,57.544],[-7.317,57.552],[-7.544,57.593],[-7.475,57.662],[-7.396,57.635],[-7.313,57.689],[-7.331,57.662],[-7.18,57.689],[-7.187,57.655],[-7.13,57.654]]],[[[-6.565,57.346],[-6.694,57.365],[-6.784,57.456],[-6.723,57.456],[-6.716,57.513],[-6.608,57.444],[-6.633,57.498],[-6.565,57.503],[-6.655,57.552],[-6.64,57.608],[-6.313,57.463],[-6.417,57.645],[-6.313,57.703],[-6.154,57.589],[-6.133,57.476],[-6.187,57.394],[-6.125,57.409],[-6.1,57.333],[-6.154,57.306],[-5.888,57.242],[-5.647,57.265],[-5.69,57.189],[-6.007,57.029],[-5.989,57.118],[-5.845,57.188],[-5.985,57.174],[-6.043,57.23],[-6.025,57.196],[-6.089,57.127],[-6.125,57.196],[-6.32,57.161],[-6.277,57.203],[-6.345,57.188],[-6.381,57.223],[-6.345,57.243],[-6.482,57.313],[-6.323,57.311],[-6.464,57.346],[-6.475,57.4],[-6.525,57.38],[-6.532,57.416],[-6.565,57.346]]],[[[-7.223,57.709],[-7.18,57.735],[-7.162,57.736],[-7.151,57.726],[-7.169,57.714],[-7.198,57.708],[-7.223,57.709]]],[[[-8.62,57.833],[-8.606,57.826],[-8.57,57.824],[-8.552,57.819],[-8.57,57.807],[-8.591,57.804],[-8.609,57.812],[-8.62,57.833]]],[[[-7.043,57.902],[-7.047,57.89],[-7.054,57.885],[-7.065,57.882],[-7.079,57.88],[-7.076,57.888],[-7.076,57.89],[-7.079,57.892],[-7.079,57.895],[-7.036,57.917],[-7.015,57.922],[-6.997,57.915],[-6.997,57.893],[-7.007,57.89],[-7.043,57.902]]],[[[-6.874,58.216],[-6.863,58.216],[-6.86,58.216],[-6.86,58.223],[-6.871,58.226],[-6.881,58.236],[-6.885,58.248],[-6.881,58.258],[-6.86,58.253],[-6.827,58.235],[-6.82,58.238],[-6.809,58.233],[-6.802,58.226],[-6.795,58.219],[-6.791,58.209],[-6.874,58.209],[-6.874,58.216]]],[[[-6.953,57.743],[-7.126,57.838],[-7.079,57.812],[-6.914,57.868],[-6.964,57.895],[-6.831,57.902],[-6.867,57.922],[-6.838,57.936],[-7.112,57.99],[-6.935,58.052],[-7.058,58.039],[-7.025,58.079],[-7.112,58.099],[-7.112,58.182],[-7.018,58.189],[-7.058,58.213],[-7.033,58.245],[-6.907,58.216],[-6.932,58.197],[-6.86,58.106],[-6.871,58.189],[-6.709,58.189],[-6.82,58.285],[-6.223,58.5],[-6.165,58.42],[-6.215,58.368],[-6.169,58.346],[-6.367,58.238],[-6.269,58.216],[-6.151,58.258],[-6.161,58.216],[-6.233,58.184],[-6.399,58.209],[-6.374,58.142],[-6.619,58.086],[-6.406,58.106],[-6.367,58.059],[-6.399,58.045],[-6.352,58.039],[-6.547,58.017],[-6.457,57.976],[-6.536,57.922],[-6.662,57.929],[-6.709,58.003],[-6.593,58.059],[-6.687,58.059],[-6.763,58.003],[-6.662,57.88],[-6.788,57.898],[-6.741,57.831],[-6.853,57.833],[-6.953,57.743]]],[[[-2.954,58.841],[-2.885,58.832],[-2.939,58.731],[-3.015,58.812],[-2.968,58.82],[-3.037,58.82],[-2.954,58.841]]],[[[-3.249,58.792],[-3.13,58.807],[-3.299,58.78],[-3.433,58.885],[-3.35,58.929],[-3.245,58.896],[-3.173,58.82],[-3.249,58.792]]],[[[-2.727,58.971],[-2.705,58.932],[-2.824,58.881],[-2.983,58.961],[-3.202,58.917],[-3.227,59.038],[-3.289,58.95],[-3.368,59.016],[-3.325,59.128],[-3.184,59.146],[-2.993,59.074],[-3.116,58.998],[-2.781,58.991],[-2.839,58.95],[-2.795,58.927],[-2.727,58.971]]],[[[-2.543,59.121],[-2.515,59.094],[-2.687,59.089],[-2.623,59.116],[-2.666,59.155],[-2.543,59.121]]],[[[-3.004,59.128],[-3.037,59.129],[-3.065,59.133],[-3.091,59.143],[-3.116,59.158],[-3.119,59.177],[-3.101,59.19],[-3.073,59.197],[-3.047,59.197],[-3.047,59.195],[-3.047,59.19],[-3.044,59.187],[-3.037,59.184],[-3.029,59.182],[-3.022,59.182],[-2.979,59.187],[-2.968,59.187],[-2.954,59.184],[-2.954,59.178],[-2.954,59.177],[-2.957,59.177],[-2.961,59.175],[-2.975,59.163],[-2.975,59.148],[-2.975,59.135],[-3.004,59.128]]],[[[-2.831,59.197],[-2.817,59.192],[-2.806,59.192],[-2.799,59.195],[-2.785,59.197],[-2.785,59.2],[-2.792,59.217],[-2.788,59.224],[-2.792,59.238],[-2.788,59.248],[-2.777,59.253],[-2.759,59.253],[-2.759,59.244],[-2.77,59.244],[-2.77,59.238],[-2.756,59.239],[-2.745,59.238],[-2.734,59.234],[-2.727,59.224],[-2.734,59.216],[-2.756,59.199],[-2.759,59.194],[-2.759,59.177],[-2.759,59.165],[-2.752,59.156],[-2.734,59.155],[-2.734,59.148],[-2.763,59.143],[-2.781,59.141],[-2.788,59.145],[-2.792,59.158],[-2.803,59.168],[-2.813,59.173],[-2.831,59.175],[-2.831,59.197]]],[[[-2.446,59.293],[-2.41,59.319],[-2.392,59.285],[-2.691,59.192],[-2.594,59.265],[-2.612,59.293],[-2.446,59.293]]],[[[-3.047,59.32],[-3.076,59.334],[-2.965,59.361],[-2.986,59.32],[-2.831,59.253],[-2.885,59.231],[-2.871,59.258],[-3.008,59.271],[-3.047,59.32]]],[[[-1.651,59.53],[-1.643,59.545],[-1.625,59.555],[-1.604,59.56],[-1.582,59.56],[-1.582,59.555],[-1.582,59.553],[-1.586,59.553],[-1.589,59.553],[-1.604,59.552],[-1.607,59.547],[-1.611,59.54],[-1.597,59.54],[-1.597,59.531],[-1.615,59.526],[-1.633,59.516],[-1.647,59.514],[-1.651,59.53]]],[[[-0.783,60.615],[-0.761,60.588],[-0.884,60.57],[-0.938,60.629],[-0.783,60.615]]],[[[-1.096,60.416],[-1.035,60.45],[-1.125,60.384],[-1.067,60.396],[-1.071,60.359],[-1.172,60.347],[-1.075,60.322],[-1.139,60.291],[-1.089,60.273],[-1.219,60.239],[-1.157,60.225],[-1.193,60.176],[-1.154,60.193],[-1.125,60.149],[-1.201,60.129],[-1.165,60.06],[-1.219,60.04],[-1.201,59.986],[-1.247,59.997],[-1.276,59.854],[-1.377,59.908],[-1.262,60.116],[-1.269,60.185],[-1.312,60.181],[-1.269,60.246],[-1.33,60.205],[-1.409,60.259],[-1.348,60.212],[-1.456,60.156],[-1.528,60.193],[-1.467,60.217],[-1.503,60.244],[-1.625,60.217],[-1.69,60.284],[-1.481,60.317],[-1.46,60.279],[-1.424,60.327],[-1.363,60.286],[-1.345,60.347],[-1.262,60.355],[-1.395,60.389],[-1.445,60.492],[-1.481,60.457],[-1.611,60.484],[-1.528,60.556],[-1.384,60.512],[-1.481,60.539],[-1.42,60.609],[-1.316,60.593],[-1.301,60.642],[-1.337,60.485],[-1.294,60.492],[-1.37,60.403],[-1.233,60.443],[-1.294,60.472],[-1.219,60.497],[-1.15,60.431],[-1.226,60.411],[-1.096,60.416]]],[[[-0.988,60.698],[-0.992,60.636],[-1.064,60.663],[-1.013,60.615],[-1.067,60.615],[-1.01,60.578],[-1.024,60.502],[-1.154,60.509],[-1.179,60.624],[-1.103,60.615],[-1.114,60.715],[-0.992,60.732],[-0.988,60.698]]],[[[-0.905,60.685],[-0.967,60.69],[-0.938,60.799],[-0.88,60.845],[-0.887,60.789],[-0.823,60.848],[-0.772,60.833],[-0.851,60.718],[-0.823,60.685],[-0.905,60.685]]],[[[-6.298,49.935],[-6.291,49.932],[-6.284,49.923],[-6.287,49.913],[-6.298,49.91],[-6.309,49.913],[-6.309,49.927],[-6.298,49.935]]],[[[-6.334,49.96],[-6.327,49.957],[-6.327,49.949],[-6.334,49.942],[-6.341,49.945],[-6.349,49.955],[-6.349,49.964],[-6.341,49.964],[-6.338,49.96],[-6.334,49.96]]],[[[-4.664,51.183],[-4.664,51.176],[-4.664,51.164],[-4.671,51.159],[-4.678,51.168],[-4.678,51.181],[-4.675,51.193],[-4.671,51.195],[-4.667,51.188],[-4.664,51.183]]],[[[-13.689,57.596],[-13.693,57.596],[-13.693,57.598],[-13.689,57.598],[-13.689,57.596]]],[[[-1.316,60.094],[-1.309,60.094],[-1.305,60.087],[-1.309,60.077],[-1.319,60.067],[-1.327,60.051],[-1.334,60.043],[-1.337,60.045],[-1.337,60.051],[-1.334,60.062],[-1.334,60.073],[-1.334,60.077],[-1.337,60.07],[-1.337,60.063],[-1.355,60.051],[-1.366,60.045],[-1.37,60.05],[-1.355,60.058],[-1.352,60.07],[-1.348,60.084],[-1.337,60.094],[-1.341,60.1],[-1.348,60.104],[-1.345,60.109],[-1.327,60.112],[-1.319,60.116],[-1.316,60.116],[-1.316,60.107],[-1.323,60.094],[-1.323,60.089],[-1.316,60.094]]],[[[-2.054,60.156],[-2.05,60.148],[-2.047,60.129],[-2.065,60.117],[-2.086,60.124],[-2.104,60.132],[-2.111,60.138],[-2.111,60.146],[-2.104,60.149],[-2.086,60.156],[-2.065,60.158],[-2.054,60.156]]],[[[-1.064,60.165],[-1.049,60.17],[-1.049,60.163],[-1.053,60.148],[-1.06,60.138],[-1.067,60.129],[-1.075,60.107],[-1.085,60.105],[-1.114,60.116],[-1.121,60.122],[-1.118,60.156],[-1.136,60.168],[-1.136,60.178],[-1.114,60.18],[-1.096,60.176],[-1.089,60.178],[-1.085,60.187],[-1.078,60.188],[-1.075,60.183],[-1.075,60.173],[-1.071,60.165],[-1.064,60.165]]],[[[-0.92,60.386],[-0.913,60.387],[-0.913,60.382],[-0.916,60.377],[-0.931,60.369],[-0.949,60.355],[-0.977,60.34],[-1.013,60.333],[-1.035,60.34],[-1.028,60.345],[-1.024,60.349],[-1.021,60.354],[-1.017,60.362],[-1.006,60.369],[-0.995,60.372],[-0.985,60.372],[-0.974,60.376],[-0.967,60.381],[-0.931,60.382],[-0.923,60.384],[-0.92,60.386]]]]}},{"type":"Feature","properties":{"kind":"country","iso":"GR","region":"","name":"Greece"},"geometry":{"type":"MultiPolygon","coordinates":[[[[20.965,40.849],[21.296,40.861],[21.429,40.91],[21.58,40.866],[21.764,40.923],[21.908,41.097],[22.048,41.151],[22.57,41.119],[22.646,41.18],[22.704,41.139],[22.779,41.335],[23.157,41.317],[23.269,41.398],[23.611,41.371],[23.895,41.464],[24.036,41.452],[24.046,41.526],[24.169,41.511],[24.234,41.562],[24.295,41.516],[24.511,41.562],[24.579,41.44],[24.774,41.349],[24.885,41.401],[25.285,41.239],[25.551,41.315],[25.681,41.296],[25.81,41.34],[25.882,41.305],[26.12,41.357],[26.178,41.44],[26.163,41.529],[26.048,41.69],[26.21,41.751],[26.595,41.612],[26.635,41.399],[26.61,41.33],[26.541,41.352],[26.322,41.246],[26.358,40.965],[26.224,40.9],[26.08,40.736],[26.005,40.803],[26.055,40.83],[25.537,40.871],[25.299,40.952],[25.18,40.943],[25.137,41.009],[25.04,41.006],[24.802,40.854],[24.63,40.859],[24.568,40.952],[24.417,40.945],[24.313,40.879],[24.342,40.832],[24.111,40.727],[23.841,40.783],[23.733,40.753],[23.701,40.673],[23.917,40.53],[23.823,40.506],[23.866,40.413],[24.003,40.386],[24.01,40.449],[24.385,40.179],[24.298,40.128],[24.169,40.275],[23.924,40.369],[23.73,40.359],[23.715,40.255],[23.992,40.119],[23.992,39.954],[23.827,40.008],[23.676,40.217],[23.438,40.28],[23.341,40.228],[23.362,40.15],[23.748,39.93],[23.359,39.961],[23.38,40.003],[23.305,40.104],[23.298,40.236],[22.887,40.386],[22.822,40.503],[22.984,40.553],[22.909,40.645],[22.736,40.515],[22.578,40.469],[22.66,40.369],[22.552,40.167],[22.57,40.054],[22.711,39.957],[22.729,39.885],[22.851,39.79],[22.941,39.581],[23.103,39.498],[23.344,39.179],[23.204,39.105],[23.053,39.098],[23.082,39.147],[23.114,39.159],[23.1,39.105],[23.218,39.179],[23.136,39.297],[22.938,39.361],[22.941,39.304],[22.844,39.289],[22.826,39.221],[22.999,39.069],[22.963,39.008],[23.074,39.037],[22.794,38.878],[22.614,38.914],[22.524,38.858],[22.704,38.851],[22.866,38.755],[23.042,38.747],[23.103,38.639],[23.186,38.686],[23.305,38.652],[23.337,38.617],[23.287,38.556],[23.38,38.536],[23.334,38.503],[23.568,38.502],[23.672,38.357],[23.949,38.291],[24.079,38.166],[23.989,38.122],[24.046,37.906],[24.01,37.892],[24.086,37.801],[24.032,37.651],[23.949,37.678],[23.866,37.808],[23.78,37.803],[23.697,37.94],[23.56,37.973],[23.575,38.048],[23.409,37.975],[23.017,37.926],[22.995,37.882],[23.182,37.809],[23.121,37.74],[23.175,37.72],[23.168,37.614],[23.337,37.536],[23.359,37.575],[23.312,37.617],[23.398,37.637],[23.395,37.516],[23.524,37.44],[23.262,37.401],[23.229,37.376],[23.28,37.35],[23.168,37.3],[23.074,37.355],[23.132,37.448],[23.046,37.487],[23.006,37.46],[22.923,37.541],[22.855,37.516],[22.779,37.597],[22.725,37.566],[22.758,37.397],[22.912,37.183],[22.902,37.121],[22.981,37.083],[22.992,36.982],[23.114,36.781],[23.024,36.715],[23.06,36.693],[23.035,36.649],[23.154,36.541],[23.197,36.433],[23.096,36.443],[23.053,36.523],[22.974,36.519],[22.884,36.655],[22.819,36.665],[22.786,36.793],[22.686,36.81],[22.578,36.783],[22.524,36.685],[22.552,36.651],[22.524,36.671],[22.527,36.612],[22.484,36.607],[22.491,36.391],[22.47,36.452],[22.354,36.513],[22.387,36.707],[22.221,36.898],[22.138,36.918],[22.153,37.021],[21.944,36.994],[21.922,36.864],[21.969,36.795],[21.883,36.727],[21.822,36.808],[21.706,36.818],[21.71,36.943],[21.598,37.046],[21.566,37.156],[21.681,37.284],[21.674,37.396],[21.552,37.561],[21.4,37.656],[21.314,37.637],[21.285,37.786],[21.105,37.879],[21.134,37.946],[21.325,38.022],[21.285,38.015],[21.368,38.122],[21.375,38.22],[21.624,38.154],[21.85,38.341],[22.02,38.313],[22.218,38.188],[22.682,38.066],[22.866,37.94],[22.974,37.973],[22.855,38.036],[22.884,38.054],[23.172,38.08],[23.218,38.103],[23.175,38.146],[23.222,38.159],[23.121,38.208],[22.804,38.227],[22.765,38.249],[22.797,38.282],[22.696,38.316],[22.646,38.39],[22.563,38.294],[22.401,38.453],[22.383,38.343],[22.225,38.36],[22.189,38.323],[21.958,38.412],[21.832,38.397],[21.764,38.328],[21.598,38.352],[21.519,38.296],[21.429,38.331],[21.49,38.309],[21.49,38.358],[21.422,38.363],[21.307,38.495],[21.336,38.395],[21.156,38.304],[21.084,38.343],[21.141,38.399],[21.08,38.421],[21.12,38.441],[21.098,38.525],[21.03,38.512],[20.986,38.664],[20.914,38.686],[20.86,38.804],[20.774,38.76],[20.731,38.809],[20.806,38.868],[20.756,38.907],[20.77,38.959],[20.817,38.921],[20.86,38.961],[20.868,38.926],[20.976,38.948],[21.084,38.865],[21.102,38.91],[21.174,38.873],[21.159,38.998],[21.084,39.062],[21.058,39.008],[20.9,39.078],[20.846,39.037],[20.821,39.115],[20.742,39.029],[20.832,38.964],[20.734,38.949],[20.688,39.073],[20.479,39.225],[20.482,39.282],[20.324,39.304],[20.238,39.4],[20.216,39.441],[20.266,39.447],[20.216,39.495],[20.263,39.508],[20.133,39.53],[20.184,39.625],[20,39.694],[20.184,39.637],[20.245,39.664],[20.299,39.728],[20.274,39.797],[20.396,39.819],[20.299,39.988],[20.378,39.995],[20.432,40.064],[20.648,40.094],[20.77,40.422],[20.839,40.472],[20.911,40.459],[21.015,40.548],[21.037,40.66],[20.943,40.765],[20.965,40.849]]],[[[24.129,34.854],[24.122,34.846],[24.122,34.836],[24.126,34.827],[24.136,34.822],[24.136,34.816],[24.108,34.817],[24.086,34.826],[24.046,34.849],[24.046,34.854],[24.057,34.856],[24.068,34.858],[24.075,34.863],[24.079,34.87],[24.093,34.87],[24.104,34.868],[24.129,34.863],[24.129,34.854]]],[[[26.977,35.432],[27.013,35.437],[27.006,35.398],[26.847,35.373],[26.977,35.432]]],[[[26.322,35.315],[26.268,35.26],[26.322,35.197],[26.278,35.099],[26.149,35.003],[25.983,35.039],[25.018,34.932],[24.738,34.932],[24.759,35.042],[24.72,35.094],[24.565,35.106],[24.403,35.191],[24.05,35.191],[23.827,35.253],[23.683,35.226],[23.517,35.294],[23.582,35.576],[23.604,35.613],[23.622,35.525],[23.704,35.503],[23.74,35.687],[23.816,35.535],[24.025,35.521],[24.093,35.554],[24.082,35.591],[24.183,35.586],[24.183,35.513],[24.072,35.498],[24.187,35.452],[24.252,35.479],[24.266,35.369],[24.342,35.348],[24.698,35.427],[24.972,35.425],[25.054,35.403],[25.076,35.344],[25.375,35.342],[25.454,35.294],[25.767,35.336],[25.713,35.174],[25.796,35.115],[26.059,35.233],[26.156,35.197],[26.322,35.315]]],[[[27.211,35.521],[27.232,35.472],[27.135,35.403],[27.092,35.452],[27.11,35.562],[27.067,35.589],[27.157,35.802],[27.222,35.829],[27.157,35.635],[27.211,35.521]]],[[[23.28,35.898],[23.298,35.886],[23.316,35.879],[23.33,35.864],[23.334,35.829],[23.326,35.829],[23.319,35.839],[23.294,35.859],[23.287,35.871],[23.28,35.883],[23.272,35.905],[23.276,35.905],[23.276,35.903],[23.276,35.901],[23.28,35.898]]],[[[23.013,36.308],[23.103,36.237],[23.053,36.145],[22.992,36.138],[22.909,36.205],[22.898,36.329],[22.945,36.389],[23.013,36.308]]],[[[25.735,36.383],[25.749,36.388],[25.76,36.396],[25.767,36.401],[25.803,36.389],[25.836,36.366],[25.854,36.364],[25.846,36.351],[25.839,36.352],[25.828,36.359],[25.818,36.364],[25.803,36.361],[25.789,36.357],[25.778,36.354],[25.749,36.359],[25.746,36.357],[25.742,36.359],[25.738,36.366],[25.731,36.373],[25.731,36.381],[25.735,36.383]]],[[[28.24,36.433],[28.165,36.237],[28.06,36.116],[28.089,36.055],[27.992,36.062],[27.826,35.913],[27.733,35.915],[27.758,36.084],[27.682,36.158],[27.898,36.34],[28.24,36.433]]],[[[25.382,36.479],[25.479,36.425],[25.465,36.342],[25.36,36.357],[25.436,36.391],[25.382,36.479]]],[[[27.398,36.438],[27.445,36.411],[27.416,36.381],[27.294,36.455],[27.355,36.479],[27.398,36.438]]],[[[26.361,36.638],[26.466,36.582],[26.3,36.513],[26.26,36.587],[26.404,36.59],[26.361,36.638]]],[[[27.87,36.59],[27.844,36.528],[27.762,36.575],[27.841,36.644],[27.816,36.611],[27.87,36.624],[27.87,36.59]]],[[[24.867,36.665],[24.946,36.624],[24.964,36.602],[24.964,36.597],[24.939,36.597],[24.921,36.602],[24.896,36.624],[24.878,36.633],[24.864,36.638],[24.849,36.648],[24.842,36.665],[24.86,36.666],[24.867,36.665]]],[[[25.144,36.72],[25.184,36.719],[25.184,36.717],[25.184,36.712],[25.184,36.707],[25.13,36.66],[25.094,36.636],[25.069,36.638],[25.105,36.7],[25.116,36.702],[25.137,36.717],[25.144,36.72]]],[[[21.764,36.754],[21.778,36.747],[21.782,36.736],[21.778,36.72],[21.778,36.7],[21.771,36.705],[21.768,36.709],[21.768,36.712],[21.764,36.72],[21.75,36.712],[21.757,36.741],[21.76,36.752],[21.764,36.754]]],[[[24.475,36.747],[24.532,36.768],[24.547,36.688],[24.327,36.651],[24.356,36.754],[24.428,36.7],[24.471,36.703],[24.41,36.761],[24.475,36.747]]],[[[24.644,36.79],[24.655,36.783],[24.666,36.774],[24.669,36.764],[24.658,36.751],[24.644,36.747],[24.63,36.758],[24.608,36.781],[24.622,36.795],[24.64,36.795],[24.644,36.793],[24.644,36.79]]],[[[25.274,36.72],[25.306,36.795],[25.411,36.712],[25.375,36.655],[25.274,36.72]]],[[[21.696,36.741],[21.696,36.776],[21.699,36.791],[21.71,36.801],[21.714,36.8],[21.717,36.796],[21.724,36.795],[21.728,36.795],[21.728,36.79],[21.724,36.786],[21.721,36.783],[21.717,36.781],[21.717,36.771],[21.71,36.761],[21.703,36.752],[21.696,36.741]]],[[[24.608,36.835],[24.608,36.828],[24.601,36.822],[24.572,36.781],[24.558,36.781],[24.54,36.785],[24.532,36.791],[24.529,36.803],[24.525,36.81],[24.522,36.817],[24.525,36.828],[24.532,36.837],[24.547,36.842],[24.561,36.845],[24.576,36.842],[24.579,36.839],[24.586,36.837],[24.594,36.837],[24.601,36.842],[24.601,36.84],[24.601,36.839],[24.604,36.837],[24.608,36.835]]],[[[25.422,36.832],[25.429,36.844],[25.447,36.857],[25.472,36.871],[25.479,36.871],[25.472,36.864],[25.476,36.862],[25.479,36.861],[25.479,36.835],[25.458,36.825],[25.436,36.823],[25.422,36.832]]],[[[27.279,36.908],[27.355,36.864],[27.132,36.761],[26.991,36.754],[26.973,36.678],[26.923,36.707],[26.926,36.766],[27.279,36.908]]],[[[25.609,36.884],[25.616,36.894],[25.623,36.899],[25.638,36.903],[25.648,36.911],[25.659,36.908],[25.684,36.891],[25.674,36.879],[25.656,36.879],[25.63,36.882],[25.609,36.884]]],[[[26.005,36.938],[26.073,36.893],[25.879,36.795],[25.738,36.795],[25.846,36.808],[25.846,36.85],[26.005,36.938]]],[[[25.08,36.953],[25.065,36.955],[25.047,36.969],[25.029,36.989],[25.026,37.007],[25.036,37.023],[25.054,37.034],[25.072,37.043],[25.087,37.041],[25.069,36.989],[25.062,36.974],[25.065,36.969],[25.072,36.964],[25.08,36.953]]],[[[24.705,37.034],[24.766,36.957],[24.709,36.904],[24.644,37.05],[24.705,37.034]]],[[[26.912,36.947],[26.955,37.028],[26.89,37.09],[27.045,36.996],[27.042,36.945],[26.912,36.947]]],[[[25.807,37.104],[25.807,37.099],[25.803,37.099],[25.8,37.095],[25.782,37.124],[25.796,37.124],[25.81,37.127],[25.836,37.137],[25.832,37.131],[25.828,37.124],[25.836,37.114],[25.843,37.11],[25.836,37.102],[25.828,37.097],[25.818,37.097],[25.807,37.104]]],[[[25.281,37.05],[25.188,36.985],[25.101,37.024],[25.238,37.153],[25.292,37.153],[25.281,37.05]]],[[[25.526,37.197],[25.587,37.161],[25.58,37.018],[25.45,36.918],[25.342,37.083],[25.526,37.197]]],[[[24.442,37.178],[24.522,37.203],[24.532,37.131],[24.421,37.124],[24.442,37.178]]],[[[23.128,37.288],[23.136,37.284],[23.15,37.278],[23.157,37.271],[23.161,37.264],[23.164,37.254],[23.161,37.244],[23.154,37.24],[23.132,37.244],[23.118,37.252],[23.11,37.264],[23.096,37.274],[23.1,37.281],[23.11,37.286],[23.118,37.288],[23.128,37.288]]],[[[23.586,37.37],[23.571,37.359],[23.546,37.35],[23.524,37.347],[23.506,37.35],[23.51,37.33],[23.496,37.32],[23.478,37.316],[23.452,37.316],[23.395,37.303],[23.373,37.303],[23.373,37.31],[23.463,37.357],[23.488,37.364],[23.532,37.364],[23.553,37.37],[23.586,37.37]]],[[[24.367,37.413],[24.435,37.487],[24.482,37.413],[24.367,37.31],[24.403,37.37],[24.367,37.413]]],[[[25.396,37.418],[25.306,37.413],[25.314,37.489],[25.461,37.47],[25.396,37.418]]],[[[24.943,37.436],[24.964,37.403],[24.882,37.364],[24.896,37.511],[24.939,37.5],[24.943,37.436]]],[[[23.478,37.556],[23.481,37.556],[23.485,37.555],[23.485,37.553],[23.485,37.549],[23.492,37.539],[23.499,37.533],[23.51,37.529],[23.524,37.527],[23.524,37.522],[23.506,37.512],[23.481,37.509],[23.456,37.512],[23.438,37.522],[23.438,37.527],[23.463,37.534],[23.474,37.541],[23.478,37.556]]],[[[25.09,37.583],[24.986,37.679],[25.26,37.59],[25.216,37.533],[25.09,37.583]]],[[[24.374,37.686],[24.396,37.625],[24.277,37.531],[24.288,37.646],[24.374,37.686]]],[[[26.361,37.686],[26.232,37.571],[25.976,37.516],[26.073,37.637],[26.361,37.686]]],[[[23.546,37.774],[23.564,37.769],[23.557,37.757],[23.546,37.745],[23.546,37.734],[23.532,37.725],[23.528,37.715],[23.532,37.703],[23.524,37.693],[23.517,37.688],[23.496,37.683],[23.485,37.679],[23.478,37.685],[23.47,37.688],[23.456,37.693],[23.456,37.7],[23.47,37.705],[23.467,37.715],[23.46,37.723],[23.445,37.727],[23.434,37.734],[23.427,37.747],[23.424,37.762],[23.427,37.769],[23.546,37.774]]],[[[27.049,37.727],[26.797,37.644],[26.718,37.712],[26.599,37.678],[26.581,37.74],[26.808,37.815],[26.966,37.747],[26.944,37.789],[27.067,37.774],[27.049,37.727]]],[[[20.9,37.793],[20.997,37.7],[20.893,37.734],[20.814,37.651],[20.619,37.865],[20.709,37.926],[20.742,37.862],[20.9,37.793]]],[[[24.993,37.769],[24.957,37.686],[24.716,37.879],[24.694,37.967],[24.781,38],[24.849,37.914],[24.954,37.906],[24.957,37.774],[24.993,37.769]]],[[[23.409,37.899],[23.499,37.967],[23.431,37.988],[23.532,37.995],[23.575,37.953],[23.517,37.899],[23.409,37.899]]],[[[20.734,38.063],[20.616,38.12],[20.511,38.11],[20.436,38.279],[20.425,38.176],[20.346,38.183],[20.4,38.363],[20.479,38.309],[20.529,38.338],[20.536,38.473],[20.626,38.352],[20.598,38.303],[20.63,38.259],[20.68,38.282],[20.799,38.132],[20.796,38.066],[20.734,38.063]]],[[[20.716,38.392],[20.763,38.323],[20.688,38.336],[20.619,38.482],[20.673,38.497],[20.709,38.446],[20.673,38.377],[20.716,38.392]]],[[[20.94,38.605],[20.918,38.579],[20.911,38.563],[20.907,38.549],[20.893,38.549],[20.893,38.556],[20.932,38.603],[20.94,38.605]]],[[[26.163,38.542],[26.124,38.488],[26.163,38.303],[26.113,38.284],[26.113,38.223],[26.008,38.157],[25.89,38.22],[25.875,38.276],[25.965,38.303],[25.99,38.379],[25.843,38.515],[25.85,38.581],[25.994,38.605],[26.163,38.542]]],[[[25.587,38.612],[25.623,38.579],[25.562,38.536],[25.522,38.598],[25.587,38.612]]],[[[20.587,38.618],[20.544,38.569],[20.601,38.782],[20.688,38.85],[20.731,38.782],[20.716,38.627],[20.648,38.585],[20.587,38.618]]],[[[24.676,38.809],[24.568,38.762],[24.532,38.796],[24.576,38.809],[24.558,38.846],[24.435,38.878],[24.46,38.968],[24.561,38.944],[24.579,38.875],[24.676,38.809]]],[[[24.586,38.159],[24.568,37.988],[24.489,37.96],[24.428,38.021],[24.37,37.972],[24.288,38.086],[24.205,38.09],[24.187,38.218],[24.126,38.218],[24.154,38.281],[24.108,38.257],[24.122,38.309],[24.025,38.331],[24.068,38.352],[24.043,38.402],[23.65,38.406],[23.593,38.453],[23.636,38.5],[23.614,38.558],[23.204,38.829],[22.97,38.888],[22.981,38.845],[22.833,38.823],[22.837,38.855],[23.128,39.005],[23.308,39.039],[23.593,38.77],[23.722,38.762],[23.859,38.682],[24.154,38.652],[24.126,38.598],[24.23,38.522],[24.183,38.439],[24.252,38.228],[24.345,38.159],[24.586,38.159]]],[[[23.438,39.147],[23.395,39.147],[23.47,39.214],[23.514,39.179],[23.438,39.147]]],[[[23.668,39.118],[23.586,39.208],[23.794,39.125],[23.715,39.078],[23.668,39.118]]],[[[20.14,39.241],[20.155,39.228],[20.173,39.218],[20.191,39.203],[20.202,39.179],[20.18,39.181],[20.169,39.182],[20.158,39.189],[20.137,39.209],[20.13,39.223],[20.126,39.236],[20.14,39.241]]],[[[23.935,39.221],[23.92,39.191],[23.895,39.162],[23.863,39.143],[23.834,39.147],[23.848,39.16],[23.859,39.169],[23.874,39.181],[23.888,39.218],[23.938,39.28],[23.956,39.289],[23.956,39.285],[23.956,39.282],[23.953,39.279],[23.949,39.275],[23.971,39.272],[23.967,39.252],[23.949,39.23],[23.935,39.221]]],[[[26.613,39.049],[26.538,39.019],[26.505,39.11],[26.455,39.111],[26.548,38.988],[26.422,38.968],[26.167,39.022],[26.088,39.083],[26.224,39.132],[26.293,39.177],[26.271,39.201],[26.174,39.196],[26.062,39.091],[25.89,39.145],[25.836,39.179],[25.843,39.228],[25.918,39.297],[26.163,39.324],[26.163,39.378],[26.343,39.383],[26.419,39.331],[26.383,39.277],[26.541,39.165],[26.613,39.049]]],[[[25.011,39.564],[25.047,39.545],[25.04,39.52],[24.993,39.468],[24.986,39.468],[24.975,39.515],[24.975,39.537],[24.997,39.55],[24.993,39.559],[24.997,39.562],[25.004,39.564],[25.011,39.564]]],[[[20.094,39.434],[20.104,39.365],[19.91,39.431],[19.827,39.572],[19.626,39.748],[19.852,39.824],[19.95,39.79],[19.842,39.704],[19.845,39.653],[19.928,39.625],[19.935,39.473],[20.094,39.434]]],[[[25.45,40.037],[25.45,39.988],[25.35,39.907],[25.35,39.789],[25.238,39.858],[25.281,39.89],[25.252,39.919],[25.177,39.844],[25.213,39.804],[25.144,39.817],[25.166,39.859],[25.047,39.837],[25.033,39.995],[25.224,40.008],[25.285,39.954],[25.45,40.037]]],[[[25.692,40.447],[25.566,40.4],[25.443,40.483],[25.576,40.515],[25.692,40.447]]],[[[24.788,40.736],[24.781,40.613],[24.644,40.57],[24.518,40.64],[24.532,40.719],[24.644,40.803],[24.788,40.736]]],[[[23.884,36.844],[23.888,36.839],[23.888,36.833],[23.884,36.832],[23.877,36.837],[23.877,36.844],[23.884,36.844]]],[[[23.46,36.921],[23.463,36.916],[23.467,36.906],[23.463,36.904],[23.456,36.906],[23.456,36.913],[23.456,36.915],[23.452,36.916],[23.452,36.921],[23.449,36.93],[23.456,36.928],[23.46,36.921]]],[[[27.567,36.244],[27.618,36.242],[27.618,36.237],[27.618,36.227],[27.614,36.219],[27.61,36.217],[27.603,36.217],[27.582,36.212],[27.567,36.215],[27.549,36.215],[27.531,36.212],[27.52,36.217],[27.517,36.231],[27.528,36.241],[27.535,36.242],[27.549,36.244],[27.567,36.244]]],[[[27.186,36.616],[27.196,36.607],[27.207,36.587],[27.196,36.568],[27.175,36.56],[27.16,36.56],[27.139,36.563],[27.128,36.57],[27.124,36.58],[27.139,36.6],[27.168,36.616],[27.186,36.616]]],[[[26.872,37.134],[26.887,37.105],[26.836,37.105],[26.772,37.183],[26.851,37.188],[26.872,37.134]]],[[[26.599,37.355],[26.548,37.327],[26.556,37.271],[26.538,37.372],[26.599,37.355]]],[[[24.738,37.614],[24.738,37.609],[24.741,37.595],[24.72,37.593],[24.673,37.6],[24.658,37.607],[24.676,37.61],[24.694,37.615],[24.705,37.625],[24.716,37.631],[24.734,37.632],[24.741,37.625],[24.738,37.614]]],[[[20.947,38.652],[20.95,38.649],[20.954,38.639],[20.943,38.627],[20.929,38.62],[20.914,38.613],[20.907,38.61],[20.896,38.606],[20.886,38.596],[20.878,38.585],[20.871,38.583],[20.868,38.593],[20.871,38.603],[20.889,38.628],[20.904,38.642],[20.922,38.649],[20.947,38.652]]],[[[20.799,38.666],[20.76,38.627],[20.799,38.595],[20.738,38.652],[20.799,38.666]]],[[[24.082,39.353],[24.09,39.349],[24.093,39.346],[24.093,39.329],[24.082,39.306],[24.064,39.297],[24.054,39.306],[24.054,39.312],[24.061,39.314],[24.057,39.319],[24.046,39.324],[24.043,39.331],[24.046,39.341],[24.05,39.351],[24.057,39.361],[24.068,39.363],[24.068,39.353],[24.068,39.346],[24.075,39.349],[24.082,39.353]]]]}},{"type":"Feature","properties":{"kind":"country","iso":"HR","region":"","name":"Croatia"},"geometry":{"type":"MultiPolygon","coordinates":[[[[16.515,46.502],[16.839,46.382],[17.052,46.153],[17.21,46.117],[17.318,45.997],[17.289,45.984],[17.592,45.937],[17.656,45.845],[17.858,45.771],[18.211,45.785],[18.412,45.742],[18.657,45.908],[18.776,45.883],[18.902,45.932],[18.873,45.894],[18.906,45.867],[18.844,45.815],[18.967,45.668],[18.902,45.574],[19.107,45.511],[19.01,45.499],[19.039,45.422],[18.978,45.395],[19.41,45.204],[19.226,45.162],[19.122,45.195],[19.136,45.146],[19.046,45.128],[19.086,44.978],[19.132,44.954],[18.992,44.915],[19.017,44.866],[18.891,44.861],[18.783,44.913],[18.79,45.006],[18.679,45.087],[18.549,45.094],[18.517,45.055],[18.24,45.158],[18.153,45.097],[18.002,45.15],[17.836,45.064],[17.685,45.163],[17.484,45.114],[17.444,45.162],[17.383,45.14],[17.268,45.19],[17.188,45.148],[16.947,45.236],[16.926,45.285],[16.81,45.182],[16.53,45.222],[16.317,45.001],[16.123,45.096],[16.022,45.214],[15.792,45.19],[15.73,44.927],[15.774,44.846],[15.727,44.77],[15.806,44.697],[15.889,44.724],[16.029,44.625],[16.008,44.54],[16.116,44.522],[16.137,44.378],[16.206,44.351],[16.216,44.208],[16.328,44.083],[16.501,43.993],[16.713,43.772],[17.062,43.527],[17.271,43.463],[17.289,43.304],[17.628,43.046],[17.635,42.951],[17.516,42.96],[17.469,43.014],[17.502,43.031],[17.433,43.017],[17.462,43.031],[17.426,43.064],[17.113,43.213],[16.882,43.405],[16.393,43.51],[16.458,43.546],[16.119,43.525],[16.173,43.49],[16.112,43.48],[15.961,43.503],[15.986,43.546],[15.925,43.559],[15.918,43.628],[15.968,43.642],[15.903,43.649],[15.954,43.65],[15.95,43.689],[15.705,43.763],[15.144,44.196],[15.14,44.282],[15.198,44.256],[15.198,44.302],[15.295,44.251],[15.262,44.332],[15.529,44.272],[15.309,44.354],[15.007,44.571],[14.884,44.724],[14.92,44.959],[14.852,45.094],[14.535,45.314],[14.542,45.283],[14.312,45.344],[14.236,45.155],[14.143,45.059],[14.164,44.996],[14.067,44.949],[14.042,45.038],[14.074,44.984],[13.974,44.902],[13.999,44.814],[13.891,44.834],[13.902,44.773],[13.786,44.874],[13.844,44.888],[13.794,44.895],[13.776,44.964],[13.624,45.074],[13.614,45.118],[13.725,45.135],[13.596,45.145],[13.574,45.307],[13.61,45.32],[13.542,45.346],[13.506,45.511],[13.891,45.423],[13.984,45.476],[13.974,45.514],[14.373,45.477],[14.582,45.668],[14.668,45.535],[14.798,45.466],[14.924,45.514],[15.14,45.43],[15.324,45.452],[15.363,45.482],[15.27,45.602],[15.374,45.639],[15.255,45.724],[15.45,45.815],[15.676,45.842],[15.698,46.036],[15.59,46.114],[15.64,46.208],[16.04,46.308],[16.058,46.377],[16.281,46.376],[16.234,46.494],[16.342,46.546],[16.515,46.502]]],[[[18.438,42.559],[18.495,42.416],[17.894,42.791],[17.721,42.826],[17.754,42.771],[17.214,42.983],[17.044,42.995],[17.001,43.051],[17.239,43.022],[17.743,42.84],[17.653,42.89],[17.811,42.911],[17.858,42.818],[17.995,42.74],[18.438,42.559]]],[[[16.857,42.784],[16.936,42.755],[16.821,42.737],[16.81,42.776],[16.857,42.784]]],[[[17.66,42.744],[17.678,42.73],[17.732,42.713],[17.75,42.695],[17.386,42.771],[17.376,42.76],[17.354,42.767],[17.336,42.781],[17.325,42.791],[17.343,42.794],[17.376,42.803],[17.394,42.801],[17.386,42.801],[17.383,42.798],[17.372,42.791],[17.383,42.792],[17.394,42.791],[17.404,42.789],[17.412,42.784],[17.419,42.791],[17.437,42.782],[17.487,42.782],[17.523,42.765],[17.574,42.757],[17.599,42.75],[17.595,42.749],[17.595,42.747],[17.592,42.744],[17.649,42.738],[17.66,42.744]]],[[[17.131,42.97],[17.199,42.923],[16.85,42.901],[16.656,42.926],[16.706,42.97],[16.63,42.983],[17.131,42.97]]],[[[16.242,43.073],[16.245,43.076],[16.249,43.08],[16.252,43.078],[16.256,43.068],[16.252,43.063],[16.245,43.058],[16.234,43.051],[16.224,43.041],[16.209,43.034],[16.123,43.014],[16.087,43.012],[16.062,43.017],[16.083,43.026],[16.087,43.041],[16.08,43.053],[16.069,43.051],[16.062,43.051],[16.047,43.064],[16.054,43.068],[16.058,43.069],[16.062,43.071],[16.069,43.073],[16.094,43.083],[16.13,43.088],[16.17,43.088],[16.198,43.08],[16.195,43.074],[16.191,43.073],[16.216,43.08],[16.227,43.078],[16.242,43.073]]],[[[16.692,43.127],[16.371,43.196],[16.584,43.189],[16.519,43.23],[16.562,43.23],[16.728,43.164],[17.192,43.127],[16.692,43.127]]],[[[16.501,43.284],[16.407,43.333],[16.454,43.353],[16.425,43.394],[16.893,43.313],[16.814,43.267],[16.501,43.284]]],[[[16.393,43.346],[16.375,43.333],[16.35,43.338],[16.281,43.37],[16.231,43.385],[16.206,43.387],[16.206,43.392],[16.209,43.394],[16.213,43.394],[16.202,43.4],[16.202,43.407],[16.206,43.412],[16.22,43.416],[16.278,43.412],[16.299,43.404],[16.303,43.387],[16.332,43.39],[16.35,43.378],[16.368,43.362],[16.393,43.346]]],[[[15.68,43.649],[15.741,43.628],[15.68,43.64],[15.673,43.637],[15.662,43.645],[15.619,43.669],[15.604,43.674],[15.612,43.682],[15.615,43.677],[15.619,43.676],[15.651,43.672],[15.662,43.665],[15.669,43.655],[15.68,43.649]]],[[[15.262,43.866],[15.266,43.856],[15.342,43.812],[15.356,43.801],[15.367,43.79],[15.396,43.772],[15.388,43.777],[15.327,43.795],[15.309,43.806],[15.288,43.826],[15.262,43.839],[15.248,43.85],[15.234,43.863],[15.226,43.875],[15.241,43.88],[15.262,43.866]]],[[[15.302,43.966],[15.262,44.012],[15.385,43.969],[15.446,43.887],[15.302,43.966]]],[[[15.255,44.018],[15.241,44.029],[15.234,44.042],[15.223,44.05],[15.212,44.045],[15.208,44.045],[15.205,44.05],[15.205,44.052],[15.201,44.056],[15.198,44.059],[15.19,44.047],[15.169,44.059],[15.147,44.076],[15.122,44.093],[15.086,44.123],[15.068,44.133],[15.072,44.138],[15.075,44.142],[15.072,44.147],[15.061,44.162],[15.226,44.066],[15.248,44.047],[15.255,44.018]]],[[[14.841,44.148],[14.852,44.152],[14.856,44.152],[14.863,44.148],[14.87,44.14],[14.856,44.137],[14.834,44.142],[14.82,44.153],[14.823,44.169],[14.827,44.159],[14.834,44.152],[14.841,44.148]]],[[[15.144,43.949],[15.216,43.912],[15.133,43.92],[15.194,43.873],[14.848,44.175],[15.007,44.093],[15.144,43.949]]],[[[14.877,44.56],[14.733,44.704],[14.845,44.601],[15.043,44.527],[15.075,44.484],[14.91,44.552],[15.046,44.439],[15.097,44.415],[15.043,44.476],[15.255,44.339],[15.165,44.368],[15.219,44.312],[15.129,44.312],[15.09,44.375],[15.118,44.386],[14.899,44.491],[14.877,44.56]]],[[[14.445,44.565],[14.535,44.484],[14.362,44.574],[14.337,44.717],[14.398,44.685],[14.445,44.565]]],[[[14.74,44.778],[14.658,44.799],[14.726,44.799],[14.686,44.847],[14.755,44.846],[14.859,44.717],[14.74,44.778]]],[[[14.514,44.662],[14.514,44.62],[14.427,44.657],[14.294,44.908],[14.301,44.944],[14.388,44.908],[14.413,44.956],[14.28,45.113],[14.312,45.172],[14.355,45.17],[14.388,45.038],[14.474,44.971],[14.452,44.799],[14.514,44.662]]],[[[14.722,44.944],[14.629,44.978],[14.622,45.045],[14.51,45.032],[14.424,45.087],[14.532,45.135],[14.55,45.249],[14.596,45.238],[14.596,45.167],[14.665,45.162],[14.665,45.087],[14.74,45.074],[14.816,44.978],[14.722,44.944]]],[[[16.31,43.508],[16.335,43.502],[16.375,43.49],[16.371,43.485],[16.332,43.481],[16.281,43.488],[16.267,43.486],[16.26,43.483],[16.245,43.481],[16.231,43.483],[16.22,43.486],[16.213,43.49],[16.213,43.495],[16.22,43.498],[16.224,43.497],[16.231,43.497],[16.245,43.495],[16.252,43.5],[16.249,43.508],[16.263,43.514],[16.31,43.508]]],[[[14.758,44.292],[14.773,44.285],[14.791,44.273],[14.791,44.267],[14.776,44.267],[14.766,44.265],[14.758,44.26],[14.748,44.262],[14.737,44.272],[14.74,44.28],[14.751,44.28],[14.755,44.283],[14.755,44.29],[14.758,44.292]]],[[[14.614,44.341],[14.643,44.326],[14.661,44.309],[14.658,44.305],[14.64,44.312],[14.6,44.339],[14.596,44.348],[14.614,44.341]]],[[[14.798,44.378],[14.802,44.343],[14.755,44.365],[14.762,44.415],[14.798,44.378]]],[[[14.244,44.662],[14.265,44.68],[14.28,44.677],[14.28,44.668],[14.276,44.662],[14.262,44.66],[14.258,44.658],[14.258,44.657],[14.258,44.653],[14.258,44.648],[14.258,44.643],[14.258,44.636],[14.258,44.635],[14.265,44.625],[14.272,44.613],[14.265,44.611],[14.251,44.616],[14.24,44.62],[14.233,44.626],[14.233,44.635],[14.236,44.641],[14.244,44.662]]]]}},{"type":"Feature","properties":{"kind":"country","iso":"IE","region":"","name":"Ireland"},"geometry":{"type":"MultiPolygon","coordinates":[[[[-7.249,55.07],[-7.403,55.004],[-7.544,54.741],[-7.929,54.697],[-7.709,54.604],[-8.174,54.462],[-7.879,54.287],[-7.857,54.211],[-7.328,54.114],[-7.324,54.155],[-7.281,54.126],[-7.249,54.197],[-7.155,54.224],[-7.213,54.304],[-7.191,54.336],[-7.018,54.413],[-6.885,54.346],[-6.881,54.276],[-6.788,54.202],[-6.64,54.168],[-6.673,54.069],[-6.629,54.042],[-6.377,54.064],[-6.356,54.111],[-6.107,54.013],[-6.161,53.974],[-6.359,54.016],[-6.374,53.964],[-6.352,53.881],[-6.244,53.864],[-6.223,53.647],[-6.079,53.555],[-6.133,53.461],[-6.194,53.461],[-6.061,53.368],[-6.122,53.393],[-6.219,53.348],[-6.097,53.285],[-6.032,53.111],[-6.05,53.01],[-5.992,52.958],[-6.129,52.816],[-6.215,52.666],[-6.208,52.546],[-6.356,52.409],[-6.367,52.345],[-6.496,52.365],[-6.41,52.289],[-6.374,52.323],[-6.32,52.24],[-6.349,52.198],[-6.806,52.213],[-6.763,52.262],[-6.932,52.125],[-6.903,52.173],[-6.997,52.289],[-6.953,52.179],[-7.018,52.139],[-7.105,52.13],[-7.072,52.166],[-7.119,52.173],[-7.187,52.132],[-7.601,52.102],[-7.627,52.063],[-7.544,52.054],[-7.591,51.992],[-7.724,51.945],[-7.85,51.98],[-7.922,51.912],[-7.893,51.882],[-8.019,51.825],[-8.246,51.803],[-8.174,51.857],[-8.188,51.894],[-8.408,51.892],[-8.3,51.83],[-8.296,51.766],[-8.437,51.693],[-8.483,51.713],[-8.483,51.678],[-8.559,51.706],[-8.498,51.693],[-8.53,51.61],[-8.757,51.646],[-8.689,51.63],[-8.696,51.576],[-8.854,51.597],[-8.933,51.536],[-9.121,51.563],[-9.225,51.487],[-9.38,51.473],[-9.319,51.534],[-9.401,51.5],[-9.445,51.56],[-9.819,51.446],[-9.833,51.487],[-9.545,51.61],[-9.848,51.549],[-9.459,51.685],[-9.445,51.72],[-9.56,51.762],[-9.545,51.72],[-9.628,51.685],[-10.158,51.583],[-10.06,51.63],[-10.089,51.671],[-9.956,51.706],[-9.981,51.732],[-9.787,51.769],[-9.812,51.788],[-9.743,51.833],[-9.581,51.877],[-10.136,51.742],[-10.226,51.782],[-10.176,51.813],[-10.233,51.852],[-10.341,51.788],[-10.395,51.884],[-10.255,51.909],[-10.305,51.953],[-10.266,51.988],[-9.97,52.09],[-9.927,52.063],[-9.909,52.13],[-9.758,52.152],[-10.438,52.098],[-10.478,52.152],[-10.449,52.189],[-10.381,52.173],[-10.366,52.228],[-10.172,52.287],[-10.165,52.235],[-10.1,52.24],[-10.046,52.269],[-10.06,52.309],[-9.949,52.238],[-9.736,52.249],[-9.877,52.279],[-9.833,52.289],[-9.833,52.375],[-9.949,52.412],[-9.635,52.473],[-9.682,52.495],[-9.65,52.571],[-9.236,52.581],[-8.75,52.672],[-8.962,52.694],[-8.944,52.775],[-9.146,52.623],[-9.286,52.591],[-9.333,52.598],[-9.279,52.639],[-9.434,52.612],[-9.581,52.666],[-9.553,52.639],[-9.707,52.579],[-9.938,52.558],[-9.628,52.728],[-9.499,52.752],[-9.355,52.934],[-9.477,52.941],[-9.272,53.147],[-9.074,53.118],[-9.128,53.159],[-8.937,53.145],[-8.955,53.181],[-8.894,53.221],[-9.045,53.221],[-8.944,53.262],[-9.023,53.275],[-9.513,53.228],[-9.556,53.29],[-9.614,53.236],[-9.617,53.321],[-9.56,53.341],[-9.599,53.365],[-9.553,53.385],[-9.621,53.378],[-9.635,53.331],[-9.653,53.393],[-9.808,53.302],[-9.902,53.324],[-9.787,53.393],[-9.877,53.395],[-9.848,53.434],[-9.963,53.38],[-10.176,53.412],[-10.014,53.481],[-10.179,53.555],[-10.006,53.544],[-9.97,53.562],[-10.046,53.599],[-9.869,53.618],[-9.697,53.598],[-9.909,53.647],[-9.909,53.761],[-9.567,53.797],[-9.621,53.817],[-9.56,53.864],[-9.567,53.9],[-9.945,53.88],[-9.916,53.954],[-9.787,53.917],[-9.898,54.025],[-9.833,54.113],[-9.97,54.079],[-9.992,54.104],[-9.909,54.118],[-10.01,54.219],[-10.086,54.16],[-10.068,54.094],[-10.118,54.096],[-10.06,54.222],[-10.114,54.234],[-9.999,54.304],[-9.88,54.263],[-9.977,54.243],[-9.909,54.204],[-9.844,54.276],[-9.765,54.256],[-9.841,54.307],[-9.787,54.337],[-9.268,54.304],[-9.142,54.146],[-9.052,54.29],[-8.678,54.271],[-8.512,54.207],[-8.62,54.263],[-8.469,54.276],[-8.663,54.359],[-8.473,54.43],[-8.465,54.476],[-8.444,54.447],[-8.21,54.503],[-8.271,54.523],[-8.12,54.646],[-8.293,54.606],[-8.318,54.636],[-8.458,54.565],[-8.386,54.619],[-8.674,54.619],[-8.793,54.66],[-8.797,54.699],[-8.638,54.768],[-8.458,54.756],[-8.53,54.788],[-8.408,54.763],[-8.559,54.819],[-8.491,54.852],[-8.325,54.832],[-8.383,54.856],[-8.314,54.879],[-8.336,54.903],[-8.451,54.922],[-8.368,54.949],[-8.458,55.003],[-8.347,55.065],[-8.325,55.03],[-8.278,55.161],[-8.141,55.161],[-8.156,55.124],[-7.976,55.222],[-8.005,55.175],[-7.907,55.188],[-7.864,55.138],[-7.835,55.165],[-7.868,55.215],[-7.799,55.256],[-7.817,55.195],[-7.717,55.166],[-7.702,55.099],[-7.67,55.148],[-7.702,55.219],[-7.709,55.175],[-7.789,55.219],[-7.645,55.273],[-7.526,55.116],[-7.641,55.05],[-7.562,55.045],[-7.681,54.954],[-7.45,55.072],[-7.551,55.215],[-7.526,55.29],[-7.256,55.285],[-7.4,55.381],[-6.939,55.239],[-7.249,55.07]]],[[[-9.664,53.275],[-9.639,53.252],[-9.657,53.233],[-9.693,53.226],[-9.711,53.238],[-9.715,53.253],[-9.718,53.26],[-9.718,53.267],[-9.711,53.275],[-9.7,53.28],[-9.686,53.282],[-9.671,53.28],[-9.664,53.275]]],[[[-9.963,53.954],[-9.923,53.954],[-9.959,53.881],[-10.057,53.913],[-10.068,53.967],[-10.266,53.981],[-9.977,54.022],[-9.938,53.989],[-9.963,53.954]]],[[[-8.527,55.009],[-8.509,55.006],[-8.498,55.001],[-8.487,54.992],[-8.483,54.976],[-8.527,54.967],[-8.548,54.969],[-8.566,54.976],[-8.566,54.982],[-8.563,54.986],[-8.563,54.987],[-8.566,54.996],[-8.552,55.001],[-8.545,55.003],[-8.548,55.006],[-8.552,55.008],[-8.552,55.009],[-8.545,55.016],[-8.537,55.016],[-8.53,55.014],[-8.527,55.009]]],[[[-9.815,51.639],[-9.808,51.641],[-9.801,51.637],[-9.808,51.63],[-9.812,51.627],[-9.891,51.612],[-9.902,51.614],[-9.916,51.619],[-9.916,51.629],[-9.902,51.637],[-9.88,51.641],[-9.859,51.642],[-9.823,51.639],[-9.815,51.639]]],[[[-10.312,51.926],[-10.302,51.924],[-10.298,51.919],[-10.305,51.911],[-10.323,51.904],[-10.363,51.892],[-10.395,51.891],[-10.406,51.884],[-10.428,51.882],[-10.428,51.891],[-10.413,51.904],[-10.363,51.926],[-10.352,51.931],[-10.334,51.931],[-10.327,51.929],[-10.32,51.924],[-10.312,51.926]]],[[[-9.65,53.101],[-9.646,53.103],[-9.643,53.101],[-9.643,53.094],[-9.661,53.091],[-9.779,53.123],[-9.812,53.138],[-9.801,53.147],[-9.776,53.147],[-9.751,53.135],[-9.74,53.135],[-9.715,53.138],[-9.697,53.137],[-9.671,53.13],[-9.664,53.123],[-9.671,53.116],[-9.671,53.11],[-9.65,53.101]]]]}},{"type":"Feature","properties":{"kind":"country","iso":"IT","region":"","name":"Italy"},"geometry":{"type":"MultiPolygon","coordinates":[[[[7.022,45.925],[7.155,45.876],[7.54,45.984],[7.832,45.915],[8.109,46.127],[8.131,46.197],[8.077,46.263],[8.401,46.452],[8.447,46.413],[8.437,46.235],[8.602,46.122],[8.807,46.09],[8.833,46.067],[8.768,45.984],[8.872,45.947],[8.901,45.827],[9.002,45.82],[9.063,45.899],[8.98,45.964],[9.002,46.04],[9.225,46.23],[9.283,46.497],[9.383,46.467],[9.434,46.499],[9.441,46.381],[9.535,46.298],[9.675,46.291],[9.722,46.35],[9.92,46.371],[10.075,46.22],[10.158,46.263],[10.093,46.328],[10.14,46.403],[10.028,46.447],[10.032,46.533],[10.096,46.609],[10.194,46.627],[10.294,46.551],[10.446,46.538],[10.46,46.624],[10.37,46.673],[10.453,46.864],[10.647,46.864],[10.741,46.83],[10.723,46.786],[10.996,46.769],[11.173,46.963],[11.472,47.007],[11.734,46.97],[12.181,47.085],[12.202,47.053],[12.112,46.994],[12.127,46.909],[12.267,46.869],[12.274,46.784],[12.404,46.69],[13.7,46.519],[13.678,46.452],[13.365,46.29],[13.408,46.208],[13.639,46.18],[13.462,46.006],[13.624,45.967],[13.567,45.83],[13.779,45.744],[13.894,45.634],[13.848,45.585],[13.711,45.594],[13.808,45.614],[13.574,45.79],[13.524,45.759],[13.556,45.737],[13.401,45.675],[13.423,45.724],[13.369,45.744],[13.12,45.771],[13.074,45.697],[13.149,45.704],[13.084,45.641],[12.411,45.437],[12.58,45.553],[12.508,45.574],[12.451,45.511],[12.397,45.54],[12.426,45.498],[12.31,45.489],[12.21,45.308],[12.156,45.314],[12.181,45.258],[12.217,45.293],[12.231,45.204],[12.307,45.231],[12.328,45.101],[12.307,45.128],[12.296,45.089],[12.368,45.011],[12.368,45.065],[12.534,44.971],[12.444,44.82],[12.44,44.902],[12.408,44.891],[12.397,44.793],[12.267,44.827],[12.253,44.668],[12.368,44.251],[12.66,44.008],[12.93,43.915],[13.254,43.703],[13.617,43.561],[13.945,42.798],[14.074,42.598],[14.56,42.225],[14.708,42.176],[14.74,42.085],[15.165,41.928],[16.141,41.919],[16.191,41.791],[15.9,41.614],[15.932,41.479],[16.594,41.207],[17.059,41.082],[17.476,40.83],[18.006,40.651],[18.038,40.557],[18.24,40.457],[18.517,40.14],[18.412,39.979],[18.391,39.817],[18.337,39.8],[18.07,39.912],[17.966,40.057],[18.013,40.096],[17.862,40.285],[17.494,40.307],[17.199,40.42],[17.228,40.474],[17.322,40.498],[16.976,40.493],[16.605,40.084],[16.63,39.966],[16.49,39.775],[16.548,39.66],[16.782,39.611],[17.16,39.407],[17.113,39.27],[17.124,39.091],[17.206,39.029],[17.174,38.961],[17.106,38.899],[16.958,38.941],[16.839,38.919],[16.573,38.785],[16.533,38.699],[16.562,38.416],[16.339,38.301],[16.17,38.144],[16.076,37.94],[15.684,37.953],[15.637,38.009],[15.633,38.22],[15.813,38.301],[15.903,38.473],[15.918,38.551],[15.838,38.649],[16.18,38.748],[16.22,38.899],[16.083,39.076],[16.033,39.344],[15.867,39.564],[15.774,39.892],[15.626,40.077],[15.536,40.077],[15.41,39.995],[15.262,40.03],[15.262,40.074],[15.126,40.17],[14.91,40.241],[15,40.398],[14.784,40.67],[14.344,40.57],[14.337,40.624],[14.474,40.729],[14.294,40.839],[14.204,40.802],[14.082,40.832],[14.049,40.79],[14.02,40.922],[13.722,41.252],[13.596,41.252],[13.545,41.207],[13.286,41.296],[13.045,41.227],[12.894,41.399],[12.634,41.447],[12.447,41.631],[12.238,41.735],[12.17,41.879],[12.019,41.994],[11.828,42.034],[11.659,42.279],[11.378,42.407],[11.108,42.391],[11.086,42.429],[11.187,42.48],[11.158,42.565],[10.942,42.744],[10.73,42.804],[10.777,42.895],[10.752,42.926],[10.5,42.941],[10.528,43.247],[10.316,43.493],[10.251,43.846],[10.089,44.025],[9.844,44.108],[9.833,44.042],[9.232,44.354],[9.211,44.305],[9.103,44.375],[8.761,44.432],[8.465,44.304],[8.408,44.194],[8.257,44.128],[8.167,43.956],[8.069,43.897],[7.695,43.79],[7.501,43.792],[7.493,43.887],[7.691,44.067],[7.655,44.175],[7.342,44.123],[6.982,44.241],[6.871,44.363],[6.917,44.435],[6.835,44.533],[6.961,44.684],[7.054,44.685],[7.007,44.822],[6.745,44.908],[6.723,45.013],[6.604,45.104],[6.737,45.158],[6.845,45.129],[7.108,45.259],[7.094,45.324],[7.162,45.411],[6.982,45.511],[6.964,45.641],[6.817,45.697],[6.781,45.778],[6.802,45.827],[6.95,45.857],[7.022,45.925]],[[12.429,43.892],[12.48,43.917],[12.483,43.983],[12.397,43.949],[12.429,43.892]],[[12.454,41.903],[12.454,41.904],[12.454,41.903],[12.454,41.903]]],[[[12.001,36.835],[12.051,36.79],[12.03,36.741],[11.922,36.828],[12.001,36.835]]],[[[12.274,37.94],[12.289,37.938],[12.296,37.941],[12.307,37.945],[12.314,37.946],[12.321,37.941],[12.336,37.933],[12.354,37.928],[12.368,37.926],[12.357,37.914],[12.343,37.912],[12.325,37.918],[12.314,37.926],[12.3,37.919],[12.289,37.921],[12.278,37.929],[12.274,37.94]]],[[[15.529,38.303],[15.651,38.276],[15.568,38.227],[15.5,38.085],[15.212,37.762],[15.165,37.568],[15.097,37.494],[15.097,37.343],[15.252,37.257],[15.183,37.207],[15.302,37.102],[15.284,37.048],[15.331,37.011],[15.158,36.925],[15.093,36.8],[15.136,36.688],[15.093,36.655],[14.488,36.793],[14.28,37.045],[14.125,37.112],[13.894,37.1],[13.714,37.171],[13.174,37.487],[13.016,37.497],[12.944,37.568],[12.66,37.565],[12.505,37.666],[12.426,37.798],[12.465,37.823],[12.494,38.022],[12.706,38.11],[12.732,38.193],[12.901,38.027],[13.063,38.083],[13.102,38.189],[13.318,38.22],[13.39,38.103],[13.513,38.11],[13.65,38],[13.79,37.973],[14.02,38.049],[14.272,38.015],[14.51,38.044],[14.733,38.157],[14.906,38.188],[15.09,38.129],[15.176,38.156],[15.237,38.265],[15.291,38.206],[15.529,38.303]]],[[[14.967,38.433],[14.967,38.419],[14.982,38.412],[14.992,38.402],[15.003,38.392],[15.007,38.377],[15,38.372],[14.985,38.363],[14.964,38.382],[14.949,38.397],[14.946,38.412],[14.96,38.433],[14.967,38.433]]],[[[14.906,38.473],[14.91,38.515],[14.967,38.517],[14.967,38.453],[14.906,38.473]]],[[[14.863,38.549],[14.863,38.539],[14.823,38.552],[14.794,38.571],[14.816,38.585],[14.852,38.585],[14.866,38.581],[14.877,38.569],[14.874,38.566],[14.87,38.561],[14.863,38.549]]],[[[8.455,39.074],[8.458,39.067],[8.462,39.066],[8.469,39.066],[8.476,39.069],[8.476,39.071],[8.48,39.073],[8.483,39.069],[8.465,39.057],[8.458,39.051],[8.462,39.042],[8.455,39.029],[8.447,38.995],[8.437,38.968],[8.433,38.963],[8.422,38.961],[8.411,38.961],[8.404,38.966],[8.404,38.975],[8.401,38.981],[8.365,39.029],[8.35,39.062],[8.354,39.083],[8.354,39.091],[8.347,39.091],[8.347,39.098],[8.361,39.118],[8.386,39.105],[8.419,39.106],[8.444,39.103],[8.455,39.074]]],[[[8.307,39.194],[8.307,39.105],[8.253,39.106],[8.231,39.172],[8.307,39.194]]],[[[13.945,40.702],[13.858,40.707],[13.862,40.763],[13.966,40.736],[13.945,40.702]]],[[[8.275,41.057],[8.21,40.996],[8.325,41.126],[8.343,41.074],[8.275,41.057]]],[[[9.794,40.557],[9.826,40.53],[9.801,40.455],[9.625,40.263],[9.653,40.145],[9.733,40.084],[9.599,39.341],[9.635,39.297],[9.567,39.238],[9.567,39.149],[9.52,39.105],[9.293,39.221],[9.167,39.187],[9.013,39.263],[9.081,39.225],[9.02,39.147],[9.027,38.995],[8.854,38.878],[8.717,38.932],[8.642,38.865],[8.559,39.057],[8.483,39.081],[8.372,39.223],[8.433,39.302],[8.375,39.378],[8.462,39.577],[8.444,39.756],[8.566,39.701],[8.505,39.721],[8.555,39.853],[8.462,39.913],[8.437,39.858],[8.393,39.913],[8.408,40.022],[8.375,40.033],[8.491,40.104],[8.476,40.292],[8.386,40.352],[8.379,40.469],[8.293,40.596],[8.217,40.57],[8.192,40.618],[8.152,40.577],[8.199,40.692],[8.134,40.729],[8.217,40.881],[8.192,40.964],[8.311,40.851],[8.519,40.827],[8.822,40.947],[9.005,41.122],[9.142,41.153],[9.171,41.242],[9.232,41.263],[9.279,41.195],[9.423,41.18],[9.441,41.092],[9.47,41.146],[9.56,41.126],[9.513,41.016],[9.664,41.003],[9.506,40.927],[9.643,40.92],[9.614,40.893],[9.725,40.846],[9.657,40.8],[9.794,40.557]]],[[[10.896,42.387],[10.914,42.375],[10.928,42.353],[10.928,42.34],[10.939,42.332],[10.924,42.318],[10.91,42.325],[10.87,42.353],[10.863,42.367],[10.878,42.374],[10.878,42.387],[10.885,42.392],[10.896,42.387]]],[[[10.442,42.845],[10.388,42.764],[10.417,42.708],[10.338,42.765],[10.147,42.737],[10.1,42.784],[10.356,42.808],[10.413,42.874],[10.442,42.845]]],[[[9.841,43.064],[9.841,43.063],[9.844,43.061],[9.848,43.059],[9.855,43.044],[9.841,43.026],[9.823,43.009],[9.801,43.009],[9.783,43.029],[9.808,43.066],[9.826,43.074],[9.841,43.064]]],[[[12.354,45.405],[12.429,45.415],[12.375,45.423],[12.321,45.347],[12.354,45.405]]],[[[12.861,35.873],[12.868,35.873],[12.876,35.866],[12.876,35.856],[12.872,35.852],[12.858,35.852],[12.85,35.856],[12.847,35.863],[12.847,35.868],[12.854,35.871],[12.861,35.873]]],[[[14.348,38.536],[14.344,38.547],[14.359,38.551],[14.362,38.539],[14.348,38.536]]],[[[14.575,38.576],[14.578,38.566],[14.586,38.561],[14.586,38.558],[14.575,38.556],[14.553,38.561],[14.542,38.574],[14.542,38.586],[14.546,38.588],[14.564,38.585],[14.575,38.576]]],[[[13.171,38.718],[13.185,38.718],[13.196,38.711],[13.196,38.708],[13.178,38.693],[13.164,38.691],[13.153,38.694],[13.153,38.703],[13.156,38.71],[13.171,38.718]]],[[[15.226,38.811],[15.234,38.807],[15.241,38.804],[15.237,38.796],[15.234,38.789],[15.23,38.784],[15.226,38.777],[15.219,38.774],[15.205,38.775],[15.187,38.789],[15.187,38.792],[15.194,38.797],[15.205,38.802],[15.208,38.806],[15.212,38.811],[15.219,38.813],[15.226,38.811]]],[[[13.419,40.795],[13.423,40.8],[13.434,40.802],[13.426,40.792],[13.416,40.786],[13.419,40.795]]],[[[12.624,35.51],[12.62,35.508],[12.624,35.501],[12.62,35.493],[12.613,35.489],[12.602,35.491],[12.598,35.494],[12.595,35.494],[12.555,35.508],[12.537,35.513],[12.526,35.516],[12.534,35.521],[12.555,35.521],[12.566,35.52],[12.613,35.515],[12.62,35.513],[12.624,35.511],[12.624,35.51]]],[[[12.073,37.968],[12.076,37.96],[12.08,37.95],[12.066,37.951],[12.048,37.961],[12.037,37.973],[12.03,37.985],[12.037,37.992],[12.055,37.992],[12.066,37.987],[12.073,37.968]]],[[[9.473,41.236],[9.477,41.229],[9.481,41.224],[9.481,41.217],[9.47,41.19],[9.473,41.185],[9.473,41.18],[9.47,41.171],[9.463,41.173],[9.455,41.18],[9.448,41.185],[9.441,41.183],[9.437,41.187],[9.448,41.205],[9.445,41.212],[9.445,41.22],[9.455,41.234],[9.459,41.242],[9.466,41.241],[9.473,41.236]]],[[[9.43,41.225],[9.434,41.22],[9.434,41.217],[9.394,41.21],[9.376,41.214],[9.373,41.222],[9.373,41.231],[9.376,41.234],[9.383,41.237],[9.391,41.241],[9.398,41.247],[9.398,41.256],[9.401,41.258],[9.409,41.258],[9.416,41.263],[9.423,41.261],[9.427,41.254],[9.43,41.246],[9.43,41.237],[9.43,41.229],[9.43,41.225]]],[[[10.298,42.345],[10.305,42.352],[10.316,42.34],[10.312,42.325],[10.294,42.328],[10.298,42.345]]],[[[10.093,42.597],[10.096,42.592],[10.096,42.588],[10.096,42.583],[10.096,42.576],[10.086,42.573],[10.071,42.573],[10.06,42.576],[10.05,42.581],[10.053,42.59],[10.064,42.592],[10.071,42.6],[10.078,42.613],[10.086,42.615],[10.089,42.603],[10.093,42.597]]],[[[12.328,45.459],[12.346,45.459],[12.364,45.45],[12.361,45.438],[12.354,45.433],[12.336,45.427],[12.321,45.43],[12.318,45.444],[12.328,45.459]]]]}},{"type":"Feature","properties":{"kind":"country","iso":"JP","region":"","name":"Japan"},"geometry":{"type":"MultiPolygon","coordinates":[[[[129.783,31.8],[129.801,31.746],[129.729,31.644],[129.661,31.641],[129.783,31.8]]],[[[131.659,32.477],[131.688,32.421],[131.601,32.323],[131.446,31.878],[131.497,31.796],[131.457,31.621],[131.338,31.373],[131.248,31.388],[131.212,31.455],[131.072,31.45],[131.014,31.363],[131.104,31.329],[131.076,31.281],[131.133,31.28],[131.007,31.221],[130.942,31.121],[130.658,31.003],[130.665,31.069],[130.744,31.121],[130.798,31.325],[130.694,31.547],[130.59,31.585],[130.687,31.619],[130.759,31.563],[130.809,31.651],[130.777,31.71],[130.644,31.715],[130.528,31.513],[130.564,31.334],[130.662,31.271],[130.586,31.155],[130.453,31.249],[130.222,31.246],[130.197,31.354],[130.118,31.408],[130.23,31.381],[130.334,31.562],[130.327,31.643],[130.172,31.79],[130.19,31.835],[130.237,31.82],[130.197,31.859],[130.179,32.094],[130.32,32.119],[130.471,32.347],[130.514,32.339],[130.572,32.452],[130.55,32.492],[130.6,32.506],[130.564,32.546],[130.669,32.649],[130.449,32.622],[130.626,32.703],[130.615,32.781],[130.442,32.924],[130.42,33.088],[130.24,33.188],[130.129,33.12],[130.222,32.975],[130.107,32.875],[130.341,32.857],[130.359,32.688],[130.165,32.593],[130.129,32.685],[130.208,32.752],[130.093,32.794],[129.949,32.757],[129.895,32.663],[129.74,32.568],[129.859,32.725],[129.639,32.926],[129.682,33.093],[129.754,33.054],[129.74,32.99],[129.823,32.98],[129.794,32.875],[130.003,32.845],[129.931,32.93],[129.945,33.016],[129.747,33.066],[129.761,33.13],[129.711,33.163],[129.668,33.102],[129.646,33.198],[129.563,33.211],[129.581,33.37],[129.671,33.399],[129.675,33.362],[129.808,33.348],[129.851,33.281],[129.869,33.397],[129.787,33.455],[129.819,33.485],[129.873,33.443],[129.851,33.553],[129.941,33.532],[129.941,33.48],[130.017,33.446],[130.168,33.534],[130.093,33.573],[130.208,33.666],[130.291,33.575],[130.392,33.605],[130.399,33.669],[130.348,33.64],[130.291,33.681],[130.345,33.662],[130.446,33.718],[130.489,33.855],[130.755,33.944],[130.914,33.892],[131.007,33.966],[130.96,33.816],[131.007,33.813],[131.104,33.624],[131.367,33.575],[131.522,33.676],[131.666,33.667],[131.738,33.485],[131.706,33.409],[131.641,33.416],[131.598,33.35],[131.508,33.363],[131.511,33.274],[131.904,33.266],[131.81,33.127],[131.911,33.125],[131.882,33.075],[131.997,33.092],[132.008,33.051],[131.929,33.048],[131.904,32.984],[132.08,32.943],[131.983,32.889],[131.954,32.828],[131.997,32.811],[131.882,32.783],[131.857,32.686],[131.821,32.703],[131.709,32.587],[131.684,32.523],[131.738,32.492],[131.659,32.477]]],[[[134.69,33.828],[134.751,33.835],[134.312,33.573],[134.175,33.237],[133.927,33.493],[133.74,33.537],[133.293,33.365],[133.225,33.159],[133.002,32.987],[133.002,32.869],[132.955,32.852],[133.027,32.74],[133.002,32.712],[132.915,32.778],[132.627,32.752],[132.71,32.909],[132.559,32.936],[132.505,32.892],[132.472,33.041],[132.382,33.019],[132.408,33.07],[132.472,33.056],[132.451,33.115],[132.49,33.132],[132.393,33.203],[132.487,33.169],[132.548,33.227],[132.483,33.277],[132.526,33.314],[132.379,33.32],[132.422,33.445],[132.307,33.465],[132.012,33.348],[132.678,33.716],[132.714,33.904],[132.757,33.911],[132.771,33.997],[132.919,34.068],[132.897,34.123],[132.944,34.142],[133.128,33.933],[133.322,33.99],[133.513,33.965],[133.642,34.079],[133.642,34.184],[133.56,34.26],[133.7,34.231],[133.938,34.375],[134.082,34.348],[134.143,34.392],[134.168,34.324],[134.218,34.355],[134.442,34.208],[134.647,34.24],[134.593,34.039],[134.704,33.938],[134.647,33.853],[134.719,33.848],[134.69,33.828]]],[[[133.12,36.109],[133.135,36.089],[133.124,36.064],[133.099,36.038],[133.081,36.021],[133.077,36.05],[133.081,36.08],[133.095,36.102],[133.12,36.109]]],[[[133.092,36.118],[133.092,36.123],[133.113,36.114],[133.092,36.109],[133.092,36.118]]],[[[133.074,36.128],[133.088,36.128],[133.088,36.118],[133.088,36.111],[133.074,36.107],[133.059,36.102],[133.052,36.085],[133.056,36.075],[133.056,36.067],[133.056,36.062],[133.045,36.055],[133.038,36.053],[133.027,36.057],[133.02,36.06],[133.016,36.065],[133.016,36.075],[133.016,36.08],[133.009,36.082],[133.002,36.082],[132.991,36.077],[132.994,36.067],[133.005,36.048],[132.994,36.038],[132.98,36.04],[132.966,36.048],[132.951,36.062],[132.969,36.082],[133.016,36.111],[133.038,36.131],[133.056,36.124],[133.074,36.128]]],[[[133.423,34.446],[133.282,34.321],[133.315,34.366],[133.246,34.427],[133.185,34.28],[133.077,34.26],[133.074,34.318],[133.167,34.355],[133.092,34.39],[133.059,34.333],[132.836,34.311],[132.771,34.235],[132.656,34.199],[132.544,34.204],[132.519,34.353],[132.346,34.35],[132.224,34.238],[132.213,33.99],[132.134,33.938],[132.163,33.841],[132.055,33.777],[132.109,33.863],[131.853,33.998],[131.781,33.97],[131.824,34.027],[131.742,34.056],[131.594,34.037],[131.572,33.985],[131.482,34.032],[131.443,33.978],[131.392,33.987],[131.389,34.039],[131.259,33.924],[131.173,33.934],[131.104,34.03],[131.036,34.047],[130.917,33.914],[130.881,33.938],[130.914,34.054],[130.863,34.113],[130.924,34.184],[130.87,34.279],[130.899,34.355],[131.032,34.382],[130.935,34.395],[130.975,34.439],[131.173,34.368],[131.173,34.429],[131.281,34.409],[131.23,34.417],[131.209,34.37],[131.414,34.424],[131.598,34.66],[131.857,34.714],[132.408,35.175],[132.638,35.295],[132.674,35.385],[132.634,35.44],[132.969,35.516],[133.092,35.601],[133.326,35.569],[133.254,35.533],[133.264,35.496],[133.401,35.454],[133.581,35.533],[133.732,35.503],[134.236,35.547],[134.539,35.672],[134.928,35.641],[135.226,35.773],[135.306,35.672],[135.187,35.545],[135.248,35.592],[135.237,35.542],[135.334,35.508],[135.32,35.447],[135.403,35.483],[135.338,35.537],[135.464,35.603],[135.529,35.493],[135.648,35.543],[135.622,35.486],[135.723,35.491],[135.748,35.533],[135.691,35.545],[135.738,35.57],[135.835,35.535],[135.813,35.643],[135.982,35.631],[135.957,35.729],[136.018,35.765],[136.026,35.68],[136.069,35.662],[136.101,35.776],[135.993,35.885],[135.964,35.999],[136.123,36.253],[136.382,36.391],[136.688,36.73],[136.767,36.889],[136.728,37.127],[136.67,37.149],[136.749,37.359],[137.34,37.517],[137.358,37.453],[137.246,37.414],[137.257,37.315],[137.109,37.283],[137.016,37.185],[136.929,37.222],[136.861,37.077],[136.98,37.046],[137.048,37.099],[137.005,36.835],[137.156,36.761],[137.3,36.758],[137.383,36.8],[137.448,36.933],[137.898,37.058],[138.099,37.171],[138.243,37.183],[138.549,37.377],[138.747,37.597],[138.859,37.828],[139.24,38.004],[139.424,38.151],[139.492,38.455],[139.6,38.649],[139.773,38.818],[139.917,39.262],[139.996,39.328],[140.047,39.505],[140.029,39.824],[139.921,39.898],[139.759,39.858],[139.698,39.988],[139.867,39.984],[140.011,40.236],[140.025,40.354],[139.946,40.418],[139.928,40.57],[139.86,40.609],[140.047,40.768],[140.122,40.744],[140.259,40.795],[140.32,41.028],[140.371,40.986],[140.407,41.026],[140.328,41.041],[140.245,41.134],[140.32,41.149],[140.342,41.266],[140.461,41.183],[140.547,41.225],[140.634,41.195],[140.702,40.854],[140.799,40.839],[140.889,41.011],[141.127,40.873],[141.228,40.987],[141.278,41.155],[141.206,41.264],[141.163,41.278],[141.058,41.183],[140.767,41.144],[140.907,41.538],[141.274,41.354],[141.465,41.426],[141.39,41.161],[141.436,40.67],[141.49,40.562],[141.721,40.413],[141.843,40.226],[141.811,40.192],[141.876,40.14],[141.843,40.07],[141.951,39.996],[142.005,39.773],[141.966,39.598],[142.038,39.638],[142.07,39.55],[141.951,39.461],[142.059,39.466],[141.904,39.331],[141.984,39.328],[141.901,39.275],[141.948,39.25],[141.879,39.208],[141.915,39.17],[141.843,39.152],[141.912,39.098],[141.818,39.091],[141.872,39.062],[141.822,39.057],[141.847,39.022],[141.728,39.037],[141.732,38.951],[141.638,38.985],[141.674,38.851],[141.588,38.882],[141.588,38.819],[141.523,38.769],[141.566,38.703],[141.462,38.661],[141.534,38.639],[141.469,38.569],[141.548,38.519],[141.469,38.429],[141.548,38.385],[141.501,38.372],[141.526,38.267],[141.429,38.38],[141.303,38.407],[141.181,38.372],[141.17,38.323],[141.08,38.362],[141.048,38.309],[141.08,38.294],[140.968,38.171],[140.918,37.965],[141.022,37.727],[141.008,37.134],[140.961,36.967],[140.803,36.886],[140.565,36.283],[140.644,36.013],[140.878,35.721],[140.86,35.687],[140.662,35.689],[140.482,35.565],[140.385,35.381],[140.414,35.302],[140.378,35.177],[140.32,35.13],[140.133,35.123],[139.989,35.02],[139.928,34.907],[139.842,34.9],[139.755,34.956],[139.87,35],[139.82,35.158],[139.867,35.246],[139.78,35.319],[139.892,35.364],[139.899,35.424],[140.101,35.567],[139.982,35.668],[139.788,35.603],[139.766,35.653],[139.788,35.511],[139.644,35.454],[139.687,35.432],[139.636,35.402],[139.647,35.299],[139.744,35.25],[139.665,35.194],[139.687,35.14],[139.615,35.135],[139.626,35.212],[139.543,35.309],[139.183,35.263],[139.158,35.136],[139.122,35.15],[139.075,35.054],[139.14,34.871],[138.999,34.733],[138.992,34.65],[138.834,34.596],[138.747,34.691],[138.754,34.88],[138.79,34.907],[138.762,34.979],[138.787,35.027],[138.909,35.03],[138.805,35.121],[138.553,35.096],[138.499,35.032],[138.513,34.979],[138.366,34.917],[138.34,34.826],[138.214,34.713],[138.193,34.642],[138.232,34.594],[137.966,34.667],[137.793,34.64],[137.548,34.677],[137.016,34.579],[137.073,34.665],[137.109,34.625],[137.282,34.731],[137.304,34.689],[137.325,34.767],[137.224,34.816],[137.17,34.763],[137.019,34.784],[136.958,34.833],[136.98,34.924],[136.915,34.775],[136.972,34.696],[136.857,34.74],[136.821,34.939],[136.886,35.089],[136.85,35.04],[136.828,35.079],[136.839,35.032],[136.659,34.985],[136.519,34.681],[136.551,34.601],[136.926,34.424],[136.875,34.37],[136.911,34.355],[136.897,34.267],[136.796,34.253],[136.846,34.307],[136.728,34.29],[136.706,34.334],[136.335,34.184],[136.31,34.09],[136.22,34.074],[136.274,33.971],[136.231,33.993],[136.227,33.938],[136.105,33.892],[135.936,33.617],[135.961,33.593],[135.759,33.433],[135.766,33.482],[135.446,33.551],[135.327,33.671],[135.392,33.713],[135.118,33.894],[135.057,33.88],[135.075,33.978],[135.162,34.025],[135.093,34.068],[135.122,34.137],[135.19,34.15],[135.061,34.267],[135.374,34.485],[135.414,34.692],[135.255,34.701],[135.219,34.691],[135.241,34.65],[135.187,34.675],[135.046,34.625],[134.744,34.767],[134.492,34.787],[134.355,34.706],[134.208,34.728],[134.28,34.697],[134.114,34.586],[133.938,34.588],[133.941,34.556],[134.046,34.581],[133.938,34.451],[133.794,34.442],[133.725,34.527],[133.47,34.424],[133.524,34.483],[133.423,34.446]]],[[[143.895,44.159],[143.913,44.152],[143.956,44.152],[143.974,44.148],[143.942,44.14],[143.895,44.147],[143.812,44.169],[143.816,44.175],[143.838,44.175],[143.859,44.172],[143.881,44.167],[143.895,44.159]]],[[[145.767,43.387],[145.825,43.373],[145.62,43.304],[145.53,43.169],[145.137,43.129],[145.123,43.088],[145.17,43.08],[145.004,43.044],[145.015,42.99],[144.867,42.988],[144.799,43.047],[144.734,42.98],[144.784,42.934],[144.741,42.924],[144.464,42.938],[144.324,43.002],[143.888,42.845],[143.575,42.603],[143.348,42.32],[143.337,42.129],[143.24,41.928],[142.959,42.105],[142.459,42.271],[142.167,42.46],[141.818,42.6],[141.638,42.615],[141.429,42.565],[140.976,42.299],[140.932,42.328],[140.986,42.34],[140.734,42.565],[140.5,42.58],[140.324,42.433],[140.292,42.259],[140.547,42.105],[140.713,42.134],[140.976,41.914],[141.199,41.8],[141.008,41.712],[140.824,41.771],[140.709,41.746],[140.727,41.811],[140.659,41.827],[140.605,41.735],[140.454,41.681],[140.432,41.531],[140.274,41.482],[140.209,41.401],[140.101,41.413],[140.04,41.443],[139.978,41.582],[140.13,41.823],[140.144,41.982],[140.029,42.105],[139.798,42.235],[139.766,42.311],[139.838,42.424],[139.834,42.588],[139.878,42.664],[140.04,42.686],[140.202,42.814],[140.281,42.757],[140.522,42.997],[140.338,43.211],[140.36,43.324],[140.486,43.372],[140.796,43.196],[141.012,43.23],[141.022,43.176],[141.17,43.14],[141.397,43.28],[141.44,43.407],[141.361,43.524],[141.39,43.579],[141.336,43.713],[141.4,43.804],[141.642,43.937],[141.656,44.277],[141.793,44.598],[141.753,44.885],[141.573,45.207],[141.649,45.341],[141.649,45.437],[141.703,45.401],[141.822,45.423],[141.944,45.521],[142.981,44.586],[143.395,44.322],[143.776,44.189],[143.679,44.182],[143.73,44.113],[144.118,44.13],[144.172,44.103],[144.104,44.032],[144.154,44.02],[144.244,44.12],[144.378,43.956],[144.788,43.922],[145.342,44.346],[145.371,44.248],[145.144,43.953],[145.072,43.775],[145.22,43.589],[145.31,43.367],[145.393,43.306],[145.27,43.346],[145.263,43.316],[145.519,43.23],[145.497,43.27],[145.584,43.336],[145.767,43.387]]],[[[123.814,24.392],[123.933,24.367],[123.872,24.259],[123.667,24.296],[123.742,24.319],[123.771,24.419],[123.814,24.392]]],[[[123.004,24.475],[123.015,24.47],[123.019,24.46],[123.011,24.448],[122.997,24.439],[122.986,24.443],[122.947,24.439],[122.939,24.444],[122.939,24.455],[122.943,24.466],[122.954,24.473],[122.968,24.471],[123.004,24.475]]],[[[124.329,24.583],[124.243,24.363],[124.142,24.341],[124.077,24.436],[124.127,24.47],[124.203,24.443],[124.329,24.583]]],[[[141.357,24.789],[141.364,24.777],[141.357,24.774],[141.343,24.772],[141.332,24.769],[141.321,24.758],[141.303,24.735],[141.289,24.726],[141.289,24.76],[141.292,24.774],[141.3,24.785],[141.31,24.792],[141.332,24.794],[141.346,24.794],[141.357,24.789]]],[[[125.387,24.782],[125.452,24.745],[125.258,24.733],[125.261,24.885],[125.387,24.782]]],[[[131.256,25.875],[131.277,25.858],[131.27,25.854],[131.263,25.846],[131.259,25.837],[131.259,25.827],[131.252,25.819],[131.241,25.819],[131.23,25.822],[131.212,25.829],[131.212,25.841],[131.22,25.856],[131.238,25.871],[131.241,25.876],[131.248,25.876],[131.256,25.875]]],[[[126.809,26.352],[126.809,26.342],[126.806,26.332],[126.802,26.324],[126.795,26.317],[126.795,26.314],[126.795,26.309],[126.795,26.305],[126.788,26.304],[126.781,26.305],[126.777,26.309],[126.77,26.314],[126.766,26.32],[126.759,26.334],[126.741,26.342],[126.719,26.347],[126.705,26.356],[126.698,26.369],[126.705,26.38],[126.723,26.386],[126.741,26.39],[126.752,26.391],[126.77,26.388],[126.788,26.38],[126.802,26.368],[126.809,26.352]]],[[[142.192,26.646],[142.182,26.645],[142.174,26.638],[142.174,26.629],[142.182,26.619],[142.16,26.633],[142.138,26.663],[142.11,26.721],[142.117,26.722],[142.124,26.721],[142.131,26.716],[142.135,26.707],[142.142,26.702],[142.153,26.7],[142.167,26.702],[142.167,26.695],[142.153,26.687],[142.156,26.678],[142.167,26.675],[142.182,26.673],[142.182,26.667],[142.174,26.663],[142.174,26.662],[142.174,26.66],[142.174,26.653],[142.182,26.656],[142.185,26.658],[142.189,26.655],[142.192,26.646]]],[[[128.336,26.797],[128.307,26.7],[128.159,26.619],[128.138,26.553],[127.853,26.442],[127.918,26.31],[127.828,26.317],[127.767,26.197],[127.825,26.187],[127.796,26.14],[127.652,26.084],[127.637,26.214],[127.731,26.29],[127.724,26.43],[127.961,26.564],[127.893,26.609],[127.879,26.695],[128.059,26.645],[128.257,26.886],[128.336,26.797]]],[[[142.192,27.092],[142.207,27.097],[142.221,27.099],[142.232,27.094],[142.243,27.084],[142.236,27.05],[142.218,27.04],[142.2,27.052],[142.182,27.079],[142.214,27.063],[142.21,27.074],[142.207,27.08],[142.2,27.087],[142.192,27.092]]],[[[128.699,27.455],[128.613,27.364],[128.527,27.372],[128.537,27.418],[128.699,27.455]]],[[[128.987,27.811],[129.031,27.773],[128.93,27.686],[128.894,27.891],[128.948,27.914],[128.987,27.811]]],[[[129.297,28.119],[129.351,28.087],[129.221,28.098],[129.182,28.19],[129.268,28.174],[129.297,28.119]]],[[[130.032,28.374],[130.032,28.357],[130.021,28.332],[130.006,28.306],[129.995,28.291],[129.977,28.284],[129.956,28.284],[129.913,28.298],[129.974,28.343],[130.017,28.365],[130.032,28.374]]],[[[129.707,28.462],[129.715,28.429],[129.448,28.291],[129.419,28.25],[129.466,28.215],[129.351,28.161],[129.376,28.119],[129.268,28.23],[129.146,28.25],[129.272,28.256],[129.29,28.284],[129.229,28.304],[129.477,28.421],[129.517,28.394],[129.625,28.483],[129.632,28.435],[129.671,28.51],[129.707,28.462]]],[[[129.715,29.655],[129.747,29.66],[129.754,29.645],[129.743,29.622],[129.722,29.606],[129.715,29.63],[129.711,29.642],[129.715,29.655]]],[[[129.895,29.875],[129.898,29.846],[129.927,29.826],[129.923,29.823],[129.92,29.819],[129.862,29.824],[129.851,29.839],[129.841,29.85],[129.833,29.873],[129.851,29.887],[129.877,29.878],[129.88,29.88],[129.884,29.878],[129.887,29.878],[129.895,29.875]]],[[[130.676,30.375],[130.604,30.253],[130.485,30.226],[130.428,30.255],[130.377,30.395],[130.5,30.468],[130.676,30.375]]],[[[131.05,30.841],[131.086,30.783],[131.058,30.611],[130.982,30.52],[130.964,30.373],[130.87,30.344],[130.852,30.471],[130.932,30.54],[130.939,30.672],[131.05,30.841]]],[[[130.154,32.203],[130.194,32.176],[130.15,32.111],[130.111,32.193],[130.154,32.203]]],[[[130.41,32.512],[130.467,32.512],[130.363,32.376],[130.356,32.425],[130.24,32.396],[130.212,32.436],[130.363,32.528],[130.41,32.512]]],[[[130.161,32.546],[130.204,32.339],[129.995,32.19],[130.01,32.252],[129.959,32.252],[130.064,32.306],[129.974,32.355],[130.032,32.482],[130.003,32.533],[130.161,32.546]]],[[[128.879,32.675],[128.897,32.642],[128.779,32.648],[128.771,32.572],[128.599,32.614],[128.653,32.668],[128.66,32.783],[128.699,32.744],[128.807,32.799],[128.879,32.675]]],[[[139.791,33.136],[139.878,33.088],[139.834,33.039],[139.741,33.134],[139.791,33.136]]],[[[129.099,32.989],[129.182,32.985],[129.045,32.821],[129.049,32.909],[128.98,32.96],[129.056,32.98],[129.049,33.039],[129.085,33.024],[129.11,33.166],[129.099,32.989]]],[[[129.556,33.411],[129.448,33.198],[129.344,33.179],[129.351,33.213],[129.401,33.186],[129.376,33.215],[129.441,33.348],[129.556,33.411]]],[[[132.242,33.794],[132.253,33.786],[132.274,33.772],[132.274,33.769],[132.256,33.765],[132.235,33.769],[132.206,33.782],[132.188,33.779],[132.195,33.794],[132.21,33.801],[132.228,33.799],[132.242,33.794]]],[[[129.776,33.774],[129.801,33.752],[129.722,33.698],[129.657,33.743],[129.689,33.872],[129.769,33.845],[129.776,33.774]]],[[[132.235,33.868],[132.188,33.921],[132.228,33.953],[132.325,33.897],[132.469,33.938],[132.375,33.841],[132.318,33.884],[132.235,33.868]]],[[[139.489,34.061],[139.525,34.113],[139.575,34.09],[139.536,34.037],[139.489,34.061]]],[[[132.555,34.071],[132.454,34.088],[132.519,34.174],[132.577,34.118],[132.555,34.071]]],[[[132.998,34.208],[132.955,34.198],[133.03,34.296],[133.052,34.223],[132.998,34.208]]],[[[129.311,34.28],[129.347,34.287],[129.275,34.128],[129.171,34.106],[129.207,34.329],[129.311,34.28]]],[[[139.269,34.395],[139.28,34.402],[139.291,34.414],[139.302,34.417],[139.302,34.4],[139.298,34.368],[139.284,34.336],[139.269,34.323],[139.255,34.341],[139.255,34.353],[139.266,34.388],[139.269,34.395]]],[[[135.003,34.608],[135.028,34.579],[134.895,34.373],[134.96,34.27],[134.73,34.191],[134.722,34.253],[134.665,34.265],[134.683,34.328],[135.003,34.608]]],[[[129.452,34.62],[129.477,34.588],[129.358,34.39],[129.394,34.41],[129.401,34.338],[129.344,34.301],[129.308,34.385],[129.286,34.345],[129.229,34.356],[129.311,34.461],[129.275,34.463],[129.326,34.535],[129.29,34.556],[129.322,34.648],[129.466,34.701],[129.488,34.635],[129.452,34.62]]],[[[139.417,34.78],[139.453,34.679],[139.352,34.719],[139.356,34.797],[139.417,34.78]]],[[[133.012,36.015],[133.023,36.026],[133.045,36.02],[133.066,36.006],[133.081,35.994],[133.066,35.994],[133.027,35.994],[133.023,35.996],[133.016,36.001],[133.012,36.008],[133.012,36.015]]],[[[133.369,36.275],[133.38,36.209],[133.326,36.158],[133.192,36.205],[133.196,36.278],[133.293,36.342],[133.369,36.275]]],[[[138.459,38.07],[138.574,38.075],[138.488,37.892],[138.222,37.803],[138.344,37.967],[138.247,37.978],[138.243,38.071],[138.513,38.323],[138.459,38.07]]],[[[139.55,42.244],[139.51,42.1],[139.446,42.055],[139.413,42.173],[139.55,42.244]]],[[[145.31,43.593],[145.364,43.556],[145.285,43.519],[145.332,43.566],[145.202,43.613],[145.31,43.593]]],[[[144.45,43.942],[144.457,43.942],[144.45,43.942],[144.45,43.942]]],[[[141.328,45.172],[141.235,45.102],[141.148,45.146],[141.13,45.211],[141.202,45.249],[141.328,45.172]]],[[[141.051,45.45],[141.069,45.442],[141.073,45.425],[141.058,45.322],[141.051,45.293],[141.037,45.265],[141.03,45.278],[141.03,45.283],[141.037,45.292],[141.012,45.327],[140.997,45.351],[140.994,45.371],[141.001,45.42],[140.997,45.43],[140.968,45.464],[140.976,45.467],[140.979,45.469],[140.986,45.467],[140.99,45.464],[140.994,45.459],[141.008,45.44],[141.019,45.44],[141.037,45.447],[141.051,45.45]]],[[[140.871,27.219],[140.868,27.234],[140.875,27.239],[140.878,27.232],[140.871,27.219]]],[[[127.81,26.736],[127.81,26.707],[127.785,26.702],[127.76,26.712],[127.756,26.729],[127.767,26.734],[127.796,26.731],[127.81,26.736]]],[[[127.994,27.092],[128.001,27.092],[127.994,27.067],[127.976,27.04],[127.951,27.018],[127.925,27.009],[127.936,27.025],[127.987,27.079],[127.994,27.092]]],[[[130.219,30.471],[130.262,30.435],[130.212,30.42],[130.143,30.49],[130.219,30.471]]],[[[134.366,34.554],[134.348,34.431],[134.319,34.469],[134.244,34.417],[134.244,34.464],[134.161,34.48],[134.175,34.52],[134.366,34.554]]],[[[141.454,24.223],[141.462,24.227],[141.469,24.227],[141.472,24.22],[141.469,24.213],[141.462,24.211],[141.454,24.216],[141.454,24.223]]],[[[153.972,24.289],[153.983,24.296],[153.986,24.291],[153.983,24.282],[153.979,24.282],[153.972,24.284],[153.972,24.289]]],[[[141.289,25.417],[141.274,25.427],[141.271,25.441],[141.274,25.451],[141.289,25.452],[141.296,25.446],[141.3,25.436],[141.296,25.424],[141.289,25.417]]],[[[131.292,25.951],[131.302,25.954],[131.32,25.947],[131.328,25.937],[131.324,25.927],[131.317,25.924],[131.31,25.924],[131.302,25.927],[131.292,25.939],[131.292,25.951]]],[[[127.223,26.599],[127.234,26.601],[127.241,26.597],[127.245,26.587],[127.238,26.579],[127.227,26.579],[127.216,26.577],[127.209,26.582],[127.216,26.592],[127.223,26.599]]],[[[128.455,27.048],[128.455,27.028],[128.447,27.021],[128.433,27.021],[128.411,27.031],[128.408,27.035],[128.401,27.036],[128.397,27.041],[128.397,27.048],[128.401,27.052],[128.408,27.052],[128.415,27.06],[128.429,27.067],[128.444,27.063],[128.451,27.055],[128.455,27.048]]],[[[142.189,27.146],[142.185,27.158],[142.185,27.175],[142.192,27.185],[142.2,27.183],[142.203,27.173],[142.203,27.163],[142.196,27.153],[142.189,27.146]]],[[[142.196,27.599],[142.178,27.612],[142.182,27.619],[142.192,27.616],[142.196,27.599]]],[[[142.081,27.717],[142.077,27.727],[142.081,27.73],[142.084,27.725],[142.081,27.717]]],[[[128.235,27.867],[128.239,27.86],[128.242,27.857],[128.242,27.845],[128.231,27.854],[128.231,27.869],[128.235,27.867]]],[[[129.592,29.449],[129.589,29.458],[129.592,29.468],[129.599,29.473],[129.599,29.471],[129.603,29.47],[129.607,29.47],[129.61,29.466],[129.614,29.454],[129.614,29.443],[129.599,29.443],[129.592,29.449]]],[[[129.527,29.902],[129.527,29.909],[129.535,29.91],[129.542,29.909],[129.549,29.904],[129.553,29.897],[129.553,29.893],[129.538,29.89],[129.535,29.893],[129.527,29.902]]],[[[129.945,29.966],[129.945,29.961],[129.949,29.959],[129.941,29.953],[129.923,29.958],[129.913,29.961],[129.902,29.971],[129.902,29.973],[129.898,29.976],[129.902,29.981],[129.902,29.985],[129.913,29.991],[129.909,30],[129.913,30],[129.923,30.005],[129.927,29.993],[129.934,29.983],[129.945,29.966]]],[[[140.306,30.491],[140.317,30.491],[140.328,30.484],[140.32,30.476],[140.306,30.474],[140.302,30.481],[140.302,30.486],[140.306,30.491]]],[[[129.427,30.846],[129.43,30.847],[129.434,30.844],[129.43,30.841],[129.427,30.846]]],[[[129.945,30.844],[129.959,30.837],[129.959,30.829],[129.949,30.819],[129.938,30.814],[129.927,30.814],[129.913,30.82],[129.909,30.822],[129.909,30.826],[129.905,30.834],[129.909,30.839],[129.916,30.842],[129.927,30.849],[129.931,30.853],[129.941,30.849],[129.945,30.844]]],[[[140.043,31.444],[140.043,31.445],[140.047,31.444],[140.043,31.444]]],[[[140.043,31.445],[140.043,31.444],[140.04,31.444],[140.04,31.447],[140.043,31.445]]],[[[139.755,32.452],[139.759,32.47],[139.773,32.442],[139.755,32.452]]],[[[139.298,33.651],[139.294,33.651],[139.298,33.651],[139.298,33.651]]],[[[139.622,33.885],[139.629,33.872],[139.629,33.865],[139.622,33.857],[139.611,33.853],[139.593,33.855],[139.582,33.863],[139.579,33.88],[139.593,33.895],[139.611,33.897],[139.618,33.89],[139.622,33.885]]],[[[139.374,41.523],[139.377,41.519],[139.381,41.514],[139.374,41.504],[139.345,41.494],[139.341,41.497],[139.338,41.511],[139.338,41.519],[139.341,41.524],[139.348,41.524],[139.356,41.523],[139.374,41.523]]],[[[153.965,24.309],[153.954,24.292],[153.939,24.311],[153.954,24.316],[153.965,24.309]]],[[[125.204,24.846],[125.211,24.836],[125.218,24.816],[125.204,24.806],[125.168,24.801],[125.15,24.804],[125.139,24.816],[125.143,24.829],[125.15,24.833],[125.157,24.834],[125.161,24.845],[125.164,24.855],[125.179,24.856],[125.193,24.85],[125.204,24.846]]],[[[127.371,26.214],[127.371,26.211],[127.371,26.204],[127.367,26.19],[127.364,26.177],[127.36,26.163],[127.353,26.153],[127.346,26.158],[127.342,26.17],[127.342,26.18],[127.342,26.185],[127.346,26.206],[127.353,26.219],[127.364,26.221],[127.371,26.214]]],[[[142.106,27.727],[142.11,27.73],[142.113,27.725],[142.106,27.717],[142.106,27.727]]],[[[129.934,31.867],[129.891,31.81],[129.819,31.845],[129.844,31.881],[129.934,31.867]]],[[[130.244,32.301],[130.262,32.295],[130.266,32.288],[130.262,32.281],[130.255,32.271],[130.244,32.263],[130.233,32.259],[130.222,32.257],[130.215,32.252],[130.212,32.256],[130.212,32.266],[130.212,32.276],[130.219,32.286],[130.222,32.291],[130.23,32.293],[130.23,32.295],[130.233,32.298],[130.244,32.301]]],[[[130.446,32.597],[130.453,32.59],[130.453,32.58],[130.453,32.563],[130.446,32.553],[130.431,32.55],[130.424,32.546],[130.428,32.538],[130.42,32.541],[130.41,32.55],[130.406,32.561],[130.413,32.573],[130.41,32.582],[130.399,32.587],[130.399,32.593],[130.413,32.614],[130.417,32.614],[130.417,32.61],[130.42,32.612],[130.428,32.617],[130.438,32.62],[130.446,32.617],[130.453,32.61],[130.449,32.604],[130.446,32.597]]],[[[132.562,32.742],[132.57,32.734],[132.573,32.725],[132.57,32.717],[132.562,32.71],[132.548,32.705],[132.544,32.708],[132.541,32.722],[132.541,32.734],[132.544,32.745],[132.548,32.751],[132.555,32.747],[132.559,32.745],[132.562,32.742]]],[[[128.901,32.818],[128.883,32.766],[128.84,32.778],[128.836,32.833],[128.901,32.818]]],[[[128.951,32.874],[128.955,32.864],[128.959,32.842],[128.955,32.83],[128.948,32.828],[128.944,32.823],[128.948,32.82],[128.948,32.813],[128.944,32.805],[128.941,32.805],[128.937,32.813],[128.933,32.816],[128.923,32.818],[128.919,32.821],[128.923,32.825],[128.923,32.83],[128.919,32.835],[128.915,32.838],[128.908,32.842],[128.897,32.857],[128.89,32.859],[128.883,32.855],[128.879,32.862],[128.89,32.87],[128.908,32.867],[128.923,32.852],[128.93,32.85],[128.926,32.862],[128.93,32.865],[128.937,32.86],[128.941,32.865],[128.944,32.875],[128.948,32.881],[128.951,32.877],[128.951,32.874]]],[[[129.027,32.899],[129.023,32.848],[128.969,32.872],[128.984,32.93],[129.027,32.899]]],[[[129.135,33.299],[129.142,33.284],[129.149,33.277],[129.149,33.269],[129.135,33.259],[129.128,33.247],[129.121,33.247],[129.103,33.249],[129.092,33.255],[129.085,33.26],[129.081,33.26],[129.074,33.26],[129.077,33.269],[129.088,33.284],[129.103,33.289],[129.113,33.291],[129.128,33.301],[129.135,33.299]]],[[[129.556,33.493],[129.574,33.497],[129.578,33.488],[129.567,33.478],[129.553,33.473],[129.538,33.475],[129.527,33.48],[129.52,33.478],[129.517,33.473],[129.513,33.473],[129.502,33.473],[129.506,33.483],[129.524,33.497],[129.542,33.507],[129.553,33.507],[129.556,33.5],[129.556,33.493]]],[[[132.642,34.014],[132.645,34.012],[132.645,34],[132.642,33.99],[132.642,33.983],[132.638,33.98],[132.634,33.975],[132.634,33.965],[132.62,33.954],[132.602,33.949],[132.588,33.956],[132.588,33.97],[132.595,33.981],[132.606,33.99],[132.613,33.993],[132.616,33.995],[132.624,33.998],[132.638,34.009],[132.642,34.014]]],[[[133.095,34.174],[133.099,34.176],[133.102,34.171],[133.095,34.16],[133.045,34.118],[133.027,34.112],[133.016,34.118],[133.016,34.137],[133.02,34.15],[133.027,34.154],[133.03,34.154],[133.038,34.154],[133.034,34.162],[133.027,34.176],[133.034,34.189],[133.056,34.194],[133.07,34.187],[133.077,34.181],[133.084,34.176],[133.095,34.174]]],[[[132.739,34.198],[132.757,34.189],[132.76,34.177],[132.757,34.167],[132.746,34.162],[132.739,34.16],[132.739,34.162],[132.739,34.169],[132.732,34.171],[132.724,34.171],[132.699,34.181],[132.688,34.189],[132.696,34.199],[132.71,34.203],[132.728,34.199],[132.739,34.198]]],[[[132.922,34.277],[132.93,34.284],[132.933,34.275],[132.93,34.252],[132.919,34.233],[132.915,34.221],[132.904,34.213],[132.883,34.209],[132.865,34.208],[132.85,34.215],[132.843,34.228],[132.847,34.24],[132.854,34.245],[132.858,34.247],[132.886,34.257],[132.897,34.257],[132.908,34.263],[132.922,34.277]]],[[[132.339,34.304],[132.343,34.296],[132.346,34.287],[132.346,34.282],[132.325,34.265],[132.296,34.243],[132.278,34.238],[132.267,34.245],[132.267,34.253],[132.285,34.279],[132.3,34.292],[132.314,34.301],[132.328,34.306],[132.339,34.304]]],[[[133.714,34.397],[133.725,34.385],[133.725,34.372],[133.722,34.363],[133.714,34.36],[133.707,34.355],[133.704,34.351],[133.696,34.355],[133.689,34.366],[133.693,34.378],[133.704,34.392],[133.707,34.397],[133.714,34.397]]],[[[135.205,34.431],[135.241,34.454],[135.259,34.436],[135.223,34.417],[135.212,34.422],[135.205,34.431]]],[[[134.049,34.475],[134.038,34.478],[134.038,34.481],[134.038,34.483],[134.046,34.488],[134.056,34.488],[134.071,34.498],[134.085,34.5],[134.089,34.498],[134.096,34.491],[134.103,34.491],[134.103,34.49],[134.103,34.481],[134.085,34.459],[134.078,34.461],[134.067,34.466],[134.067,34.468],[134.049,34.475]]],[[[136.893,34.497],[136.9,34.503],[136.908,34.502],[136.908,34.495],[136.904,34.486],[136.89,34.48],[136.882,34.475],[136.879,34.483],[136.872,34.491],[136.893,34.497]]],[[[136.89,34.532],[136.897,34.539],[136.911,34.54],[136.904,34.532],[136.904,34.525],[136.89,34.522],[136.875,34.513],[136.857,34.51],[136.85,34.515],[136.864,34.522],[136.89,34.532]]],[[[136.8,34.876],[136.81,34.876],[136.825,34.861],[136.825,34.849],[136.814,34.846],[136.814,34.839],[136.807,34.839],[136.8,34.876]]],[[[137.048,37.153],[137.044,37.146],[137.044,37.137],[137.044,37.127],[137.037,37.121],[137.023,37.114],[137.005,37.114],[136.987,37.109],[136.972,37.102],[136.962,37.102],[136.947,37.097],[136.944,37.097],[136.936,37.109],[136.915,37.127],[136.904,37.144],[136.911,37.151],[136.918,37.148],[136.922,37.141],[136.929,37.137],[136.933,37.143],[136.94,37.144],[136.951,37.144],[136.958,37.148],[136.965,37.153],[136.972,37.153],[136.98,37.151],[136.99,37.146],[136.998,37.139],[137.008,37.141],[137.016,37.144],[137.026,37.156],[137.041,37.159],[137.048,37.153]]],[[[123.605,25.74],[123.602,25.74],[123.602,25.746],[123.605,25.74]]],[[[123.544,25.761],[123.53,25.761],[123.512,25.758],[123.515,25.77],[123.53,25.773],[123.537,25.773],[123.544,25.761]]],[[[123.674,25.929],[123.674,25.927],[123.67,25.93],[123.674,25.929]]]]}},{"type":"Feature","properties":{"kind":"country","iso":"MT","region":"","name":"Malta"},"geometry":{"type":"MultiPolygon","coordinates":[[[[14.55,35.89],[14.528,35.802],[14.424,35.824],[14.344,35.876],[14.323,35.972],[14.377,35.994],[14.348,35.972],[14.55,35.89]]],[[[14.258,36.075],[14.283,36.069],[14.316,36.052],[14.334,36.035],[14.323,36.026],[14.305,36.026],[14.276,36.016],[14.262,36.013],[14.24,36.015],[14.222,36.02],[14.2,36.026],[14.186,36.035],[14.19,36.045],[14.186,36.057],[14.182,36.065],[14.197,36.069],[14.258,36.075]]]]}},{"type":"Feature","properties":{"kind":"country","iso":"MX","region":"","name":"Mexico"},"geometry":{"type":"MultiPolygon","coordinates":[[[[-97.138,25.966],[-97.167,25.723],[-97.458,25.179],[-97.653,24.515],[-97.725,23.806],[-97.822,23.789],[-97.757,23.769],[-97.761,23.652],[-97.732,23.774],[-97.721,23.739],[-97.768,23.261],[-97.743,22.972],[-97.754,22.849],[-97.754,22.923],[-97.793,22.808],[-97.876,22.739],[-97.894,22.611],[-97.858,22.594],[-97.833,22.67],[-97.851,22.535],[-97.761,22.096],[-97.61,21.836],[-97.318,21.56],[-97.419,21.273],[-97.473,21.437],[-97.39,21.473],[-97.379,21.554],[-97.624,21.795],[-97.782,22.096],[-97.674,21.675],[-97.577,21.501],[-97.491,21.481],[-97.498,21.4],[-97.196,20.811],[-97.199,20.74],[-96.458,19.868],[-96.292,19.333],[-96.134,19.235],[-96.062,19.078],[-95.979,19.058],[-95.903,18.882],[-95.752,18.799],[-95.752,18.766],[-95.957,18.857],[-95.806,18.752],[-95.878,18.752],[-95.853,18.717],[-95.784,18.745],[-95.568,18.683],[-95.727,18.757],[-95.734,18.799],[-95.496,18.707],[-95.19,18.705],[-95.025,18.565],[-94.787,18.512],[-94.582,18.19],[-94.467,18.144],[-93.862,18.306],[-93.88,18.257],[-93.797,18.268],[-93.74,18.34],[-93.592,18.345],[-93.578,18.411],[-93.84,18.318],[-93.552,18.43],[-93.156,18.443],[-93.178,18.377],[-93.12,18.389],[-93.128,18.34],[-93.088,18.393],[-93.138,18.43],[-92.858,18.467],[-92.717,18.592],[-92.67,18.43],[-92.696,18.615],[-92.404,18.671],[-91.947,18.691],[-91.868,18.599],[-92.008,18.614],[-92.051,18.546],[-91.889,18.506],[-91.972,18.593],[-91.904,18.58],[-91.828,18.492],[-91.86,18.433],[-91.814,18.389],[-91.814,18.45],[-91.77,18.436],[-91.799,18.492],[-91.486,18.436],[-91.482,18.499],[-91.54,18.47],[-91.504,18.512],[-91.184,18.656],[-91.299,18.629],[-91.284,18.766],[-91.414,18.813],[-91.238,18.958],[-91.414,18.827],[-91.504,18.816],[-90.77,19.309],[-90.683,19.754],[-90.478,19.922],[-90.489,20.534],[-90.46,20.716],[-90.338,20.973],[-90.442,20.794],[-90.334,21.032],[-89.787,21.285],[-89.113,21.363],[-88.703,21.459],[-88.447,21.576],[-88.084,21.589],[-88.235,21.574],[-88.131,21.616],[-87.706,21.533],[-87.864,21.555],[-87.778,21.511],[-87.256,21.44],[-87.155,21.481],[-87.137,21.564],[-87.414,21.533],[-87.112,21.623],[-87.025,21.592],[-86.91,21.435],[-86.827,21.434],[-86.817,21.204],[-86.741,21.163],[-86.874,20.854],[-87.234,20.493],[-87.432,20.221],[-87.472,20.069],[-87.432,19.9],[-87.479,19.784],[-87.443,19.914],[-87.479,19.965],[-87.454,19.889],[-87.58,19.799],[-87.666,19.634],[-87.659,19.684],[-87.742,19.672],[-87.731,19.6],[-87.659,19.568],[-87.673,19.505],[-87.565,19.568],[-87.443,19.554],[-87.425,19.591],[-87.529,19.588],[-87.447,19.581],[-87.439,19.635],[-87.414,19.578],[-87.457,19.455],[-87.616,19.406],[-87.677,19.311],[-87.688,19.242],[-87.648,19.22],[-87.565,19.318],[-87.497,19.328],[-87.515,19.286],[-87.461,19.321],[-87.533,19.228],[-87.663,18.767],[-87.738,18.644],[-87.846,18.197],[-87.936,18.443],[-88.077,18.499],[-88.001,18.69],[-88.037,18.875],[-88.127,18.73],[-88.134,18.769],[-88.249,18.696],[-88.188,18.739],[-88.195,18.676],[-88.152,18.698],[-88.282,18.492],[-88.527,18.453],[-88.617,18.236],[-88.879,17.888],[-89.049,17.999],[-89.153,17.942],[-89.16,17.815],[-90.982,17.81],[-90.993,17.253],[-91.443,17.238],[-91.281,17.18],[-91.054,16.908],[-90.798,16.805],[-90.669,16.653],[-90.669,16.587],[-90.633,16.593],[-90.633,16.483],[-90.395,16.419],[-90.467,16.208],[-90.435,16.108],[-90.485,16.071],[-91.742,16.061],[-92.206,15.289],[-92.073,15.074],[-92.156,14.995],[-92.192,14.835],[-92.159,14.683],[-92.228,14.549],[-92.84,15.183],[-92.739,15.093],[-92.768,15.171],[-92.984,15.265],[-93.47,15.701],[-93.945,16.01],[-93.855,16.025],[-93.898,16.089],[-94.074,16.142],[-94.128,16.221],[-94.226,16.204],[-94.398,16.299],[-94.438,16.246],[-94.294,16.142],[-94.341,16.182],[-94.082,16.094],[-93.963,15.998],[-94.391,16.177],[-94.722,16.199],[-94.586,16.282],[-94.582,16.326],[-94.668,16.365],[-94.794,16.258],[-94.773,16.327],[-94.877,16.425],[-95.064,16.268],[-94.834,16.285],[-94.931,16.245],[-94.766,16.199],[-95.151,16.187],[-95.352,16.079],[-95.435,15.976],[-95.961,15.828],[-96.238,15.684],[-96.432,15.696],[-96.504,15.659],[-96.846,15.733],[-97.206,15.92],[-97.772,15.98],[-98.171,16.209],[-98.067,16.202],[-98.553,16.316],[-98.776,16.555],[-98.906,16.535],[-99.374,16.669],[-99.636,16.69],[-99.993,16.91],[-101.058,17.265],[-101.181,17.413],[-101.454,17.526],[-101.458,17.584],[-101.645,17.668],[-101.811,17.891],[-101.991,17.975],[-102.099,17.982],[-102.192,17.916],[-103.362,18.268],[-103.499,18.333],[-103.575,18.492],[-103.708,18.592],[-103.701,18.654],[-103.982,18.875],[-104.331,19.022],[-104.298,19.066],[-104.327,19.1],[-104.439,19.081],[-104.806,19.228],[-104.802,19.294],[-104.882,19.279],[-104.993,19.342],[-105.087,19.561],[-105.252,19.666],[-105.526,20.032],[-105.558,20.218],[-105.699,20.407],[-105.576,20.488],[-105.328,20.513],[-105.245,20.584],[-105.234,20.637],[-105.342,20.755],[-105.544,20.768],[-105.234,21.06],[-105.242,21.342],[-105.184,21.444],[-105.216,21.516],[-105.447,21.631],[-105.634,21.955],[-105.717,22.514],[-105.8,22.638],[-105.998,22.818],[-105.983,22.857],[-106.034,22.83],[-106.228,23.058],[-106.372,23.185],[-106.43,23.185],[-106.523,23.408],[-106.793,23.632],[-106.901,23.847],[-107.034,23.98],[-107.801,24.512],[-107.499,24.345],[-107.553,24.379],[-107.499,24.358],[-107.477,24.4],[-107.52,24.512],[-107.592,24.52],[-107.553,24.509],[-107.625,24.458],[-107.938,24.639],[-107.805,24.529],[-107.909,24.578],[-108.06,24.779],[-107.978,24.757],[-107.996,24.968],[-108.05,25.002],[-108.042,24.828],[-108.089,24.823],[-108.327,25.111],[-108.183,24.981],[-108.129,24.976],[-108.165,25.022],[-108.136,25.061],[-108.014,25.002],[-108.003,25.032],[-108.219,25.174],[-108.352,25.169],[-108.316,25.228],[-108.363,25.27],[-108.399,25.145],[-108.449,25.27],[-108.734,25.358],[-108.593,25.351],[-108.687,25.398],[-108.766,25.382],[-108.73,25.405],[-108.78,25.434],[-108.773,25.542],[-108.896,25.561],[-108.885,25.496],[-108.928,25.466],[-108.953,25.503],[-109.036,25.466],[-109.115,25.537],[-109.058,25.584],[-108.982,25.544],[-108.838,25.805],[-108.899,25.701],[-109.061,25.591],[-109.13,25.584],[-109.256,25.682],[-109.155,25.557],[-109.227,25.628],[-109.41,25.647],[-109.299,25.658],[-109.288,25.716],[-109.378,25.761],[-109.41,25.694],[-109.432,26.022],[-109.263,26.304],[-109.274,26.168],[-109.216,26.344],[-109.108,26.216],[-109.086,26.29],[-109.184,26.378],[-109.248,26.334],[-109.256,26.498],[-109.482,26.682],[-109.428,26.672],[-109.482,26.743],[-109.554,26.717],[-109.493,26.67],[-109.785,26.719],[-109.857,26.802],[-109.965,27.109],[-110.062,27.082],[-110.289,27.148],[-110.523,27.29],[-110.426,27.301],[-110.473,27.377],[-110.552,27.377],[-110.627,27.641],[-110.548,27.742],[-110.617,27.811],[-110.512,27.874],[-110.851,27.906],[-110.807,27.928],[-110.84,27.989],[-110.887,27.838],[-110.998,27.963],[-111.106,27.935],[-111.283,28.092],[-111.452,28.326],[-111.437,28.387],[-111.707,28.46],[-111.761,28.585],[-111.949,28.757],[-111.866,28.75],[-111.869,28.803],[-112.168,28.966],[-112.165,29.12],[-112.226,29.188],[-112.24,29.316],[-112.334,29.297],[-112.413,29.345],[-112.377,29.486],[-112.507,29.617],[-112.669,29.897],[-112.748,29.91],[-112.766,30.211],[-112.859,30.268],[-112.87,30.429],[-113.079,30.67],[-113.129,30.812],[-113.097,30.945],[-113.129,31.065],[-113.09,30.993],[-113.057,31.032],[-113.05,31.156],[-113.093,31.202],[-113.198,31.226],[-113.234,31.288],[-113.277,31.278],[-113.241,31.241],[-113.623,31.325],[-113.659,31.498],[-113.885,31.614],[-113.939,31.601],[-113.979,31.663],[-113.95,31.569],[-114.029,31.491],[-114.209,31.513],[-114.584,31.761],[-114.688,31.766],[-115.03,31.97],[-115.012,31.915],[-114.836,31.802],[-114.782,31.656],[-114.854,31.526],[-114.89,31.163],[-114.821,30.989],[-114.71,30.918],[-114.699,30.636],[-114.631,30.495],[-114.667,30.199],[-114.533,29.968],[-114.407,29.882],[-114.382,29.775],[-114.209,29.745],[-113.648,29.294],[-113.655,29.208],[-113.536,29.051],[-113.565,29.014],[-113.525,28.892],[-113.435,28.96],[-113.367,28.907],[-113.356,28.801],[-113.219,28.825],[-113.104,28.504],[-112.845,28.441],[-112.874,28.284],[-112.787,28.196],[-112.773,27.864],[-112.597,27.654],[-112.355,27.548],[-112.211,27.21],[-111.952,27.094],[-112.017,26.979],[-111.869,26.829],[-111.902,26.714],[-111.783,26.572],[-111.736,26.54],[-111.679,26.594],[-111.815,26.714],[-111.851,26.881],[-111.794,26.884],[-111.56,26.695],[-111.563,26.559],[-111.441,26.518],[-111.47,26.42],[-111.394,26.331],[-111.322,26.098],[-111.362,25.964],[-111.308,25.778],[-111.225,25.724],[-111.124,25.53],[-111.02,25.515],[-110.905,25.143],[-110.685,24.883],[-110.656,24.807],[-110.739,24.554],[-110.609,24.254],[-110.325,24.176],[-110.433,24.174],[-110.419,24.108],[-110.361,24.112],[-110.3,24.216],[-110.332,24.33],[-110.231,24.343],[-110.174,24.254],[-110.008,24.159],[-109.986,24.046],[-109.828,24.063],[-109.839,23.938],[-109.698,23.798],[-109.695,23.666],[-109.468,23.555],[-109.414,23.392],[-109.493,23.151],[-109.896,22.874],[-110.001,22.894],[-110.098,23.018],[-110.167,23.321],[-110.307,23.541],[-110.649,23.734],[-111.041,24.105],[-111.445,24.325],[-111.358,24.291],[-111.596,24.443],[-111.679,24.586],[-111.7,24.536],[-111.805,24.546],[-111.761,24.515],[-111.812,24.505],[-111.848,24.654],[-111.995,24.867],[-111.967,24.745],[-112.013,24.74],[-112.035,24.841],[-112.042,24.753],[-112.089,24.774],[-112.125,24.873],[-112.096,25],[-112.147,24.873],[-112.165,24.954],[-112.078,25.258],[-112.082,25.444],[-112.031,25.474],[-112.085,25.481],[-112.082,25.721],[-112.107,25.515],[-112.107,25.783],[-112.197,25.995],[-112.294,26.05],[-112.402,26.241],[-112.499,26.234],[-112.561,26.302],[-112.69,26.322],[-113.061,26.599],[-113.144,26.758],[-113.119,26.795],[-113.216,26.744],[-113.237,26.786],[-113.126,26.886],[-113.147,26.971],[-113.27,26.753],[-113.471,26.805],[-113.597,26.709],[-113.878,26.984],[-113.993,26.972],[-114.181,27.139],[-114.436,27.177],[-114.508,27.406],[-114.735,27.521],[-114.782,27.602],[-114.875,27.644],[-114.861,27.69],[-114.901,27.665],[-115.023,27.741],[-115.084,27.85],[-114.497,27.774],[-114.317,27.874],[-114.307,27.764],[-114.101,27.602],[-114.047,27.653],[-114.076,27.69],[-113.954,27.656],[-113.918,27.719],[-114.058,27.801],[-114.051,27.72],[-114.141,27.73],[-114.152,27.945],[-114.278,27.901],[-114.134,28.083],[-114.152,28.004],[-114.105,27.928],[-114.123,28.022],[-114.069,27.995],[-114.037,28.038],[-114.101,28.055],[-114.058,28.207],[-114.127,28.256],[-114.044,28.458],[-114.069,28.517],[-114.159,28.566],[-114.173,28.657],[-114.271,28.659],[-114.346,28.73],[-114.418,28.879],[-114.591,28.965],[-114.631,29.095],[-114.706,29.096],[-114.742,29.188],[-114.973,29.378],[-115.189,29.429],[-115.286,29.53],[-115.498,29.611],[-115.696,29.757],[-115.7,29.899],[-115.811,29.968],[-115.783,30.093],[-115.837,30.346],[-115.977,30.402],[-115.934,30.449],[-115.988,30.498],[-115.963,30.442],[-116.017,30.434],[-116.006,30.359],[-116.049,30.479],[-116.056,30.802],[-116.251,30.957],[-116.337,30.956],[-116.308,31.148],[-116.341,31.219],[-116.675,31.553],[-116.647,31.66],[-116.751,31.753],[-116.643,31.734],[-116.611,31.842],[-116.866,32.013],[-116.924,32.219],[-117.025,32.278],[-117.125,32.531],[-114.724,32.713],[-114.818,32.499],[-111.005,31.327],[-108.215,31.327],[-108.215,31.778],[-106.43,31.759],[-106.358,31.717],[-106.21,31.477],[-105.962,31.371],[-105.364,30.851],[-105.166,30.782],[-104.936,30.611],[-104.856,30.417],[-104.68,30.192],[-104.684,29.953],[-104.518,29.654],[-104.338,29.524],[-104.266,29.527],[-104.057,29.34],[-103.784,29.275],[-103.769,29.23],[-103.55,29.154],[-103.388,29.029],[-103.121,28.997],[-102.988,29.177],[-102.858,29.23],[-102.898,29.264],[-102.884,29.343],[-102.837,29.367],[-102.84,29.453],[-102.693,29.736],[-102.405,29.777],[-102.322,29.893],[-102.11,29.802],[-101.631,29.775],[-101.548,29.821],[-101.523,29.765],[-101.404,29.779],[-101.357,29.667],[-101.3,29.65],[-101.31,29.598],[-101.235,29.623],[-101.224,29.541],[-101.037,29.459],[-101.008,29.38],[-100.796,29.257],[-100.763,29.174],[-100.67,29.117],[-100.619,28.917],[-100.385,28.538],[-100.324,28.51],[-100.356,28.478],[-100.259,28.261],[-100.058,28.137],[-99.834,27.776],[-99.701,27.659],[-99.514,27.589],[-99.474,27.415],[-99.521,27.312],[-99.431,27.207],[-99.46,27.057],[-99.248,26.827],[-99.165,26.54],[-99.093,26.484],[-99.107,26.423],[-98.801,26.373],[-98.654,26.244],[-98.43,26.217],[-98.186,26.065],[-97.66,26.03],[-97.426,25.854],[-97.347,25.853],[-97.35,25.919],[-97.268,25.961],[-97.138,25.966]]],[[[-114.775,18.355],[-114.724,18.355],[-114.721,18.352],[-114.721,18.345],[-114.724,18.339],[-114.728,18.333],[-114.735,18.33],[-114.742,18.328],[-114.746,18.328],[-114.782,18.325],[-114.8,18.33],[-114.8,18.342],[-114.775,18.355]]],[[[-110.948,18.799],[-110.923,18.727],[-111.067,18.769],[-111.002,18.869],[-110.948,18.799]]],[[[-110.815,19.348],[-110.807,19.342],[-110.8,19.333],[-110.789,19.315],[-110.815,19.296],[-110.825,19.286],[-110.829,19.276],[-110.829,19.274],[-110.833,19.276],[-110.836,19.284],[-110.836,19.294],[-110.833,19.303],[-110.818,19.325],[-110.815,19.335],[-110.815,19.348]]],[[[-106.224,21.329],[-106.224,21.309],[-106.228,21.292],[-106.235,21.295],[-106.246,21.29],[-106.271,21.3],[-106.278,21.315],[-106.26,21.334],[-106.242,21.332],[-106.232,21.336],[-106.228,21.332],[-106.224,21.329]]],[[[-106.404,21.484],[-106.361,21.464],[-106.386,21.42],[-106.491,21.469],[-106.404,21.484]]],[[[-106.512,21.597],[-106.534,21.542],[-106.631,21.601],[-106.66,21.694],[-106.548,21.668],[-106.512,21.597]]],[[[-106.664,21.776],[-106.664,21.77],[-106.656,21.766],[-106.656,21.754],[-106.664,21.748],[-106.656,21.739],[-106.678,21.727],[-106.689,21.746],[-106.685,21.761],[-106.678,21.775],[-106.671,21.771],[-106.664,21.776]]],[[[-109.835,24.225],[-109.803,24.137],[-109.875,24.152],[-109.932,24.375],[-109.835,24.225]]],[[[-111.563,24.379],[-111.538,24.373],[-111.509,24.363],[-111.466,24.336],[-111.463,24.33],[-111.535,24.358],[-111.56,24.362],[-111.596,24.365],[-111.639,24.355],[-111.664,24.352],[-111.675,24.358],[-111.664,24.368],[-111.657,24.375],[-111.646,24.372],[-111.628,24.373],[-111.599,24.377],[-111.581,24.375],[-111.563,24.379]]],[[[-111.754,24.448],[-111.693,24.373],[-111.707,24.299],[-112.006,24.514],[-111.866,24.52],[-111.754,24.448]]],[[[-110.325,24.515],[-110.289,24.47],[-110.347,24.402],[-110.415,24.569],[-110.325,24.515]]],[[[-110.71,25.095],[-110.573,25.015],[-110.527,24.88],[-110.581,24.863],[-110.642,24.914],[-110.71,25.095]]],[[[-112.103,24.617],[-112.06,24.541],[-112.175,24.654],[-112.136,24.698],[-112.175,24.764],[-112.247,24.789],[-112.258,24.75],[-112.305,24.792],[-112.139,25.265],[-112.175,24.872],[-112.215,24.848],[-112.103,24.617]]],[[[-108.831,25.427],[-108.82,25.42],[-108.798,25.393],[-108.788,25.385],[-108.806,25.375],[-108.838,25.388],[-108.874,25.409],[-108.899,25.42],[-108.906,25.42],[-108.917,25.424],[-108.924,25.427],[-108.932,25.427],[-108.993,25.427],[-109.007,25.432],[-109.014,25.447],[-108.899,25.446],[-108.881,25.442],[-108.831,25.427]]],[[[-110.764,25.594],[-110.786,25.604],[-110.807,25.645],[-110.804,25.675],[-110.793,25.696],[-110.782,25.711],[-110.775,25.713],[-110.771,25.696],[-110.761,25.694],[-110.768,25.675],[-110.761,25.648],[-110.753,25.598],[-110.764,25.594]]],[[[-111.081,25.998],[-111.067,25.966],[-111.121,25.993],[-111.182,25.903],[-111.203,25.804],[-111.232,25.824],[-111.175,26.043],[-111.056,26.072],[-111.081,25.998]]],[[[-110.044,27.087],[-110.037,27.089],[-110.019,27.084],[-109.986,27.07],[-109.958,27.052],[-109.94,27.021],[-109.947,27.021],[-109.968,27.05],[-109.99,27.063],[-110.019,27.077],[-110.037,27.08],[-110.044,27.087]]],[[[-110.606,27.318],[-110.591,27.416],[-110.595,27.332],[-110.534,27.285],[-110.606,27.318]]],[[[-115.196,28.342],[-115.156,28.141],[-115.181,28.028],[-115.228,28.028],[-115.279,28.087],[-115.358,28.083],[-115.239,28.234],[-115.25,28.359],[-115.214,28.379],[-115.196,28.342]]],[[[-112.895,28.678],[-112.859,28.673],[-112.805,28.637],[-112.791,28.624],[-112.784,28.617],[-112.78,28.61],[-112.762,28.603],[-112.759,28.595],[-112.751,28.592],[-112.762,28.581],[-112.773,28.576],[-112.78,28.581],[-112.784,28.586],[-112.791,28.586],[-112.798,28.61],[-112.809,28.619],[-112.831,28.625],[-112.841,28.641],[-112.867,28.644],[-112.867,28.651],[-112.87,28.656],[-112.877,28.664],[-112.885,28.671],[-112.895,28.678]]],[[[-112.615,28.725],[-112.55,28.728],[-112.553,28.673],[-112.604,28.669],[-112.615,28.725]]],[[[-112.276,28.769],[-112.359,28.759],[-112.582,28.875],[-112.485,28.971],[-112.463,29.183],[-112.265,29.247],[-112.273,29.137],[-112.197,29.022],[-112.276,28.769]]],[[[-113.137,29.064],[-113.101,29.053],[-113.115,28.985],[-113.497,29.286],[-113.59,29.409],[-113.572,29.541],[-113.511,29.549],[-113.396,29.459],[-113.349,29.383],[-113.371,29.309],[-113.169,29.275],[-113.137,29.064]]],[[[-114.785,31.803],[-114.757,31.798],[-114.71,31.764],[-114.67,31.72],[-114.652,31.69],[-114.667,31.69],[-114.677,31.695],[-114.688,31.702],[-114.695,31.71],[-114.717,31.695],[-114.764,31.715],[-114.8,31.756],[-114.785,31.803]]],[[[-87.331,18.533],[-87.328,18.541],[-87.324,18.55],[-87.317,18.558],[-87.31,18.566],[-87.328,18.533],[-87.321,18.489],[-87.335,18.455],[-87.375,18.403],[-87.378,18.403],[-87.375,18.409],[-87.36,18.43],[-87.349,18.443],[-87.342,18.452],[-87.339,18.477],[-87.331,18.533]]],[[[-87.27,18.739],[-87.256,18.724],[-87.249,18.676],[-87.249,18.651],[-87.263,18.629],[-87.259,18.658],[-87.27,18.739]]],[[[-91.601,18.772],[-91.54,18.793],[-91.526,18.752],[-91.842,18.651],[-91.601,18.772]]],[[[-86.748,20.593],[-86.889,20.353],[-86.997,20.26],[-87.018,20.397],[-86.968,20.507],[-86.907,20.567],[-86.838,20.547],[-86.748,20.593]]],[[[-86.701,21.199],[-86.719,21.212],[-86.741,21.243],[-86.748,21.273],[-86.741,21.288],[-86.737,21.266],[-86.727,21.243],[-86.701,21.199]]],[[[-97.653,21.788],[-97.613,21.765],[-97.602,21.751],[-97.61,21.741],[-97.638,21.744],[-97.664,21.778],[-97.678,21.824],[-97.685,21.863],[-97.671,21.849],[-97.664,21.829],[-97.66,21.807],[-97.653,21.788]]],[[[-97.815,22.72],[-97.797,22.763],[-97.79,22.774],[-97.786,22.756],[-97.797,22.724],[-97.818,22.695],[-97.844,22.685],[-97.836,22.697],[-97.822,22.712],[-97.815,22.72]]],[[[-118.252,29.09],[-118.22,28.96],[-118.288,28.868],[-118.357,29.149],[-118.256,29.181],[-118.285,29.137],[-118.252,29.09]]],[[[-113.245,26.724],[-113.23,26.732],[-113.219,26.731],[-113.212,26.727],[-113.201,26.722],[-113.205,26.717],[-113.194,26.714],[-113.191,26.717],[-113.187,26.721],[-113.18,26.722],[-113.176,26.721],[-113.162,26.705],[-113.147,26.683],[-113.14,26.673],[-113.137,26.665],[-113.147,26.665],[-113.155,26.672],[-113.165,26.677],[-113.191,26.687],[-113.223,26.695],[-113.248,26.702],[-113.259,26.705],[-113.266,26.709],[-113.259,26.717],[-113.245,26.724]]],[[[-89.664,22.371],[-89.689,22.528],[-89.772,22.533],[-89.729,22.584],[-89.61,22.46],[-89.664,22.371]]],[[[-110.588,24.833],[-110.573,24.84],[-110.57,24.845],[-110.566,24.841],[-110.566,24.829],[-110.566,24.826],[-110.563,24.821],[-110.563,24.814],[-110.57,24.816],[-110.57,24.823],[-110.573,24.823],[-110.581,24.821],[-110.588,24.829],[-110.588,24.833]]],[[[-115.754,24.954],[-115.754,24.953],[-115.754,24.954],[-115.754,24.954]]],[[[-110.714,25.306],[-110.707,25.306],[-110.696,25.307],[-110.692,25.312],[-110.689,25.309],[-110.696,25.302],[-110.703,25.289],[-110.707,25.272],[-110.714,25.265],[-110.721,25.26],[-110.728,25.26],[-110.728,25.267],[-110.735,25.279],[-110.732,25.289],[-110.714,25.306]]],[[[-112.107,25.485],[-112.103,25.49],[-112.1,25.486],[-112.1,25.473],[-112.096,25.456],[-112.1,25.431],[-112.1,25.412],[-112.107,25.392],[-112.111,25.363],[-112.103,25.343],[-112.107,25.326],[-112.114,25.314],[-112.118,25.301],[-112.118,25.284],[-112.121,25.282],[-112.132,25.289],[-112.139,25.297],[-112.136,25.312],[-112.125,25.328],[-112.118,25.361],[-112.114,25.404],[-112.107,25.442],[-112.103,25.461],[-112.107,25.485]]],[[[-111.059,25.701],[-111.059,25.707],[-111.045,25.707],[-111.045,25.713],[-111.038,25.714],[-111.031,25.704],[-111.023,25.697],[-111.02,25.694],[-111.013,25.679],[-111.016,25.669],[-111.023,25.66],[-111.027,25.652],[-111.034,25.653],[-111.045,25.665],[-111.049,25.67],[-111.045,25.679],[-111.052,25.694],[-111.059,25.701]]],[[[-111.257,25.812],[-111.254,25.81],[-111.254,25.802],[-111.247,25.799],[-111.25,25.795],[-111.247,25.79],[-111.243,25.787],[-111.247,25.783],[-111.247,25.777],[-111.243,25.772],[-111.243,25.767],[-111.247,25.765],[-111.254,25.773],[-111.257,25.782],[-111.257,25.792],[-111.257,25.802],[-111.261,25.81],[-111.257,25.812]]],[[[-111.286,26.126],[-111.275,26.136],[-111.268,26.136],[-111.265,26.135],[-111.261,26.126],[-111.265,26.118],[-111.268,26.114],[-111.261,26.111],[-111.265,26.104],[-111.275,26.104],[-111.283,26.104],[-111.286,26.103],[-111.283,26.106],[-111.279,26.111],[-111.279,26.114],[-111.286,26.119],[-111.286,26.126]]],[[[-112.096,27.224],[-112.089,27.259],[-112.046,27.217],[-112.067,27.178],[-112.096,27.224]]],[[[-111.891,27.43],[-111.905,27.438],[-111.902,27.45],[-111.88,27.453],[-111.862,27.447],[-111.855,27.438],[-111.859,27.43],[-111.88,27.428],[-111.891,27.43]]],[[[-115.203,27.892],[-115.196,27.891],[-115.185,27.882],[-115.171,27.874],[-115.163,27.869],[-115.16,27.86],[-115.163,27.852],[-115.174,27.849],[-115.178,27.85],[-115.181,27.869],[-115.192,27.881],[-115.21,27.884],[-115.221,27.889],[-115.217,27.896],[-115.203,27.892]]],[[[-111.387,27.968],[-111.394,27.979],[-111.387,27.989],[-111.373,27.968],[-111.365,27.953],[-111.383,27.957],[-111.387,27.968]]],[[[-115.595,28.318],[-115.588,28.31],[-115.581,28.315],[-115.567,28.313],[-115.563,28.308],[-115.574,28.308],[-115.577,28.301],[-115.592,28.298],[-115.603,28.304],[-115.603,28.31],[-115.603,28.316],[-115.595,28.318]]],[[[-113.518,29.095],[-113.511,29.095],[-113.504,29.091],[-113.504,29.088],[-113.507,29.083],[-113.507,29.08],[-113.504,29.074],[-113.507,29.071],[-113.507,29.063],[-113.5,29.056],[-113.5,29.051],[-113.497,29.049],[-113.497,29.042],[-113.493,29.039],[-113.493,29.036],[-113.5,29.036],[-113.507,29.039],[-113.504,29.044],[-113.507,29.049],[-113.515,29.053],[-113.511,29.058],[-113.511,29.061],[-113.515,29.063],[-113.515,29.069],[-113.515,29.076],[-113.522,29.08],[-113.522,29.086],[-113.529,29.093],[-113.518,29.095]]],[[[-114.418,29.986],[-114.4,29.986],[-114.4,29.969],[-114.397,29.961],[-114.407,29.959],[-114.422,29.966],[-114.415,29.976],[-114.418,29.986]]],[[[-116.114,30.496],[-116.11,30.495],[-116.103,30.488],[-116.103,30.483],[-116.114,30.483],[-116.125,30.484],[-116.125,30.491],[-116.114,30.496]]],[[[-117.255,32.421],[-117.248,32.418],[-117.244,32.414],[-117.241,32.404],[-117.241,32.398],[-117.241,32.389],[-117.244,32.389],[-117.248,32.399],[-117.248,32.408],[-117.251,32.411],[-117.255,32.421]]]]}},{"type":"Feature","properties":{"kind":"country","iso":"NZ","region":"","name":"New Zealand"},"geometry":{"type":"MultiPolygon","coordinates":[[[[166.136,-50.864],[166.226,-50.885],[165.985,-50.905],[165.924,-50.851],[166.136,-50.864]]],[[[169.25,-52.521],[169.196,-52.6],[169.016,-52.543],[169.113,-52.546],[169.185,-52.469],[169.293,-52.521],[169.25,-52.521]]],[[[166.244,-50.601],[166.183,-50.611],[166.212,-50.653],[166.165,-50.687],[166.226,-50.694],[166.122,-50.701],[166.233,-50.755],[166.197,-50.797],[166.255,-50.817],[166.241,-50.851],[166.107,-50.804],[166.061,-50.831],[166.079,-50.772],[166.039,-50.751],[166.053,-50.785],[165.992,-50.777],[166.021,-50.836],[165.895,-50.851],[165.924,-50.755],[166.079,-50.675],[166.097,-50.535],[166.287,-50.542],[166.302,-50.577],[166.244,-50.601]]],[[[178.841,-49.628],[178.823,-49.72],[178.718,-49.699],[178.787,-49.618],[178.841,-49.628]]],[[[-176.144,-44.249],[-176.116,-44.265],[-176.22,-44.341],[-176.234,-44.242],[-176.144,-44.249]]],[[[-176.382,-43.899],[-176.411,-43.853],[-176.371,-43.766],[-176.537,-43.756],[-176.422,-43.806],[-176.501,-43.864],[-176.458,-43.95],[-176.396,-43.938],[-176.299,-44.043],[-176.602,-44.12],[-176.663,-44.019],[-176.515,-43.923],[-176.566,-43.838],[-176.638,-43.799],[-176.854,-43.82],[-176.785,-43.756],[-176.645,-43.764],[-176.58,-43.703],[-176.17,-43.732],[-176.285,-43.769],[-176.382,-43.899]]],[[[-177.908,-29.279],[-177.926,-29.284],[-177.926,-29.278],[-177.926,-29.264],[-177.926,-29.254],[-177.944,-29.241],[-177.952,-29.234],[-177.959,-29.222],[-177.941,-29.222],[-177.923,-29.224],[-177.905,-29.229],[-177.89,-29.234],[-177.876,-29.242],[-177.865,-29.251],[-177.847,-29.279],[-177.862,-29.271],[-177.88,-29.273],[-177.89,-29.279],[-177.898,-29.293],[-177.908,-29.279]]],[[[-171.191,-9.356],[-171.194,-9.351],[-171.198,-9.344],[-171.202,-9.337],[-171.205,-9.331],[-171.198,-9.336],[-171.191,-9.344],[-171.187,-9.352],[-171.187,-9.361],[-171.191,-9.361],[-171.191,-9.358],[-171.191,-9.356]]],[[[-172.487,-8.566],[-172.494,-8.555],[-172.501,-8.544],[-172.49,-8.552],[-172.483,-8.562],[-172.48,-8.574],[-172.483,-8.586],[-172.483,-8.581],[-172.487,-8.566]]],[[[166.637,-47.994],[166.633,-48.001],[166.622,-48.021],[166.629,-48.029],[166.633,-48.039],[166.637,-48.051],[166.637,-48.063],[166.629,-48.058],[166.622,-48.053],[166.611,-48.038],[166.604,-48.036],[166.568,-48.041],[166.568,-48.034],[166.619,-47.997],[166.637,-47.994]]],[[[167.418,-47.232],[167.432,-47.219],[167.454,-47.207],[167.479,-47.205],[167.486,-47.219],[167.475,-47.227],[167.45,-47.239],[167.425,-47.244],[167.418,-47.232]]],[[[167.709,-46.785],[167.699,-46.792],[167.684,-46.795],[167.67,-46.792],[167.663,-46.778],[167.666,-46.765],[167.677,-46.758],[167.695,-46.758],[167.706,-46.76],[167.72,-46.768],[167.709,-46.785]]],[[[168.591,-46.733],[168.606,-46.754],[168.595,-46.775],[168.573,-46.792],[168.563,-46.802],[168.566,-46.79],[168.563,-46.781],[168.552,-46.773],[168.541,-46.76],[168.559,-46.758],[168.573,-46.754],[168.584,-46.746],[168.591,-46.733]]],[[[168.199,-47.048],[168.26,-47.085],[168.192,-47.067],[168.181,-47.104],[168.023,-47.116],[167.9,-47.188],[167.763,-47.138],[167.616,-47.212],[167.727,-47.205],[167.673,-47.261],[167.515,-47.254],[167.544,-47.188],[167.63,-47.156],[167.627,-47.065],[167.745,-47.028],[167.738,-46.955],[167.81,-46.922],[167.76,-46.807],[167.789,-46.697],[167.969,-46.7],[168.177,-46.864],[168.167,-46.91],[168.008,-46.895],[167.965,-46.972],[168.048,-46.932],[168.152,-46.966],[168.131,-46.993],[168.231,-46.972],[168.249,-47.035],[168.199,-47.048]]],[[[166.712,-45.616],[166.741,-45.728],[166.651,-45.74],[166.622,-45.659],[166.507,-45.724],[166.568,-45.637],[166.712,-45.616]]],[[[166.975,-45.164],[166.982,-45.199],[166.997,-45.233],[167.033,-45.301],[167,-45.306],[166.986,-45.302],[166.971,-45.289],[166.953,-45.282],[166.932,-45.277],[166.914,-45.27],[166.903,-45.257],[166.892,-45.243],[166.892,-45.236],[166.899,-45.231],[166.899,-45.228],[166.907,-45.218],[166.968,-45.15],[166.968,-45.154],[166.968,-45.157],[166.971,-45.16],[166.975,-45.164]]],[[[174.38,-41.106],[174.38,-41.196],[174.197,-41.229],[174.352,-41.175],[174.326,-41.126],[174.38,-41.106]]],[[[173.783,-40.907],[173.783,-40.839],[173.848,-40.873],[173.833,-40.758],[173.884,-40.757],[173.887,-40.806],[173.966,-40.709],[173.923,-40.866],[173.783,-40.907]]],[[[172.75,-43.279],[172.75,-43.566],[172.832,-43.602],[172.681,-43.639],[172.836,-43.629],[172.876,-43.669],[172.894,-43.614],[172.93,-43.686],[173.066,-43.647],[173.117,-43.772],[173.092,-43.853],[172.998,-43.889],[172.948,-43.75],[172.926,-43.84],[172.966,-43.906],[172.804,-43.875],[172.746,-43.825],[172.764,-43.793],[172.422,-43.855],[172.649,-43.783],[172.498,-43.722],[172.418,-43.737],[172.375,-43.864],[171.666,-44.115],[171.346,-44.279],[171.27,-44.458],[171.173,-44.547],[171.216,-44.742],[171.173,-44.786],[171.212,-44.814],[171.194,-44.926],[170.928,-45.238],[170.867,-45.481],[170.626,-45.706],[170.759,-45.777],[170.557,-45.897],[170.777,-45.78],[170.78,-45.876],[170.334,-45.981],[170.219,-46.174],[169.898,-46.344],[169.848,-46.467],[169.661,-46.493],[169.754,-46.499],[169.635,-46.579],[169.221,-46.66],[169.182,-46.616],[169.149,-46.665],[169.063,-46.638],[169.034,-46.682],[168.89,-46.657],[168.843,-46.56],[168.663,-46.582],[168.714,-46.562],[168.617,-46.547],[168.645,-46.602],[168.591,-46.614],[168.419,-46.602],[168.566,-46.586],[168.365,-46.54],[168.379,-46.619],[168.267,-46.527],[168.386,-46.499],[168.368,-46.417],[168.303,-46.479],[168.17,-46.337],[167.839,-46.393],[167.742,-46.322],[167.789,-46.293],[167.713,-46.197],[167.591,-46.16],[167.454,-46.15],[167.407,-46.251],[167.295,-46.273],[166.763,-46.219],[166.676,-46.147],[166.953,-45.944],[166.802,-45.993],[166.752,-46.071],[166.734,-46.033],[166.615,-46.087],[166.676,-45.984],[166.809,-45.93],[166.691,-45.941],[166.745,-45.861],[166.629,-45.966],[166.475,-45.996],[166.489,-45.807],[166.889,-45.777],[167.022,-45.697],[166.773,-45.719],[166.892,-45.65],[166.777,-45.657],[166.781,-45.594],[166.993,-45.576],[166.953,-45.547],[167.054,-45.491],[166.716,-45.576],[166.766,-45.41],[166.953,-45.437],[166.809,-45.358],[166.824,-45.317],[166.892,-45.284],[166.961,-45.328],[166.932,-45.355],[167.047,-45.361],[167.011,-45.427],[167.097,-45.382],[167.205,-45.478],[167.047,-45.328],[167.18,-45.285],[167.31,-45.314],[167.234,-45.294],[167.249,-45.253],[167.047,-45.27],[167.011,-45.133],[167.18,-45.177],[167.054,-45.101],[167.119,-45.039],[167.191,-45.135],[167.198,-45.095],[167.274,-45.095],[167.151,-45.007],[167.335,-45.037],[167.202,-44.949],[167.385,-44.843],[167.45,-44.889],[167.461,-44.992],[167.515,-44.993],[167.457,-44.789],[167.555,-44.786],[167.569,-44.882],[167.598,-44.814],[167.547,-44.735],[167.681,-44.765],[167.594,-44.698],[167.753,-44.603],[167.933,-44.698],[167.835,-44.505],[168.03,-44.321],[168.127,-44.316],[168.102,-44.259],[168.307,-44.149],[168.372,-44.039],[168.645,-43.965],[168.804,-43.997],[169.419,-43.651],[169.733,-43.566],[170.104,-43.257],[170.24,-43.237],[170.305,-43.163],[170.201,-43.217],[170.291,-43.107],[170.701,-42.955],[170.86,-42.844],[171.227,-42.45],[171.49,-41.831],[171.468,-41.766],[171.641,-41.758],[171.857,-41.665],[171.994,-41.451],[172.069,-41.413],[172.087,-41.309],[172.141,-41.292],[172.105,-40.887],[172.508,-40.589],[172.544,-40.578],[172.541,-40.627],[172.598,-40.6],[172.613,-40.552],[172.559,-40.566],[172.595,-40.527],[172.84,-40.502],[172.998,-40.524],[172.742,-40.52],[172.66,-40.647],[172.696,-40.75],[172.858,-40.844],[173.016,-40.797],[173.009,-40.866],[173.066,-40.887],[172.998,-41.017],[173.07,-41.125],[173.03,-41.148],[173.084,-41.189],[173.102,-41.307],[173.214,-41.302],[173.603,-41.05],[173.675,-41.106],[173.747,-41.037],[173.682,-41.035],[173.707,-40.995],[173.855,-40.925],[173.873,-40.976],[173.984,-40.9],[174.035,-40.934],[173.97,-40.927],[173.92,-41.001],[173.779,-41.012],[173.779,-41.108],[173.83,-41.059],[173.956,-41.059],[173.83,-41.14],[173.873,-41.196],[173.776,-41.283],[173.934,-41.236],[173.887,-41.216],[174.136,-41.175],[173.898,-41.192],[173.948,-41.079],[173.984,-41.086],[173.977,-41.147],[174.046,-41.093],[174.035,-41.017],[173.999,-41.052],[173.948,-41.012],[173.999,-40.969],[174.096,-41.018],[174.182,-40.973],[174.208,-41.071],[174.326,-41.01],[174.258,-41.126],[174.168,-41.116],[174.215,-41.189],[173.934,-41.28],[174.326,-41.216],[174.244,-41.322],[174.132,-41.321],[174.049,-41.437],[174.056,-41.516],[174.114,-41.559],[174.118,-41.506],[174.226,-41.724],[174.294,-41.731],[174.215,-41.856],[174.002,-42.032],[173.891,-42.241],[173.704,-42.379],[173.722,-42.437],[173.657,-42.418],[173.56,-42.491],[173.286,-42.953],[173.084,-43.067],[172.915,-43.102],[172.811,-43.17],[172.75,-43.279]]],[[[175.169,-36.741],[175.216,-36.758],[175.183,-36.826],[175.01,-36.802],[175.018,-36.761],[175.108,-36.782],[175.169,-36.741]]],[[[175.849,-36.625],[175.842,-36.626],[175.835,-36.628],[175.828,-36.63],[175.82,-36.628],[175.817,-36.628],[175.81,-36.626],[175.799,-36.621],[175.795,-36.618],[175.795,-36.615],[175.799,-36.609],[175.799,-36.608],[175.802,-36.604],[175.802,-36.601],[175.799,-36.598],[175.792,-36.593],[175.784,-36.591],[175.777,-36.588],[175.774,-36.577],[175.799,-36.569],[175.806,-36.577],[175.817,-36.604],[175.828,-36.604],[175.835,-36.608],[175.842,-36.615],[175.849,-36.625]]],[[[174.852,-36.392],[174.866,-36.385],[174.881,-36.39],[174.895,-36.402],[174.902,-36.415],[174.91,-36.439],[174.906,-36.449],[174.892,-36.452],[174.856,-36.452],[174.845,-36.449],[174.859,-36.439],[174.859,-36.429],[174.852,-36.403],[174.852,-36.392]]],[[[175.133,-36.176],[175.14,-36.182],[175.147,-36.191],[175.154,-36.201],[175.154,-36.214],[175.147,-36.221],[175.129,-36.226],[175.115,-36.228],[175.1,-36.228],[175.082,-36.206],[175.097,-36.187],[175.122,-36.176],[175.133,-36.176]]],[[[175.54,-36.282],[175.565,-36.309],[175.522,-36.353],[175.334,-36.224],[175.37,-36.219],[175.334,-36.132],[175.388,-36.118],[175.374,-36.066],[175.532,-36.176],[175.504,-36.241],[175.54,-36.282]]],[[[176.954,-39.607],[177.12,-39.668],[177.03,-39.765],[176.897,-40.081],[176.796,-40.223],[176.681,-40.275],[176.612,-40.485],[176.544,-40.486],[176.353,-40.687],[176.234,-40.914],[176.148,-40.968],[175.968,-41.246],[175.45,-41.552],[175.237,-41.619],[175.183,-41.419],[175.036,-41.381],[174.928,-41.444],[174.866,-41.42],[174.888,-41.224],[174.776,-41.262],[174.834,-41.297],[174.809,-41.334],[174.611,-41.292],[174.611,-41.238],[174.794,-41.106],[174.866,-41.104],[174.841,-41.044],[174.935,-40.983],[175.14,-40.674],[175.237,-40.296],[175.172,-40.108],[174.899,-39.882],[174.568,-39.826],[174.319,-39.613],[173.988,-39.543],[173.815,-39.433],[173.758,-39.301],[173.851,-39.134],[174.211,-38.973],[174.416,-38.963],[174.593,-38.818],[174.708,-38.288],[174.704,-38.119],[174.78,-38.106],[174.848,-38.155],[174.838,-38.124],[174.942,-38.097],[174.856,-38.057],[174.791,-38.085],[174.888,-37.986],[174.852,-37.949],[174.787,-37.986],[174.791,-37.873],[174.82,-37.825],[174.978,-37.803],[174.978,-37.749],[174.852,-37.764],[174.73,-37.457],[174.726,-37.39],[174.834,-37.292],[174.708,-37.347],[174.557,-37.062],[174.668,-37.069],[174.74,-37.244],[174.737,-37.18],[174.805,-37.167],[174.715,-37.153],[174.856,-37.079],[174.949,-37.103],[174.827,-36.994],[174.787,-37.008],[174.834,-36.942],[174.668,-36.944],[174.611,-37.018],[174.499,-37.032],[174.409,-36.761],[174.182,-36.452],[174.211,-36.425],[174.204,-36.481],[174.258,-36.447],[174.391,-36.584],[174.359,-36.631],[174.402,-36.618],[174.431,-36.665],[174.492,-36.577],[174.449,-36.515],[174.467,-36.373],[174.33,-36.393],[174.272,-36.338],[174.524,-36.241],[174.305,-36.282],[174.362,-36.282],[174.449,-36.164],[174.395,-36.125],[174.334,-36.228],[174.272,-36.172],[174.283,-36.118],[174.182,-36.145],[174.319,-36.241],[174.262,-36.268],[174.074,-36.169],[173.902,-35.959],[173.948,-35.917],[173.909,-35.87],[173.923,-35.927],[173.88,-35.959],[174.204,-36.348],[174.082,-36.4],[174.024,-36.268],[173.401,-35.552],[173.47,-35.424],[173.542,-35.453],[173.545,-35.397],[173.57,-35.433],[173.66,-35.313],[173.596,-35.294],[173.592,-35.336],[173.567,-35.274],[173.567,-35.36],[173.408,-35.392],[173.369,-35.517],[173.272,-35.392],[173.318,-35.303],[173.25,-35.37],[173.203,-35.323],[173.257,-35.281],[173.178,-35.291],[173.092,-35.206],[173.2,-35.108],[173.156,-34.945],[172.8,-34.551],[172.674,-34.48],[172.703,-34.411],[172.825,-34.446],[173.081,-34.411],[173.038,-34.522],[172.969,-34.467],[172.908,-34.541],[172.998,-34.561],[173.009,-34.651],[173.009,-34.541],[173.038,-34.553],[173.074,-34.7],[173.189,-34.835],[173.12,-34.774],[173.124,-34.809],[173.297,-34.909],[173.268,-35.007],[173.369,-34.967],[173.358,-34.869],[173.444,-34.796],[173.448,-34.85],[173.502,-34.87],[173.405,-34.904],[173.459,-34.982],[173.585,-35.015],[173.588,-34.928],[173.783,-35.007],[173.725,-35.064],[173.761,-35.097],[173.804,-35.015],[173.891,-35],[173.992,-35.118],[174.128,-35.137],[174.154,-35.183],[174.056,-35.152],[174.017,-35.216],[174.107,-35.235],[174.15,-35.37],[174.168,-35.33],[174.251,-35.333],[174.154,-35.274],[174.276,-35.267],[174.352,-35.2],[174.341,-35.311],[174.424,-35.373],[174.334,-35.33],[174.571,-35.595],[174.564,-35.652],[174.478,-35.644],[174.553,-35.696],[174.517,-35.721],[174.586,-35.762],[174.607,-35.843],[174.496,-35.769],[174.384,-35.789],[174.359,-35.713],[174.352,-35.841],[174.503,-35.829],[174.496,-35.988],[174.622,-36.042],[174.625,-36.108],[174.827,-36.282],[174.805,-36.334],[174.881,-36.351],[174.751,-36.355],[174.78,-36.488],[174.715,-36.412],[174.722,-36.594],[174.856,-36.611],[174.722,-36.631],[174.82,-36.824],[174.744,-36.817],[174.704,-36.758],[174.622,-36.797],[174.683,-36.804],[174.65,-36.826],[174.679,-36.907],[174.751,-36.844],[174.877,-36.851],[174.884,-36.959],[174.928,-36.837],[174.964,-36.934],[175.025,-36.92],[175.003,-36.88],[175.079,-36.885],[175.093,-36.971],[175.23,-36.939],[175.32,-37],[175.367,-37.207],[175.561,-37.18],[175.579,-37.238],[175.63,-37.243],[175.529,-36.962],[175.435,-36.864],[175.504,-36.861],[175.457,-36.837],[175.536,-36.787],[175.482,-36.704],[175.496,-36.631],[175.356,-36.53],[175.363,-36.476],[175.532,-36.508],[175.63,-36.763],[175.853,-36.718],[175.712,-36.875],[175.745,-36.89],[175.766,-36.824],[175.849,-36.841],[175.867,-37.054],[175.921,-37.055],[175.889,-37.243],[175.943,-37.283],[176.004,-37.447],[175.975,-37.471],[176.076,-37.508],[176.17,-37.624],[176.058,-37.584],[176.101,-37.57],[176.015,-37.516],[175.943,-37.521],[175.997,-37.631],[176.177,-37.667],[176.202,-37.721],[176.245,-37.714],[176.216,-37.618],[176.27,-37.682],[176.717,-37.878],[177.098,-37.965],[177.134,-37.982],[177.066,-37.984],[177.131,-38.021],[177.167,-37.979],[177.282,-38.016],[177.462,-37.965],[177.599,-37.883],[177.739,-37.677],[177.991,-37.591],[177.991,-37.543],[178.279,-37.558],[178.567,-37.7],[178.348,-38.013],[178.38,-38.079],[178.319,-38.266],[178.362,-38.317],[178.301,-38.531],[178.063,-38.717],[177.934,-38.702],[177.962,-38.773],[177.883,-39.085],[177.998,-39.131],[177.912,-39.255],[177.869,-39.291],[177.84,-39.228],[177.851,-39.09],[177.412,-39.06],[177.066,-39.2],[176.936,-39.348],[176.904,-39.431],[176.954,-39.607]]]]}},{"type":"Feature","properties":{"kind":"country","iso":"PH","region":"","name":"Philippines"},"geometry":{"type":"MultiPolygon","coordinates":[[[[120.862,5.575],[120.873,5.573],[120.891,5.558],[120.905,5.537],[120.909,5.521],[120.898,5.499],[120.88,5.495],[120.851,5.505],[120.844,5.51],[120.833,5.521],[120.823,5.534],[120.819,5.542],[120.823,5.553],[120.837,5.563],[120.848,5.571],[120.862,5.575]]],[[[121.903,6.034],[121.942,6.046],[121.859,6.002],[121.777,6.078],[121.903,6.034]]],[[[125.791,6.947],[125.776,6.893],[125.672,7.082],[125.715,7.196],[125.783,7.135],[125.791,6.947]]],[[[122.972,7.383],[122.842,7.294],[122.799,7.321],[122.828,7.43],[122.867,7.397],[122.925,7.43],[122.972,7.383]]],[[[121.251,9.631],[121.258,9.627],[121.258,9.624],[121.233,9.595],[121.222,9.583],[121.211,9.576],[121.215,9.585],[121.222,9.605],[121.229,9.61],[121.24,9.614],[121.244,9.624],[121.251,9.636],[121.258,9.644],[121.258,9.639],[121.258,9.636],[121.255,9.634],[121.251,9.631]]],[[[125.989,9.686],[126.003,9.676],[125.996,9.656],[125.981,9.617],[125.985,9.605],[125.985,9.59],[125.978,9.575],[125.971,9.57],[125.953,9.566],[125.945,9.566],[125.953,9.582],[125.945,9.588],[125.935,9.59],[125.924,9.59],[125.924,9.597],[125.935,9.597],[125.938,9.597],[125.938,9.603],[125.917,9.617],[125.917,9.61],[125.917,9.619],[125.917,9.629],[125.924,9.651],[125.931,9.658],[125.935,9.661],[125.938,9.664],[125.938,9.673],[125.938,9.681],[125.938,9.693],[125.938,9.7],[125.927,9.715],[125.927,9.739],[125.935,9.761],[125.953,9.769],[125.956,9.762],[125.96,9.755],[125.96,9.747],[125.971,9.752],[125.974,9.755],[125.974,9.739],[125.974,9.715],[125.974,9.695],[125.989,9.686]]],[[[126.568,7.3],[126.619,7.277],[126.453,6.983],[126.349,7],[126.309,6.949],[126.349,6.794],[126.244,6.919],[126.172,6.903],[126.259,6.745],[126.201,6.284],[126.1,6.493],[126.079,6.843],[125.985,6.92],[125.845,7.351],[125.668,7.256],[125.639,7.089],[125.51,7.015],[125.377,6.674],[125.405,6.589],[125.431,6.616],[125.589,6.5],[125.708,6.15],[125.701,6.041],[125.373,5.573],[125.308,5.58],[125.287,5.706],[125.182,5.799],[125.279,5.98],[125.251,6.093],[125.157,6.108],[125.071,5.862],[124.963,5.858],[124.606,5.992],[124.189,6.24],[124.041,6.488],[124.037,6.8],[123.965,6.833],[124.03,7.115],[124.185,7.226],[124.246,7.403],[124.174,7.415],[124.066,7.603],[123.911,7.699],[123.793,7.711],[123.703,7.81],[123.587,7.839],[123.443,7.802],[123.487,7.663],[123.353,7.572],[123.451,7.452],[123.433,7.37],[123.281,7.52],[123.184,7.481],[123.141,7.513],[123.127,7.572],[123.188,7.626],[123.119,7.741],[123.051,7.655],[123.008,7.473],[122.918,7.547],[122.878,7.476],[122.806,7.466],[122.813,7.743],[122.619,7.775],[122.443,7.609],[122.432,7.579],[122.486,7.579],[122.468,7.523],[122.36,7.473],[122.374,7.373],[122.281,7.295],[122.155,6.929],[122.039,6.917],[121.899,7.057],[121.935,7.218],[122.05,7.307],[122.068,7.513],[122.147,7.589],[122.104,7.771],[122.252,7.981],[122.601,8.092],[122.68,8.165],[122.734,8.116],[122.947,8.161],[123.015,8.232],[122.957,8.308],[123.04,8.491],[123.317,8.533],[123.371,8.634],[123.436,8.649],[123.397,8.724],[123.512,8.698],[123.58,8.584],[123.616,8.671],[123.76,8.607],[123.843,8.452],[123.883,8.165],[123.685,8.036],[123.677,7.964],[123.969,8.168],[124.232,8.212],[124.322,8.514],[124.405,8.607],[124.469,8.624],[124.581,8.521],[124.657,8.514],[124.635,8.432],[124.754,8.501],[124.808,9.009],[124.916,8.994],[125.117,8.83],[125.186,8.876],[125.207,9.087],[125.312,8.994],[125.517,9.016],[125.542,9.19],[125.398,9.681],[125.459,9.823],[125.589,9.755],[125.643,9.612],[125.953,9.453],[125.974,9.48],[125.909,9.404],[125.992,9.397],[126.057,9.246],[126.226,9.291],[126.179,9.094],[126.313,8.957],[126.345,8.854],[126.233,8.734],[126.255,8.685],[126.197,8.688],[126.111,8.607],[126.158,8.528],[126.37,8.541],[126.406,8.492],[126.334,8.347],[126.388,8.293],[126.338,8.214],[126.363,8.187],[126.464,8.231],[126.453,7.981],[126.385,7.886],[126.489,7.746],[126.583,7.719],[126.608,7.466],[126.565,7.425],[126.568,7.3]]],[[[125.294,9.97],[125.272,9.919],[125.146,10.071],[125.139,10.166],[125.229,10.122],[125.294,9.97]]],[[[124.379,10.691],[124.39,10.642],[124.3,10.59],[124.318,10.693],[124.379,10.691]]],[[[124.466,10.713],[124.505,10.693],[124.52,10.666],[124.509,10.642],[124.462,10.632],[124.408,10.649],[124.408,10.684],[124.437,10.713],[124.466,10.713]]],[[[125.823,10.735],[125.769,10.701],[125.683,10.753],[125.686,10.806],[125.823,10.735]]],[[[119.631,11.069],[119.649,11.015],[119.613,11.008],[119.581,11.098],[119.631,11.069]]],[[[119.613,11.201],[119.627,11.191],[119.631,11.182],[119.627,11.174],[119.609,11.157],[119.588,11.142],[119.584,11.138],[119.57,11.145],[119.566,11.157],[119.57,11.17],[119.573,11.179],[119.577,11.179],[119.595,11.187],[119.599,11.191],[119.599,11.196],[119.606,11.199],[119.613,11.201]]],[[[124.599,11.564],[124.61,11.486],[124.466,11.478],[124.351,11.68],[124.523,11.686],[124.599,11.564]]],[[[124.815,11.631],[124.855,11.604],[124.833,11.537],[124.732,11.721],[124.815,11.631]]],[[[122.299,18.404],[122.306,18.251],[122.169,18.1],[122.137,17.737],[122.252,17.361],[122.414,17.319],[122.417,17.146],[122.5,17.14],[122.529,17.091],[122.421,16.795],[122.205,16.435],[122.205,16.236],[121.996,16.032],[122.137,16.262],[122.05,16.181],[121.751,16.078],[121.568,15.915],[121.553,15.829],[121.643,15.736],[121.593,15.674],[121.629,15.66],[121.496,15.532],[121.427,15.373],[121.391,15.378],[121.391,15.267],[121.481,15.183],[121.593,14.86],[121.726,14.73],[121.629,14.703],[121.607,14.63],[121.759,14.247],[121.733,14.188],[121.935,13.995],[122.23,13.906],[122.183,13.989],[122.295,13.97],[122.313,14.016],[122.162,14.168],[122.263,14.247],[122.299,14.092],[122.417,14.325],[122.529,14.348],[122.644,14.284],[122.691,14.291],[122.68,14.35],[122.875,14.266],[123.044,14.098],[123.087,13.901],[123.051,13.776],[123.109,13.722],[123.303,13.789],[123.281,13.906],[123.335,13.982],[123.289,13.935],[123.217,13.992],[123.253,14.068],[123.314,14.051],[123.332,14.1],[123.418,13.906],[123.443,13.962],[123.681,13.884],[123.713,13.935],[123.764,13.864],[123.933,13.791],[123.965,13.715],[123.861,13.742],[123.796,13.688],[123.569,13.724],[123.526,13.605],[123.857,13.229],[123.767,13.224],[123.746,13.063],[123.796,13.055],[123.883,13.146],[124.081,13.009],[124.117,13.075],[124.185,13.057],[124.117,12.916],[124.131,12.677],[124.055,12.537],[123.879,12.645],[123.843,12.802],[123.793,12.832],[124.001,12.879],[124.027,12.955],[123.893,12.976],[123.839,12.888],[123.724,12.846],[123.731,12.889],[123.677,12.884],[123.699,12.932],[123.616,12.889],[123.44,13.036],[123.299,13.019],[123.299,13.236],[123.17,13.448],[122.86,13.605],[122.813,13.654],[122.864,13.695],[122.752,13.81],[122.651,13.827],[122.536,13.962],[122.414,13.948],[122.511,13.82],[122.497,13.653],[122.637,13.538],[122.569,13.563],[122.673,13.379],[122.691,13.229],[122.587,13.175],[122.504,13.239],[122.5,13.367],[122.371,13.55],[122.194,13.622],[122.061,13.805],[121.726,13.968],[121.485,13.852],[121.435,13.796],[121.463,13.695],[121.28,13.595],[121.046,13.627],[121.053,13.722],[120.992,13.784],[120.887,13.693],[120.931,13.784],[120.877,13.913],[120.704,13.928],[120.722,13.855],[120.661,13.859],[120.65,13.784],[120.603,13.968],[120.621,14.104],[120.574,14.174],[120.628,14.269],[120.981,14.516],[120.938,14.668],[120.841,14.76],[120.643,14.787],[120.621,14.874],[120.592,14.818],[120.585,14.902],[120.538,14.703],[120.581,14.649],[120.589,14.467],[120.466,14.421],[120.401,14.456],[120.369,14.62],[120.243,14.73],[120.293,14.826],[120.211,14.88],[120.175,14.757],[120.081,14.804],[120.005,15.269],[119.887,15.429],[119.962,15.522],[119.869,15.743],[119.879,15.915],[119.757,15.944],[119.789,16.343],[119.915,16.381],[119.901,16.251],[120.088,16.157],[120.139,16.045],[120.293,16.056],[120.301,16.017],[120.401,16.165],[120.275,16.611],[120.308,16.614],[120.319,16.819],[120.437,17.008],[120.401,17.222],[120.445,17.388],[120.401,17.52],[120.333,17.557],[120.355,17.678],[120.412,17.712],[120.391,17.781],[120.47,18.09],[120.578,18.325],[120.571,18.502],[120.772,18.561],[120.812,18.644],[120.909,18.566],[121.107,18.642],[121.593,18.384],[121.651,18.313],[121.643,18.369],[121.975,18.286],[122.111,18.393],[122.155,18.519],[122.234,18.516],[122.299,18.404]]],[[[120.25,5.267],[120.218,5.115],[120.182,5.205],[120.121,5.218],[120.099,5.157],[120.027,5.161],[119.955,5.075],[119.818,5.06],[119.811,5.122],[120.146,5.325],[120.207,5.348],[120.25,5.267]]],[[[120.589,6.38],[120.596,6.377],[120.599,6.368],[120.603,6.358],[120.607,6.35],[120.603,6.329],[120.581,6.262],[120.578,6.252],[120.571,6.243],[120.56,6.24],[120.545,6.238],[120.506,6.245],[120.495,6.25],[120.488,6.26],[120.491,6.267],[120.502,6.272],[120.517,6.272],[120.524,6.277],[120.531,6.289],[120.538,6.301],[120.538,6.311],[120.542,6.318],[120.556,6.341],[120.563,6.361],[120.571,6.372],[120.578,6.378],[120.589,6.38]]],[[[122.295,6.633],[122.335,6.603],[122.234,6.571],[122.187,6.451],[121.964,6.405],[121.805,6.62],[121.838,6.669],[122.068,6.741],[122.295,6.633]]],[[[118.537,7.006],[118.504,6.971],[118.429,7.018],[118.511,7.047],[118.537,7.006]]],[[[117.086,8.058],[117.086,7.873],[117.01,7.8],[116.956,7.922],[116.963,8.062],[116.981,8.028],[117.086,8.058]]],[[[117.032,8.069],[116.996,8.102],[117.046,8.136],[117.068,8.085],[117.032,8.069]]],[[[117.169,8.178],[117.19,8.177],[117.205,8.167],[117.205,8.155],[117.187,8.15],[117.161,8.156],[117.151,8.17],[117.154,8.18],[117.169,8.178]]],[[[117.327,8.324],[117.359,8.219],[117.291,8.185],[117.28,8.312],[117.327,8.324]]],[[[117.244,8.315],[117.255,8.322],[117.262,8.322],[117.266,8.313],[117.262,8.302],[117.244,8.283],[117.215,8.264],[117.19,8.263],[117.183,8.288],[117.19,8.3],[117.244,8.344],[117.241,8.33],[117.241,8.327],[117.237,8.324],[117.244,8.315]]],[[[124.783,9.2],[124.772,9.077],[124.635,9.183],[124.707,9.251],[124.783,9.2]]],[[[123.699,9.164],[123.631,9.099],[123.472,9.185],[123.641,9.294],[123.703,9.234],[123.699,9.164]]],[[[126.165,9.83],[126.179,9.788],[126.05,9.755],[125.967,9.85],[126.014,9.865],[125.985,9.902],[126.071,10.059],[126.136,9.902],[126.111,9.857],[126.165,9.83]]],[[[124.567,9.87],[124.624,9.801],[124.595,9.737],[124.498,9.769],[124.412,9.659],[124.293,9.607],[123.937,9.617],[123.8,9.757],[123.886,9.914],[124.052,9.98],[124.073,10.048],[124.221,10.152],[124.333,10.161],[124.354,10.11],[124.397,10.152],[124.577,10.034],[124.567,9.87]]],[[[125.719,9.913],[125.679,9.877],[125.611,9.967],[125.596,10.09],[125.521,10.063],[125.495,10.103],[125.542,10.2],[125.521,10.318],[125.611,10.372],[125.65,10.461],[125.686,10.401],[125.639,10.249],[125.719,9.913]]],[[[119.951,10.603],[120.013,10.566],[119.984,10.531],[119.908,10.556],[119.915,10.482],[119.789,10.456],[119.753,10.542],[119.836,10.637],[119.951,10.603]]],[[[122.713,10.735],[122.738,10.64],[122.687,10.505],[122.529,10.422],[122.482,10.504],[122.554,10.549],[122.536,10.608],[122.669,10.762],[122.713,10.735]]],[[[123.573,10.831],[123.487,10.549],[123.364,10.392],[123.289,10.093],[123.155,9.867],[123.134,9.619],[123.177,9.59],[123.134,9.553],[123.321,9.343],[123.317,9.257],[123.231,9.107],[122.99,9.048],[122.871,9.323],[122.601,9.433],[122.497,9.561],[122.432,9.713],[122.403,9.7],[122.396,9.843],[122.475,9.975],[122.709,9.987],[122.871,10.1],[122.871,10.35],[122.813,10.515],[122.972,10.721],[122.95,10.828],[122.993,10.907],[123.26,10.995],[123.404,10.921],[123.523,10.921],[123.573,10.831]]],[[[124.048,10.834],[124.016,10.372],[123.793,10.227],[123.656,10.07],[123.631,9.887],[123.479,9.548],[123.328,9.408],[123.314,9.507],[123.411,9.923],[123.386,9.973],[123.724,10.493],[123.933,10.971],[123.944,11.098],[123.973,11.078],[123.958,11.176],[124.045,11.277],[124.07,11.233],[123.998,11.078],[124.055,11.064],[124.048,10.834]]],[[[123.8,11.179],[123.814,11.149],[123.735,11.154],[123.706,11.241],[123.746,11.292],[123.8,11.179]]],[[[119.671,10.552],[119.725,10.519],[119.577,10.38],[119.462,10.379],[119.285,10.262],[119.195,10.056],[118.774,9.934],[118.778,9.734],[118.702,9.776],[118.756,9.668],[118.493,9.308],[118.353,9.183],[118.137,9.131],[118.015,8.888],[117.755,8.69],[117.565,8.661],[117.514,8.508],[117.345,8.47],[117.19,8.339],[117.262,8.611],[117.655,9.058],[117.763,9.078],[117.903,9.261],[118.004,9.234],[118.133,9.343],[118.36,9.659],[118.529,9.774],[118.771,10.13],[118.778,10.056],[118.832,10.083],[118.821,10.194],[118.933,10.21],[118.951,10.282],[119.026,10.309],[119.033,10.35],[118.976,10.357],[119.001,10.397],[119.073,10.392],[119.12,10.488],[119.134,10.389],[119.278,10.509],[119.249,10.556],[119.311,10.574],[119.347,10.723],[119.224,10.851],[119.231,10.951],[119.469,10.733],[119.451,10.841],[119.318,10.943],[119.325,11.024],[119.361,11.002],[119.325,11.091],[119.415,11.056],[119.433,11.122],[119.386,11.187],[119.501,11.424],[119.566,11.302],[119.516,11.118],[119.573,11.015],[119.516,11.012],[119.505,10.885],[119.53,10.819],[119.602,10.824],[119.591,10.672],[119.653,10.676],[119.671,10.552]]],[[[119.869,11.515],[119.833,11.378],[119.833,11.425],[119.771,11.407],[119.717,11.461],[119.771,11.441],[119.786,11.495],[119.833,11.461],[119.825,11.508],[119.869,11.515]]],[[[125.272,10.323],[125.261,10.26],[125.143,10.279],[125.15,10.186],[124.991,10.382],[125.031,10.021],[124.883,10.135],[124.779,10.152],[124.793,10.326],[124.736,10.421],[124.801,10.679],[124.779,10.821],[124.621,11.002],[124.549,10.983],[124.516,10.873],[124.397,10.934],[124.405,11.302],[124.354,11.329],[124.3,11.544],[124.34,11.55],[124.48,11.385],[124.491,11.447],[124.534,11.422],[124.631,11.304],[124.743,11.329],[124.847,11.432],[124.977,11.392],[124.973,11.277],[125.042,11.248],[125.056,11.01],[125.013,10.755],[125.193,10.603],[125.2,10.433],[125.272,10.323]]],[[[123.17,11.481],[123.13,11.182],[123.04,11.164],[122.95,11.035],[122.939,11.064],[122.788,10.976],[122.763,10.811],[122.63,10.774],[122.59,10.699],[122.227,10.642],[121.949,10.433],[121.931,10.509],[121.985,10.647],[121.939,10.794],[122.047,11.017],[122.043,11.301],[122.108,11.658],[122.086,11.724],[121.852,11.77],[121.895,11.893],[121.964,11.934],[122.093,11.834],[122.389,11.728],[122.623,11.508],[122.659,11.569],[122.705,11.544],[122.723,11.611],[122.831,11.604],[122.943,11.522],[122.875,11.466],[122.9,11.437],[123.163,11.598],[123.123,11.498],[123.17,11.481]]],[[[120.023,11.893],[120.085,11.861],[120.038,11.817],[120.081,11.789],[119.966,11.664],[119.955,11.734],[119.984,11.714],[120.005,11.782],[119.93,11.775],[119.854,11.954],[119.919,11.981],[120.023,11.893]]],[[[120.347,12.03],[120.239,11.988],[120.142,12.03],[120.113,11.968],[120.02,12],[119.908,12.195],[119.847,12.167],[119.923,12.277],[119.879,12.27],[119.887,12.322],[120.196,12.113],[120.229,12.219],[120.257,12.131],[120.344,12.081],[120.315,12.023],[120.347,12.03]]],[[[122.687,12.403],[122.612,12.277],[122.432,12.41],[122.425,12.462],[122.633,12.484],[122.687,12.403]]],[[[125.711,11.149],[125.762,11.024],[125.65,11.15],[125.539,11.145],[125.528,11.091],[125.315,11.15],[125.247,11.093],[125.171,11.265],[125.002,11.29],[125.006,11.425],[124.829,11.508],[124.977,11.593],[125.045,11.758],[124.891,11.761],[124.793,11.858],[124.822,11.905],[124.75,11.91],[124.678,12.03],[124.495,12.098],[124.39,12.222],[124.282,12.57],[124.678,12.516],[124.869,12.53],[124.876,12.591],[125.049,12.53],[125.168,12.579],[125.272,12.499],[125.348,12.4],[125.315,12.297],[125.452,12.273],[125.539,12.184],[125.456,12.108],[125.524,12.057],[125.445,11.947],[125.495,11.79],[125.449,11.768],[125.499,11.701],[125.467,11.611],[125.521,11.461],[125.639,11.368],[125.557,11.211],[125.6,11.189],[125.629,11.236],[125.711,11.149]]],[[[124.055,11.8],[124.055,11.726],[123.857,11.913],[123.742,11.927],[123.731,12.008],[123.487,12.217],[123.159,11.919],[123.217,12.133],[123.296,12.217],[123.217,12.228],[123.274,12.423],[123.235,12.592],[123.357,12.55],[123.325,12.439],[123.397,12.52],[123.447,12.513],[123.551,12.457],[123.609,12.386],[123.587,12.351],[123.695,12.331],[123.793,12.187],[123.796,12.246],[123.89,12.207],[124.052,11.971],[123.998,12.008],[124.055,11.8]]],[[[122.281,12.606],[122.313,12.537],[122.281,12.474],[122.245,12.565],[122.281,12.606]]],[[[122.115,12.667],[122.155,12.633],[122.036,12.214],[122.061,12.174],[122.011,12.104],[121.96,12.179],[122.003,12.244],[121.924,12.339],[121.993,12.442],[121.996,12.592],[122.115,12.667]]],[[[123.789,12.376],[123.789,12.337],[123.584,12.624],[123.609,12.687],[123.731,12.591],[123.789,12.376]]],[[[123.281,12.864],[123.375,12.694],[122.95,13.043],[122.943,13.111],[123.019,13.144],[123.159,12.937],[123.281,12.864]]],[[[121.525,12.704],[121.546,12.611],[121.438,12.521],[121.442,12.359],[121.384,12.369],[121.395,12.29],[121.341,12.317],[121.244,12.214],[121.114,12.251],[121.1,12.331],[121.143,12.31],[120.981,12.423],[120.916,12.513],[120.923,12.618],[120.797,12.729],[120.758,13.003],[120.664,13.156],[120.517,13.231],[120.452,13.42],[120.329,13.396],[120.322,13.487],[120.401,13.528],[120.754,13.467],[120.977,13.531],[120.956,13.502],[121.028,13.421],[121.107,13.416],[121.121,13.372],[121.197,13.442],[121.431,13.224],[121.435,13.146],[121.546,13.131],[121.481,13.014],[121.485,12.768],[121.525,12.704]]],[[[122.101,13.416],[122.119,13.357],[121.993,13.202],[121.813,13.352],[121.874,13.568],[121.91,13.523],[122.011,13.543],[122.115,13.465],[122.101,13.416]]],[[[120.261,13.712],[120.265,13.673],[120.11,13.778],[120.085,13.86],[120.239,13.805],[120.261,13.712]]],[[[124.419,13.872],[124.408,13.668],[124.354,13.659],[124.336,13.558],[124.25,13.599],[124.189,13.523],[124.048,13.605],[124.027,13.67],[124.131,13.818],[124.138,14.078],[124.217,14.087],[124.307,13.906],[124.329,13.933],[124.419,13.872]]],[[[122.104,14.102],[122.176,14.007],[121.964,14.142],[121.928,14.222],[122.104,14.102]]],[[[122.234,14.798],[122.248,14.787],[122.255,14.767],[122.255,14.745],[122.241,14.737],[122.241,14.742],[122.162,14.798],[122.137,14.803],[122.122,14.808],[122.115,14.814],[122.111,14.826],[122.104,14.838],[122.104,14.843],[122.122,14.838],[122.126,14.843],[122.137,14.852],[122.14,14.84],[122.147,14.833],[122.158,14.835],[122.169,14.838],[122.205,14.838],[122.198,14.833],[122.194,14.825],[122.191,14.814],[122.198,14.804],[122.205,14.796],[122.216,14.796],[122.234,14.798]]],[[[122.007,15.01],[122.057,14.983],[122.007,14.99],[122.014,14.933],[121.967,14.902],[122.025,14.723],[121.939,14.641],[121.935,14.765],[121.82,14.946],[121.827,15.012],[121.928,15.053],[122.007,15.01]]],[[[121.388,18.902],[121.417,18.908],[121.431,18.906],[121.442,18.896],[121.449,18.889],[121.46,18.884],[121.467,18.882],[121.478,18.882],[121.453,18.865],[121.431,18.857],[121.406,18.85],[121.319,18.843],[121.294,18.847],[121.28,18.862],[121.276,18.875],[121.28,18.881],[121.298,18.882],[121.352,18.899],[121.388,18.902]]],[[[121.971,18.985],[121.989,18.95],[121.867,18.821],[121.834,18.835],[121.892,18.997],[121.971,18.985]]],[[[121.211,19.176],[121.219,19.171],[121.226,19.166],[121.229,19.159],[121.24,19.119],[121.251,19.081],[121.258,19.046],[121.244,19.019],[121.208,19.049],[121.197,19.066],[121.19,19.087],[121.193,19.112],[121.208,19.154],[121.211,19.176]]],[[[121.525,19.321],[121.546,19.282],[121.499,19.259],[121.348,19.37],[121.517,19.394],[121.525,19.321]]],[[[121.978,19.578],[121.982,19.575],[121.993,19.571],[121.996,19.564],[121.996,19.561],[121.993,19.548],[121.985,19.514],[121.978,19.499],[121.96,19.492],[121.946,19.497],[121.924,19.519],[121.906,19.531],[121.899,19.537],[121.895,19.546],[121.895,19.558],[121.899,19.559],[121.906,19.559],[121.928,19.563],[121.942,19.559],[121.949,19.561],[121.957,19.564],[121.971,19.575],[121.978,19.578]]],[[[121.841,20.346],[121.859,20.348],[121.881,20.333],[121.892,20.314],[121.892,20.297],[121.87,20.277],[121.863,20.274],[121.852,20.274],[121.838,20.321],[121.838,20.334],[121.838,20.341],[121.841,20.346]]],[[[122.011,20.488],[122.018,20.486],[122.029,20.481],[122.032,20.473],[122.032,20.464],[122.025,20.456],[121.993,20.432],[121.967,20.414],[121.964,20.407],[121.967,20.394],[121.971,20.387],[121.975,20.38],[121.971,20.368],[121.957,20.355],[121.939,20.348],[121.921,20.355],[121.917,20.377],[121.921,20.394],[121.964,20.451],[121.967,20.461],[121.982,20.473],[121.996,20.485],[122.011,20.488]]],[[[121.877,20.77],[121.867,20.745],[121.852,20.719],[121.831,20.699],[121.802,20.691],[121.787,20.703],[121.791,20.73],[121.805,20.758],[121.823,20.787],[121.838,20.821],[121.845,20.831],[121.856,20.838],[121.867,20.838],[121.874,20.827],[121.881,20.814],[121.881,20.799],[121.881,20.785],[121.877,20.77]]],[[[119.483,4.85],[119.505,4.764],[119.458,4.656],[119.437,4.902],[119.483,4.85]]],[[[121.219,5.821],[121.229,5.816],[121.233,5.811],[121.229,5.801],[121.226,5.799],[121.197,5.801],[121.161,5.787],[121.147,5.789],[121.136,5.808],[121.136,5.821],[121.143,5.835],[121.154,5.843],[121.165,5.848],[121.179,5.846],[121.193,5.84],[121.208,5.831],[121.219,5.821]]],[[[121.381,6.005],[121.42,5.948],[121.294,5.858],[121.229,5.943],[120.934,5.885],[120.873,5.961],[121.042,6.096],[121.161,6.074],[121.219,5.998],[121.381,6.005]]],[[[121.629,6.657],[121.629,6.589],[121.622,6.567],[121.615,6.561],[121.611,6.569],[121.607,6.591],[121.6,6.606],[121.589,6.62],[121.582,6.632],[121.589,6.637],[121.6,6.645],[121.607,6.664],[121.618,6.672],[121.629,6.657]]],[[[121.096,10.895],[121.096,10.873],[121.082,10.841],[121.085,10.823],[121.064,10.818],[121.035,10.819],[121.017,10.834],[121.024,10.865],[121.031,10.87],[121.067,10.892],[121.085,10.909],[121.093,10.91],[121.096,10.895]]],[[[120.286,11.93],[120.268,11.816],[120.203,11.947],[120.268,11.968],[120.286,11.93]]],[[[121.406,12.062],[121.413,12.047],[121.417,12.03],[121.413,12.015],[121.402,12.003],[121.384,12.001],[121.373,12.011],[121.363,12.027],[121.363,12.043],[121.363,12.05],[121.366,12.071],[121.366,12.081],[121.359,12.087],[121.355,12.094],[121.363,12.104],[121.359,12.113],[121.359,12.114],[121.366,12.111],[121.406,12.062]]],[[[119.959,8.881],[119.962,8.877],[119.959,8.877],[119.959,8.881]]],[[[119.969,8.881],[119.969,8.884],[119.973,8.882],[119.973,8.881],[119.969,8.881]]],[[[119.966,8.888],[119.966,8.886],[119.966,8.884],[119.966,8.886],[119.962,8.888],[119.966,8.888]]],[[[119.969,8.891],[119.969,8.893],[119.969,8.889],[119.966,8.889],[119.966,8.891],[119.969,8.893],[119.969,8.891]]],[[[121.723,12.915],[121.719,12.913],[121.719,12.911],[121.719,12.908],[121.723,12.903],[121.719,12.9],[121.712,12.9],[121.708,12.905],[121.705,12.905],[121.697,12.905],[121.69,12.915],[121.683,12.92],[121.683,12.925],[121.683,12.935],[121.69,12.947],[121.701,12.95],[121.715,12.947],[121.719,12.947],[121.726,12.94],[121.733,12.928],[121.73,12.92],[121.723,12.915]]],[[[121.089,13.531],[121.071,13.536],[121.042,13.562],[121.042,13.568],[121.053,13.568],[121.057,13.565],[121.067,13.567],[121.078,13.572],[121.085,13.57],[121.093,13.562],[121.093,13.538],[121.089,13.531]]],[[[121.935,21.066],[121.931,21.064],[121.935,21.074],[121.935,21.066]]],[[[121.946,21.116],[121.949,21.123],[121.953,21.118],[121.949,21.106],[121.946,21.116]]],[[[119.833,4.821],[119.854,4.808],[119.858,4.798],[119.851,4.796],[119.833,4.796],[119.818,4.805],[119.811,4.816],[119.833,4.821]]],[[[119.836,4.864],[119.822,4.862],[119.8,4.881],[119.789,4.906],[119.793,4.921],[119.804,4.928],[119.815,4.923],[119.822,4.914],[119.843,4.904],[119.851,4.887],[119.851,4.874],[119.843,4.865],[119.836,4.864]]],[[[119.797,5.058],[119.793,5.056],[119.789,5.053],[119.786,5.046],[119.775,5.043],[119.753,5.036],[119.746,5.044],[119.75,5.063],[119.768,5.098],[119.782,5.11],[119.797,5.12],[119.807,5.119],[119.804,5.105],[119.807,5.093],[119.811,5.083],[119.811,5.07],[119.807,5.058],[119.8,5.054],[119.797,5.058]]],[[[125.42,5.426],[125.423,5.421],[125.423,5.407],[125.423,5.379],[125.42,5.369],[125.413,5.369],[125.398,5.372],[125.38,5.37],[125.362,5.367],[125.351,5.372],[125.344,5.38],[125.333,5.387],[125.333,5.392],[125.341,5.401],[125.359,5.423],[125.377,5.431],[125.405,5.431],[125.42,5.426]]],[[[120.859,5.705],[120.88,5.694],[120.884,5.686],[120.873,5.683],[120.859,5.676],[120.841,5.669],[120.819,5.667],[120.808,5.664],[120.801,5.667],[120.797,5.679],[120.808,5.696],[120.833,5.706],[120.848,5.706],[120.859,5.705]]],[[[120.905,5.759],[120.916,5.754],[120.931,5.733],[120.923,5.711],[120.909,5.7],[120.891,5.71],[120.891,5.742],[120.905,5.759]]],[[[123.843,9.642],[123.843,9.588],[123.749,9.555],[123.728,9.592],[123.843,9.642]]],[[[124.606,10.14],[124.595,10.124],[124.595,10.108],[124.599,10.095],[124.588,10.086],[124.577,10.09],[124.559,10.086],[124.549,10.07],[124.541,10.061],[124.531,10.068],[124.527,10.078],[124.527,10.086],[124.523,10.098],[124.523,10.112],[124.527,10.117],[124.534,10.115],[124.541,10.115],[124.549,10.122],[124.552,10.127],[124.556,10.125],[124.567,10.127],[124.581,10.137],[124.585,10.142],[124.592,10.146],[124.606,10.147],[124.606,10.14]]],[[[121.474,11.866],[121.51,11.856],[121.525,11.846],[121.517,11.837],[121.496,11.827],[121.474,11.827],[121.456,11.832],[121.445,11.836],[121.438,11.837],[121.435,11.839],[121.431,11.844],[121.427,11.843],[121.417,11.837],[121.413,11.841],[121.417,11.849],[121.427,11.861],[121.442,11.868],[121.453,11.868],[121.474,11.866]]],[[[124.207,12.081],[124.228,12.074],[124.228,12.064],[124.21,12.06],[124.199,12.052],[124.178,12.04],[124.163,12.038],[124.149,12.043],[124.145,12.054],[124.153,12.065],[124.167,12.076],[124.181,12.081],[124.207,12.081]]],[[[121.114,12.197],[121.129,12.16],[121.053,12.221],[121.06,12.278],[121.114,12.197]]],[[[124.167,12.398],[124.149,12.415],[124.138,12.437],[124.135,12.459],[124.135,12.471],[124.142,12.469],[124.16,12.456],[124.178,12.432],[124.181,12.407],[124.167,12.398]]],[[[124.149,13.185],[124.066,13.21],[124.138,13.234],[124.21,13.195],[124.149,13.185]]],[[[124.088,13.261],[124.073,13.254],[124.066,13.251],[124.063,13.246],[124.055,13.236],[124.045,13.227],[124.041,13.225],[124.027,13.222],[124.016,13.224],[123.998,13.229],[123.976,13.236],[123.958,13.237],[123.94,13.244],[123.922,13.259],[123.915,13.271],[123.915,13.28],[123.911,13.285],[123.911,13.288],[123.915,13.29],[123.962,13.288],[123.987,13.276],[123.994,13.28],[124.001,13.281],[124.016,13.281],[124.016,13.28],[124.019,13.28],[124.027,13.269],[124.034,13.266],[124.037,13.269],[124.037,13.274],[124.041,13.278],[124.048,13.28],[124.055,13.276],[124.07,13.273],[124.084,13.268],[124.084,13.263],[124.088,13.261]]],[[[123.89,13.274],[123.872,13.229],[123.839,13.349],[123.922,13.33],[123.89,13.274]]],[[[123.8,13.366],[123.775,13.391],[123.771,13.403],[123.789,13.399],[123.803,13.391],[123.821,13.381],[123.829,13.372],[123.832,13.372],[123.843,13.372],[123.847,13.367],[123.836,13.356],[123.821,13.352],[123.8,13.366]]],[[[122.41,14.727],[122.417,14.72],[122.421,14.705],[122.399,14.686],[122.374,14.681],[122.353,14.679],[122.32,14.683],[122.317,14.7],[122.342,14.713],[122.363,14.72],[122.381,14.728],[122.396,14.732],[122.41,14.727]]],[[[120.005,16.268],[119.995,16.229],[119.926,16.314],[119.984,16.349],[120.005,16.268]]]]}},{"type":"Feature","properties":{"kind":"country","iso":"TH","region":"","name":"Thailand"},"geometry":{"type":"MultiPolygon","coordinates":[[[[102.912,11.647],[102.894,11.77],[102.776,11.903],[102.768,12.011],[102.606,12.221],[102.556,12.184],[102.581,12.049],[102.506,12.133],[102.29,12.194],[102.264,12.29],[102.336,12.307],[102.351,12.368],[102.293,12.319],[102.304,12.427],[102.272,12.393],[102.272,12.44],[102.2,12.434],[102.275,12.325],[102.228,12.324],[102.124,12.41],[102.074,12.489],[102.113,12.537],[102.048,12.542],[102.063,12.57],[102.009,12.565],[102.063,12.523],[102.056,12.469],[101.962,12.537],[101.951,12.606],[101.948,12.53],[101.768,12.705],[101.418,12.596],[101.087,12.68],[100.99,12.65],[100.976,12.597],[100.918,12.663],[100.857,12.653],[100.853,12.753],[100.922,12.81],[100.864,12.92],[100.932,13.003],[100.878,13.099],[100.947,13.2],[100.911,13.293],[100.983,13.359],[100.997,13.496],[100.889,13.469],[100.68,13.509],[100.59,13.555],[100.598,13.612],[100.576,13.519],[100.338,13.482],[100.274,13.516],[100,13.372],[99.968,13.259],[100.104,13.057],[99.964,12.71],[100.011,12.383],[99.982,12.27],[100.022,12.192],[99.831,11.925],[99.816,11.741],[99.669,11.577],[99.568,11.334],[99.586,11.196],[99.528,11.187],[99.492,11.115],[99.51,10.867],[99.442,10.87],[99.377,10.686],[99.244,10.536],[99.284,10.365],[99.15,10.357],[99.168,10.287],[99.255,10.235],[99.15,10.103],[99.179,10.026],[99.143,9.788],[99.323,9.391],[99.237,9.337],[99.255,9.232],[99.446,9.197],[99.536,9.281],[99.802,9.323],[99.885,9.234],[99.968,8.606],[100.144,8.389],[100.187,8.398],[100.13,8.514],[100.22,8.449],[100.439,7.478],[100.576,7.209],[100.425,7.268],[100.407,7.528],[100.36,7.579],[100.277,7.523],[100.32,7.707],[100.288,7.788],[100.212,7.782],[100.144,7.719],[100.184,7.515],[100.277,7.363],[100.371,7.332],[100.425,7.172],[100.554,7.145],[100.587,7.224],[100.767,6.983],[100.997,6.856],[101.192,6.861],[101.246,6.902],[101.35,6.876],[101.264,6.944],[101.292,6.954],[101.523,6.861],[101.771,6.5],[102.074,6.258],[102.059,6.095],[101.933,5.981],[101.912,5.86],[101.8,5.74],[101.728,5.787],[101.667,5.765],[101.559,5.911],[101.249,5.787],[101.213,5.681],[101.123,5.63],[100.965,5.792],[101.08,5.938],[101.08,6.247],[100.832,6.236],[100.806,6.415],[100.731,6.493],[100.63,6.444],[100.389,6.522],[100.263,6.701],[100.166,6.696],[100.126,6.442],[100.104,6.534],[100.029,6.535],[99.867,6.763],[99.687,6.878],[99.716,6.942],[99.68,7.027],[99.748,7.126],[99.676,7.123],[99.672,7.17],[99.615,7.136],[99.557,7.197],[99.604,7.376],[99.55,7.302],[99.507,7.385],[99.471,7.28],[99.377,7.321],[99.33,7.503],[99.294,7.508],[99.294,7.621],[99.129,7.768],[99.093,7.692],[99.032,7.722],[99.014,7.815],[99.071,7.925],[99.028,7.903],[98.916,8.052],[98.844,8.003],[98.801,8.052],[98.769,8.023],[98.704,8.298],[98.625,8.281],[98.657,8.379],[98.603,8.398],[98.427,8.317],[98.463,8.215],[98.391,8.136],[98.283,8.226],[98.2,8.535],[98.211,8.582],[98.254,8.535],[98.218,8.575],[98.261,8.85],[98.391,9.036],[98.333,9.026],[98.384,9.072],[98.322,9.21],[98.369,9.227],[98.456,9.548],[98.531,9.566],[98.463,9.605],[98.513,9.651],[98.499,9.72],[98.567,9.742],[98.51,9.774],[98.582,9.843],[98.549,9.81],[98.513,9.837],[98.632,9.953],[98.603,9.994],[98.722,10.228],[98.79,10.5],[98.765,10.689],[98.891,10.809],[98.974,10.824],[98.992,10.948],[99.057,10.946],[99.212,11.108],[99.438,11.517],[99.449,11.615],[99.543,11.64],[99.629,11.826],[99.554,11.895],[99.575,11.976],[99.518,12.027],[99.543,12.141],[99.453,12.13],[99.402,12.575],[99.226,12.717],[99.165,12.976],[99.093,13.038],[99.104,13.171],[99.19,13.229],[99.154,13.715],[99.093,13.864],[98.934,14.085],[98.549,14.377],[98.243,14.804],[98.16,15.107],[98.178,15.221],[98.283,15.291],[98.384,15.257],[98.398,15.356],[98.56,15.355],[98.542,15.735],[98.585,15.976],[98.546,16.047],[98.618,16.05],[98.679,16.126],[98.808,16.111],[98.902,16.381],[98.841,16.473],[98.79,16.375],[98.664,16.287],[98.632,16.462],[98.456,16.723],[98.52,16.814],[98.51,16.893],[98.42,17.03],[98.312,17.052],[97.984,17.506],[97.768,17.68],[97.674,17.83],[97.754,17.981],[97.617,18.242],[97.638,18.306],[97.574,18.333],[97.527,18.266],[97.487,18.293],[97.35,18.551],[97.426,18.489],[97.509,18.49],[97.754,18.582],[97.725,18.852],[97.656,18.926],[97.811,19.112],[97.768,19.397],[97.844,19.48],[97.847,19.568],[98.009,19.639],[98.024,19.803],[98.214,19.718],[98.236,19.664],[98.477,19.706],[98.531,19.676],[98.808,19.806],[98.898,19.748],[98.988,19.799],[99.017,20.041],[99.075,20.101],[99.179,20.122],[99.294,20.063],[99.51,20.152],[99.42,20.375],[99.651,20.307],[99.788,20.334],[99.838,20.417],[99.939,20.446],[100.151,20.24],[100.241,20.373],[100.346,20.39],[100.461,20.191],[100.547,20.167],[100.49,19.897],[100.378,19.745],[100.461,19.537],[100.565,19.495],[100.634,19.542],[100.752,19.482],[100.875,19.613],[101.123,19.564],[101.21,19.59],[101.256,19.548],[101.177,19.347],[101.228,19.144],[101.325,19.021],[101.224,18.875],[101.235,18.658],[101.03,18.428],[101.156,18.323],[101.127,18.246],[101.166,18.053],[101.001,17.884],[100.886,17.574],[101.134,17.462],[101.39,17.729],[101.469,17.72],[101.577,17.867],[101.728,17.913],[101.789,18.073],[101.904,18.038],[102.077,18.214],[102.171,18.2],[102.444,17.977],[102.599,17.955],[102.596,17.84],[102.682,17.81],[102.671,17.866],[102.851,17.972],[102.956,18.013],[103.038,17.991],[103.157,18.237],[103.294,18.288],[103.244,18.381],[103.398,18.442],[103.802,18.339],[103.874,18.283],[104,18.318],[104.421,17.7],[104.702,17.528],[104.792,17.423],[104.813,17.194],[104.741,17.003],[104.756,16.528],[105.015,16.277],[105.058,16.121],[105.422,16.01],[105.36,15.919],[105.422,15.784],[105.569,15.75],[105.641,15.682],[105.605,15.439],[105.479,15.353],[105.562,15.321],[105.566,15.272],[105.443,15.134],[105.594,14.99],[105.494,14.809],[105.508,14.565],[105.414,14.428],[105.155,14.33],[105.047,14.213],[104.975,14.301],[104.975,14.38],[104.77,14.44],[104.612,14.419],[104.543,14.36],[104.176,14.404],[104.14,14.365],[103.884,14.34],[103.683,14.384],[103.647,14.445],[103.118,14.313],[102.92,14.186],[102.869,14.021],[102.772,13.936],[102.7,13.762],[102.542,13.67],[102.599,13.605],[102.333,13.565],[102.329,13.273],[102.491,12.996],[102.48,12.677],[102.761,12.437],[102.7,12.138],[102.912,11.765],[102.912,11.647]]],[[[97.872,9.379],[97.84,9.404],[97.836,9.413],[97.836,9.419],[97.844,9.425],[97.851,9.428],[97.858,9.428],[97.869,9.421],[97.876,9.406],[97.876,9.391],[97.872,9.379]]],[[[99.698,9.543],[99.705,9.521],[99.683,9.512],[99.669,9.519],[99.698,9.543]]],[[[99.683,9.62],[99.68,9.612],[99.68,9.61],[99.676,9.615],[99.676,9.624],[99.68,9.624],[99.68,9.622],[99.683,9.62]]],[[[99.248,6.574],[99.262,6.566],[99.258,6.561],[99.248,6.557],[99.219,6.537],[99.194,6.534],[99.176,6.539],[99.158,6.554],[99.176,6.551],[99.186,6.559],[99.197,6.571],[99.215,6.574],[99.208,6.574],[99.24,6.578],[99.248,6.574]]],[[[99.672,6.517],[99.6,6.583],[99.658,6.724],[99.705,6.559],[99.672,6.517]]],[[[99.406,7.267],[99.42,7.256],[99.446,7.251],[99.453,7.239],[99.442,7.239],[99.428,7.239],[99.417,7.236],[99.41,7.229],[99.395,7.206],[99.384,7.194],[99.377,7.202],[99.377,7.253],[99.384,7.275],[99.406,7.267]]],[[[99.035,7.645],[99.064,7.614],[99.075,7.609],[99.075,7.574],[99.086,7.537],[99.1,7.503],[99.118,7.479],[99.1,7.467],[99.078,7.481],[99.057,7.505],[99.032,7.562],[99.028,7.572],[99.028,7.606],[99.028,7.623],[99.021,7.636],[99.024,7.64],[99.024,7.641],[99.028,7.645],[99.035,7.645]]],[[[99.125,7.657],[99.129,7.645],[99.129,7.624],[99.125,7.608],[99.118,7.596],[99.107,7.594],[99.1,7.597],[99.093,7.601],[99.089,7.606],[99.089,7.613],[99.082,7.616],[99.075,7.619],[99.071,7.623],[99.046,7.663],[99.068,7.675],[99.104,7.67],[99.125,7.657]]],[[[98.542,8.106],[98.585,8.079],[98.603,8.064],[98.61,8.035],[98.61,7.927],[98.603,7.903],[98.589,7.905],[98.578,7.92],[98.571,7.939],[98.567,7.964],[98.564,7.977],[98.564,7.986],[98.567,7.993],[98.574,7.994],[98.582,7.996],[98.582,8.006],[98.582,8.015],[98.578,8.025],[98.574,8.031],[98.567,8.035],[98.556,8.036],[98.553,8.043],[98.549,8.05],[98.538,8.072],[98.531,8.089],[98.528,8.107],[98.528,8.124],[98.531,8.119],[98.535,8.116],[98.542,8.106]]],[[[98.42,7.903],[98.398,7.815],[98.344,7.832],[98.294,7.778],[98.254,7.928],[98.283,8.192],[98.344,8.109],[98.438,8.082],[98.42,7.903]]],[[[98.639,8.172],[98.621,8.102],[98.621,8.091],[98.589,8.102],[98.578,8.106],[98.571,8.119],[98.574,8.124],[98.596,8.131],[98.592,8.146],[98.603,8.161],[98.618,8.177],[98.625,8.192],[98.632,8.19],[98.636,8.185],[98.636,8.18],[98.639,8.172]]],[[[98.297,9.146],[98.322,9.077],[98.254,9.036],[98.247,9.149],[98.297,9.146]]],[[[100.068,9.587],[100.061,9.463],[99.946,9.418],[99.935,9.578],[100.068,9.587]]],[[[98.412,9.769],[98.42,9.747],[98.416,9.734],[98.398,9.706],[98.384,9.728],[98.391,9.742],[98.402,9.755],[98.412,9.774],[98.412,9.769]]],[[[100.036,9.796],[100.09,9.666],[99.989,9.72],[99.982,9.793],[100.036,9.796]]],[[[102.563,11.707],[102.606,11.684],[102.599,11.564],[102.531,11.604],[102.556,11.76],[102.563,11.707]]],[[[102.401,12.043],[102.441,11.968],[102.38,12.003],[102.29,11.974],[102.25,12.153],[102.311,12.146],[102.401,12.043]]],[[[97.869,9.425],[97.851,9.441],[97.854,9.462],[97.872,9.473],[97.894,9.467],[97.901,9.462],[97.901,9.453],[97.898,9.445],[97.894,9.438],[97.887,9.438],[97.876,9.441],[97.869,9.441],[97.869,9.425]]],[[[98.29,9.004],[98.301,8.997],[98.312,8.979],[98.308,8.958],[98.294,8.935],[98.272,8.877],[98.261,8.879],[98.254,8.898],[98.25,8.918],[98.254,8.94],[98.258,8.967],[98.254,8.997],[98.261,9.012],[98.279,9.009],[98.29,9.004]]]]}},{"type":"Feature","properties":{"kind":"country","iso":"TR","region":"","name":"Turkey"},"geometry":{"type":"MultiPolygon","coordinates":[[[[43.44,41.107],[43.461,41.023],[43.638,40.933],[43.721,40.763],[43.706,40.613],[43.559,40.477],[43.627,40.42],[43.595,40.346],[43.721,40.17],[43.652,40.14],[43.667,40.109],[44.034,40.008],[44.325,40.035],[44.523,39.934],[44.808,39.64],[44.567,39.767],[44.459,39.699],[44.387,39.415],[44.016,39.375],[44.077,39.201],[44.196,39.12],[44.138,38.993],[44.275,38.843],[44.243,38.659],[44.297,38.622],[44.289,38.382],[44.459,38.338],[44.372,38.25],[44.361,38.147],[44.203,37.897],[44.369,37.86],[44.437,37.767],[44.505,37.779],[44.595,37.717],[44.541,37.632],[44.588,37.583],[44.567,37.446],[44.801,37.293],[44.765,37.143],[44.61,37.178],[44.343,37.043],[44.286,36.969],[44.181,37.087],[44.25,37.17],[44.235,37.237],[44.088,37.311],[43.991,37.313],[43.811,37.2],[43.479,37.244],[43.116,37.37],[42.936,37.32],[42.77,37.376],[42.547,37.141],[42.356,37.11],[42.345,37.24],[42.212,37.325],[42.011,37.176],[41.481,37.075],[40.707,37.1],[39.98,36.806],[39.239,36.661],[38.724,36.693],[38.479,36.855],[38.223,36.908],[37.446,36.634],[37.219,36.658],[37.053,36.621],[36.963,36.754],[36.639,36.828],[36.531,36.479],[36.578,36.334],[36.65,36.307],[36.672,36.237],[36.362,36.219],[36.359,35.994],[36.197,35.952],[36.139,35.82],[36.002,35.869],[35.981,35.927],[35.912,35.918],[35.977,36.018],[35.786,36.305],[36.211,36.643],[36.189,36.801],[36.02,36.926],[35.804,36.774],[35.606,36.741],[35.581,36.685],[35.711,36.72],[35.606,36.658],[35.696,36.707],[35.624,36.602],[35.505,36.617],[35.48,36.599],[35.531,36.582],[35.444,36.597],[35.347,36.541],[34.983,36.72],[34.901,36.72],[34.771,36.817],[34.692,36.813],[34.278,36.587],[34.076,36.415],[34.076,36.329],[34.001,36.303],[33.957,36.214],[33.932,36.29],[33.871,36.315],[33.687,36.138],[33.648,36.192],[33.551,36.128],[33.158,36.138],[33.086,36.082],[32.942,36.104],[32.805,36.026],[32.366,36.178],[32.021,36.546],[31.815,36.59],[31.34,36.808],[30.685,36.891],[30.57,36.781],[30.57,36.528],[30.476,36.401],[30.519,36.342],[30.426,36.226],[30.397,36.205],[30.383,36.275],[30.159,36.298],[30.109,36.241],[30.048,36.259],[29.673,36.123],[29.634,36.192],[29.583,36.185],[29.623,36.199],[29.421,36.231],[29.41,36.268],[29.349,36.232],[29.097,36.391],[29.115,36.553],[29.014,36.548],[29.043,36.624],[29.112,36.626],[29.097,36.665],[28.939,36.751],[28.849,36.665],[28.87,36.631],[28.903,36.658],[28.87,36.607],[28.827,36.602],[28.842,36.638],[28.748,36.698],[28.615,36.705],[28.611,36.817],[28.485,36.801],[28.453,36.884],[28.377,36.854],[28.424,36.828],[28.395,36.79],[28.276,36.796],[28.316,36.828],[28.258,36.847],[28.248,36.768],[28.294,36.72],[28.233,36.72],[28.035,36.565],[27.96,36.602],[28.089,36.644],[27.967,36.688],[28.118,36.719],[28.082,36.747],[28.129,36.754],[28.118,36.801],[27.916,36.741],[27.718,36.756],[27.672,36.658],[27.405,36.665],[27.355,36.712],[27.646,36.806],[28.028,36.781],[28.028,36.926],[28.165,36.911],[28.212,37.001],[28.33,37.036],[27.564,36.974],[27.438,37.028],[27.384,36.994],[27.376,37.028],[27.265,36.964],[27.229,37.061],[27.294,37.11],[27.254,37.124],[27.322,37.124],[27.322,37.159],[27.459,37.09],[27.564,37.126],[27.528,37.193],[27.596,37.186],[27.618,37.274],[27.513,37.229],[27.51,37.267],[27.463,37.252],[27.492,37.327],[27.398,37.323],[27.438,37.391],[27.409,37.413],[27.33,37.352],[27.189,37.357],[27.225,37.406],[27.222,37.477],[27.178,37.467],[27.207,37.597],[27.013,37.666],[27.25,37.744],[27.276,37.929],[27.24,37.988],[26.977,38.064],[26.872,38.036],[26.761,38.216],[26.635,38.203],[26.595,38.103],[26.52,38.179],[26.419,38.2],[26.39,38.262],[26.354,38.228],[26.232,38.281],[26.307,38.323],[26.293,38.37],[26.386,38.318],[26.476,38.367],[26.451,38.426],[26.512,38.433],[26.386,38.455],[26.347,38.622],[26.404,38.677],[26.505,38.652],[26.631,38.519],[26.642,38.468],[26.588,38.461],[26.588,38.419],[26.674,38.308],[26.703,38.431],[26.797,38.358],[27.164,38.446],[26.934,38.434],[26.815,38.542],[26.89,38.509],[26.836,38.549],[26.847,38.598],[26.718,38.652],[26.754,38.666],[26.718,38.721],[26.905,38.735],[26.934,38.779],[26.898,38.816],[26.962,38.806],[26.959,38.845],[27.063,38.887],[27.042,38.941],[26.865,38.914],[26.808,38.951],[26.793,39.022],[26.876,39.091],[26.718,39.263],[26.61,39.275],[26.93,39.488],[26.944,39.561],[26.894,39.584],[26.25,39.466],[26.07,39.496],[26.156,39.65],[26.167,39.974],[26.354,40.052],[26.408,40.194],[26.502,40.212],[26.736,40.403],[26.991,40.388],[27.096,40.452],[27.286,40.469],[27.33,40.413],[27.294,40.407],[27.452,40.322],[27.762,40.315],[27.884,40.386],[27.79,40.393],[27.682,40.496],[27.762,40.537],[28.035,40.474],[27.906,40.4],[27.945,40.366],[28.348,40.405],[29.05,40.368],[29.151,40.434],[29.065,40.483],[28.917,40.471],[28.773,40.523],[28.791,40.553],[28.986,40.645],[29.49,40.727],[29.547,40.69],[29.94,40.736],[29.666,40.783],[29.378,40.756],[29.317,40.825],[29.256,40.81],[29.284,40.852],[29.007,41.031],[29.169,41.234],[30.138,41.144],[30.282,41.215],[30.833,41.08],[31.232,41.092],[31.394,41.188],[31.405,41.317],[32.136,41.599],[32.262,41.72],[33.324,42.019],[34.695,41.947],[34.89,42.007],[34.947,42.098],[35.023,42.092],[35.081,42.029],[35.217,42.024],[35.117,42.007],[35.091,41.928],[35.297,41.715],[35.577,41.629],[35.955,41.735],[35.916,41.646],[35.977,41.73],[36.045,41.702],[36.135,41.599],[36.135,41.462],[36.395,41.256],[36.517,41.263],[36.621,41.376],[36.758,41.366],[36.985,41.295],[37.039,41.182],[37.136,41.146],[37.298,41.141],[37.525,41.036],[37.608,41.05],[37.691,41.141],[37.784,41.122],[37.784,41.06],[37.896,40.982],[38.331,40.918],[38.717,40.955],[39.167,41.08],[39.275,41.05],[39.429,41.112],[39.631,41.008],[39.897,40.955],[39.998,40.982],[40.124,40.92],[40.466,41.05],[40.556,41.043],[40.826,41.198],[40.923,41.19],[41.391,41.379],[41.521,41.514],[41.701,41.489],[41.813,41.421],[41.949,41.506],[42.464,41.431],[42.565,41.567],[42.662,41.589],[42.821,41.572],[42.767,41.504],[42.867,41.501],[43.184,41.3],[43.101,41.249],[43.173,41.242],[43.231,41.173],[43.411,41.175],[43.44,41.107]]],[[[28.017,41.972],[28.046,41.891],[27.978,41.887],[27.97,41.822],[28.096,41.627],[28.233,41.519],[28.91,41.266],[29.108,41.236],[28.993,41.008],[28.626,40.969],[28.554,41.08],[28.543,40.989],[28.165,41.085],[28.014,41.041],[27.942,40.971],[27.776,41.011],[27.524,40.989],[27.286,40.704],[26.682,40.455],[26.602,40.346],[26.347,40.201],[26.376,40.153],[26.156,40.055],[26.271,40.231],[26.221,40.332],[26.829,40.602],[26.79,40.66],[26.505,40.599],[26.091,40.606],[26.055,40.66],[26.034,40.736],[26.113,40.748],[26.224,40.9],[26.358,40.965],[26.322,41.246],[26.631,41.357],[26.595,41.612],[26.332,41.713],[26.332,41.789],[26.527,41.825],[26.541,41.921],[26.606,41.967],[26.937,41.995],[27.045,42.083],[27.175,42.056],[27.272,42.092],[27.546,41.901],[27.686,41.968],[27.816,41.947],[27.812,41.995],[28.017,41.972]]],[[[26.059,39.837],[26.077,39.844],[26.084,39.836],[26.08,39.8],[26.073,39.785],[26.059,39.787],[26.026,39.804],[25.998,39.814],[25.983,39.822],[25.98,39.834],[25.987,39.843],[26.005,39.846],[26.041,39.844],[26.044,39.844],[26.052,39.844],[26.055,39.843],[26.059,39.837]]],[[[26.012,40.167],[25.857,40.108],[25.663,40.126],[25.76,40.207],[25.926,40.243],[25.972,40.221],[25.962,40.157],[26.012,40.167]]],[[[27.657,40.653],[27.733,40.624],[27.603,40.577],[27.535,40.602],[27.546,40.66],[27.657,40.653]]],[[[27.646,40.461],[27.654,40.461],[27.657,40.457],[27.657,40.449],[27.646,40.447],[27.632,40.454],[27.614,40.457],[27.596,40.457],[27.582,40.466],[27.582,40.476],[27.592,40.484],[27.6,40.496],[27.607,40.506],[27.639,40.494],[27.643,40.488],[27.636,40.479],[27.636,40.467],[27.646,40.461]]]]}},{"type":"Feature","properties":{"kind":"country","iso":"TW","region":"","name":"Taiwan"},"geometry":{"type":"MultiPolygon","coordinates":[[[[121.906,24.949],[121.805,24.779],[121.816,24.644],[121.881,24.598],[121.78,24.433],[121.773,24.309],[121.607,24.076],[121.629,24.016],[121.399,23.146],[121.179,22.779],[121.028,22.658],[120.949,22.526],[120.88,22.346],[120.841,21.905],[120.769,21.959],[120.715,21.937],[120.621,22.295],[120.286,22.58],[120.333,22.526],[120.239,22.66],[120.142,22.98],[120.167,23.031],[120.056,23.043],[120.099,23.097],[120.063,23.164],[120.149,23.321],[120.121,23.342],[120.164,23.362],[120.124,23.521],[120.189,23.774],[120.697,24.598],[120.826,24.666],[121.06,25.051],[121.377,25.159],[121.431,25.132],[121.395,25.182],[121.435,25.241],[121.582,25.284],[121.705,25.157],[121.906,25.106],[121.921,25.022],[122.007,25.002],[121.906,24.949]]],[[[121.564,22.045],[121.589,22.015],[121.492,22.082],[121.568,22.082],[121.564,22.045]]],[[[118.393,24.522],[118.45,24.505],[118.465,24.431],[118.285,24.4],[118.281,24.478],[118.382,24.473],[118.393,24.522]]],[[[119.649,23.603],[119.667,23.549],[119.527,23.539],[119.588,23.549],[119.552,23.59],[119.649,23.603]]],[[[119.476,23.603],[119.501,23.651],[119.494,23.576],[119.444,23.563],[119.476,23.603]]],[[[119.573,23.627],[119.57,23.639],[119.563,23.649],[119.545,23.664],[119.566,23.679],[119.581,23.673],[119.591,23.664],[119.595,23.652],[119.588,23.646],[119.591,23.632],[119.584,23.625],[119.577,23.622],[119.573,23.627]]],[[[121.46,22.66],[121.456,22.673],[121.456,22.676],[121.496,22.678],[121.499,22.676],[121.503,22.67],[121.499,22.656],[121.496,22.649],[121.496,22.644],[121.496,22.639],[121.496,22.634],[121.492,22.636],[121.485,22.636],[121.481,22.636],[121.481,22.638],[121.471,22.641],[121.46,22.66]]],[[[120.023,23.452],[120.074,23.5],[120.117,23.548],[120.124,23.551],[120.092,23.499],[120.074,23.484],[120.063,23.472],[120.049,23.458],[120.038,23.452],[120.02,23.438],[120.009,23.433],[120.023,23.452]]]]}},{"type":"Feature","properties":{"kind":"country","iso":"VC","region":"","name":"Saint Vincent and the Grenadines"},"geometry":{"type":"MultiPolygon","coordinates":[[[[-61.195,13.036],[-61.21,13.023],[-61.228,12.992],[-61.242,12.982],[-61.235,12.982],[-61.242,12.976],[-61.249,12.982],[-61.256,12.987],[-61.267,12.989],[-61.278,12.989],[-61.278,12.996],[-61.264,12.991],[-61.238,12.996],[-61.238,13.004],[-61.246,13.011],[-61.249,13.016],[-61.242,13.025],[-61.213,13.041],[-61.202,13.052],[-61.199,13.047],[-61.199,13.043],[-61.199,13.04],[-61.195,13.036]]],[[[-61.166,13.146],[-61.278,13.215],[-61.188,13.381],[-61.123,13.308],[-61.166,13.146]]],[[[-61.44,12.607],[-61.429,12.601],[-61.426,12.592],[-61.433,12.587],[-61.444,12.586],[-61.454,12.586],[-61.462,12.592],[-61.454,12.597],[-61.454,12.601],[-61.458,12.604],[-61.454,12.607],[-61.447,12.609],[-61.44,12.607]]],[[[-61.318,12.734],[-61.318,12.731],[-61.314,12.721],[-61.321,12.714],[-61.325,12.709],[-61.328,12.699],[-61.336,12.694],[-61.343,12.694],[-61.354,12.697],[-61.35,12.7],[-61.339,12.702],[-61.336,12.709],[-61.336,12.717],[-61.336,12.727],[-61.325,12.732],[-61.318,12.734]]],[[[-61.192,12.868],[-61.184,12.883],[-61.174,12.881],[-61.184,12.862],[-61.188,12.856],[-61.192,12.856],[-61.192,12.868]]]]}},{"type":"Feature","properties":{"kind":"country","iso":"VN","region":"","name":"Vietnam"},"geometry":{"type":"MultiPolygon","coordinates":[[[[107.52,14.705],[107.492,14.804],[107.556,14.887],[107.445,15.026],[107.589,15.058],[107.664,15.269],[107.574,15.411],[107.495,15.421],[107.488,15.481],[107.369,15.497],[107.15,15.774],[107.186,15.86],[107.376,15.919],[107.445,16.01],[107.43,16.074],[107.297,16.064],[107.153,16.165],[107.11,16.268],[106.955,16.307],[106.854,16.415],[106.847,16.53],[106.743,16.422],[106.671,16.444],[106.646,16.576],[106.534,16.684],[106.523,16.989],[106.412,16.996],[106.286,17.285],[106.185,17.258],[105.724,17.673],[105.468,18.181],[105.411,18.202],[105.368,18.149],[105.296,18.195],[105.292,18.252],[105.166,18.306],[105.08,18.455],[105.112,18.582],[105.17,18.615],[105.112,18.698],[104.709,18.796],[104.482,18.978],[104.212,19.1],[104.147,19.183],[103.848,19.299],[104.09,19.483],[104,19.681],[104.09,19.652],[104.23,19.706],[104.295,19.656],[104.381,19.686],[104.507,19.603],[104.615,19.607],[104.662,19.711],[104.806,19.791],[104.817,19.848],[104.756,19.867],[104.781,19.909],[104.95,19.995],[104.964,20.076],[104.907,20.176],[104.82,20.221],[104.691,20.196],[104.651,20.226],[104.68,20.341],[104.576,20.414],[104.36,20.439],[104.446,20.535],[104.543,20.535],[104.615,20.647],[104.388,20.772],[104.28,20.892],[104.093,20.961],[103.784,20.846],[103.686,20.657],[103.442,20.816],[103.348,20.789],[103.114,20.868],[102.941,21.084],[102.887,21.228],[102.801,21.255],[102.876,21.305],[102.92,21.451],[102.851,21.425],[102.974,21.576],[102.948,21.738],[102.848,21.704],[102.808,21.836],[102.776,21.707],[102.65,21.658],[102.592,21.901],[102.477,21.957],[102.484,22.021],[102.207,22.246],[102.124,22.384],[102.232,22.427],[102.444,22.766],[102.534,22.695],[102.588,22.715],[102.833,22.6],[102.902,22.477],[103.01,22.43],[103.323,22.79],[103.503,22.582],[103.589,22.768],[103.647,22.8],[103.96,22.508],[104.072,22.783],[104.241,22.825],[104.237,22.742],[104.342,22.687],[104.554,22.837],[104.702,22.818],[104.824,22.925],[104.799,23.085],[104.871,23.163],[105.202,23.254],[105.314,23.365],[105.53,23.156],[105.551,23.06],[105.692,23.045],[105.854,22.904],[105.998,22.975],[106.131,22.975],[106.275,22.85],[106.487,22.925],[106.79,22.796],[106.682,22.58],[106.577,22.595],[106.527,22.438],[106.541,22.346],[106.635,22.31],[106.664,22.224],[106.653,21.969],[106.728,22.008],[106.919,21.917],[107.009,21.927],[106.988,21.824],[107.171,21.716],[107.272,21.719],[107.348,21.599],[107.427,21.651],[107.51,21.582],[107.78,21.657],[107.992,21.486],[107.931,21.442],[107.909,21.527],[107.837,21.488],[107.783,21.525],[107.751,21.506],[107.787,21.459],[107.668,21.412],[107.6,21.299],[107.524,21.349],[107.528,21.299],[107.416,21.329],[107.445,21.288],[107.366,21.273],[107.373,21.028],[107.211,20.993],[107.196,20.937],[107.067,20.959],[107.15,21.04],[107.045,21],[107.027,21.033],[107.002,20.951],[106.854,20.993],[106.944,20.91],[106.876,20.937],[106.869,20.883],[106.772,20.957],[106.822,20.976],[106.797,21.025],[106.642,21.02],[106.754,20.939],[106.743,20.883],[106.7,20.883],[106.808,20.677],[106.664,20.697],[106.703,20.66],[106.638,20.628],[106.588,20.664],[106.628,20.6],[106.52,20.54],[106.581,20.547],[106.581,20.478],[106.52,20.437],[106.595,20.448],[106.559,20.377],[106.592,20.275],[106.498,20.309],[106.57,20.231],[106.379,20.211],[106.178,19.992],[106.106,19.965],[106.106,20.034],[106.084,19.965],[106.026,19.998],[105.954,19.926],[105.929,19.794],[105.868,19.774],[105.929,19.781],[105.792,19.603],[105.814,19.423],[105.771,19.404],[105.81,19.281],[105.742,19.232],[105.738,19.108],[105.67,19.09],[105.612,18.985],[105.753,18.786],[105.749,18.663],[105.764,18.759],[105.879,18.511],[106.102,18.251],[106.167,18.266],[106.271,18.203],[106.347,18.132],[106.307,18.1],[106.347,18.06],[106.433,18.124],[106.523,17.95],[106.437,17.883],[106.498,17.71],[106.286,17.773],[106.43,17.731],[106.383,17.719],[106.408,17.683],[106.419,17.714],[106.505,17.683],[106.764,17.335],[107.11,17.089],[107.204,16.918],[107.142,16.868],[107.218,16.908],[107.636,16.587],[107.445,16.648],[107.664,16.552],[107.664,16.498],[107.697,16.52],[107.841,16.38],[107.798,16.388],[107.812,16.314],[107.895,16.278],[107.931,16.353],[108.042,16.346],[108.093,16.236],[108.053,16.236],[108.204,16.216],[108.143,16.148],[108.197,16.072],[108.23,16.089],[108.197,16.003],[108.258,16.01],[108.244,16.162],[108.338,16.148],[108.312,16.099],[108.266,16.108],[108.28,15.996],[108.374,15.87],[108.41,15.882],[108.618,15.529],[108.683,15.519],[108.629,15.456],[108.698,15.49],[108.773,15.326],[108.82,15.346],[108.788,15.373],[108.827,15.429],[108.885,15.286],[108.953,15.25],[108.863,15.152],[108.91,15.147],[108.986,14.836],[109.086,14.715],[109.061,14.565],[109.238,14.132],[109.173,14.156],[109.306,13.876],[109.302,13.759],[109.27,13.756],[109.252,13.891],[109.22,13.806],[109.259,13.778],[109.223,13.722],[109.295,13.531],[109.209,13.631],[109.335,13.442],[109.306,13.406],[109.245,13.486],[109.23,13.393],[109.306,13.352],[109.259,13.298],[109.295,13.236],[109.32,13.28],[109.306,13.133],[109.468,12.898],[109.457,12.852],[109.439,12.879],[109.367,12.825],[109.472,12.656],[109.45,12.57],[109.403,12.687],[109.374,12.64],[109.342,12.66],[109.389,12.712],[109.36,12.797],[109.205,12.646],[109.205,12.55],[109.248,12.586],[109.238,12.523],[109.346,12.396],[109.299,12.351],[109.216,12.44],[109.151,12.44],[109.241,12.305],[109.176,12.277],[109.223,12.201],[109.184,12.194],[109.295,11.871],[109.223,11.878],[109.176,12.13],[109.209,11.976],[109.126,11.863],[109.162,11.824],[109.205,11.868],[109.241,11.736],[109.137,11.571],[109.022,11.633],[109.007,11.344],[108.82,11.324],[108.73,11.182],[108.532,11.154],[108.302,10.912],[108.258,10.951],[108.107,10.919],[107.999,10.699],[107.823,10.693],[107.51,10.502],[107.333,10.453],[107.272,10.379],[107.189,10.406],[107.218,10.434],[107.175,10.478],[106.991,10.482],[107.034,10.536],[106.984,10.699],[107.027,10.536],[106.991,10.625],[107.013,10.522],[106.962,10.466],[106.944,10.601],[106.746,10.674],[106.772,10.603],[106.732,10.522],[106.656,10.522],[106.595,10.439],[106.581,10.488],[106.581,10.453],[106.656,10.475],[106.689,10.433],[106.739,10.468],[106.79,10.286],[106.422,10.318],[106.797,10.157],[106.736,10.054],[106.696,10.083],[106.649,9.975],[106.498,10.036],[106.293,10.262],[106.484,10.016],[106.696,9.897],[106.667,9.843],[106.664,9.884],[106.588,9.823],[106.113,10.235],[106.574,9.739],[106.545,9.585],[106.386,9.548],[105.933,9.955],[105.818,10.009],[106.073,9.749],[106.196,9.541],[106.192,9.369],[105.54,9.129],[105.407,9.001],[105.314,8.812],[105.101,8.634],[104.856,8.565],[104.727,8.599],[104.831,8.698],[104.964,8.719],[104.853,8.712],[104.928,8.747],[104.921,8.81],[104.817,8.771],[104.774,8.818],[104.835,9.556],[104.892,9.852],[104.972,9.853],[105.076,9.943],[105.112,9.857],[105.108,9.953],[105.004,10.091],[104.9,10.097],[104.774,10.227],[104.612,10.144],[104.59,10.26],[104.504,10.357],[104.525,10.419],[104.471,10.379],[104.45,10.419],[104.568,10.529],[104.853,10.531],[105.065,10.715],[105.011,10.883],[105.08,10.948],[105.317,10.84],[105.411,10.963],[105.472,10.941],[105.753,11.015],[105.879,10.828],[105.933,10.897],[106.178,10.767],[106.12,10.926],[106.188,10.976],[106.16,11.054],[106.113,11.088],[106.088,11.056],[105.843,11.29],[105.875,11.429],[105.803,11.625],[105.933,11.643],[106.016,11.77],[106.426,11.662],[106.397,11.761],[106.44,11.865],[106.394,11.969],[106.703,11.971],[106.772,12.065],[106.952,12.081],[107.211,12.305],[107.319,12.329],[107.416,12.255],[107.513,12.344],[107.567,12.574],[107.459,13.021],[107.607,13.369],[107.603,13.499],[107.438,13.798],[107.43,13.984],[107.355,14.002],[107.319,14.12],[107.351,14.342],[107.387,14.423],[107.466,14.45],[107.52,14.705]]],[[[106.21,9.62],[106.293,9.587],[106.286,9.544],[106.242,9.534],[106.196,9.61],[106.228,9.565],[106.196,9.571],[106.088,9.755],[106.21,9.62]]],[[[106.725,10.269],[106.746,10.264],[106.757,10.257],[106.757,10.245],[106.754,10.237],[106.739,10.23],[106.725,10.227],[106.718,10.232],[106.71,10.243],[106.689,10.252],[106.559,10.276],[106.512,10.296],[106.527,10.298],[106.559,10.282],[106.588,10.277],[106.703,10.276],[106.725,10.269]]],[[[107.171,10.465],[107.211,10.426],[107.088,10.323],[107.078,10.39],[107.171,10.465]]],[[[106.937,10.439],[106.977,10.406],[106.887,10.372],[106.887,10.505],[106.948,10.507],[106.937,10.439]]],[[[106.908,10.532],[106.854,10.561],[106.854,10.632],[106.93,10.598],[106.908,10.532]]],[[[109.328,12.221],[109.335,12.217],[109.342,12.214],[109.346,12.207],[109.349,12.201],[109.346,12.197],[109.335,12.19],[109.328,12.187],[109.324,12.194],[109.317,12.197],[109.31,12.197],[109.299,12.194],[109.302,12.192],[109.306,12.192],[109.306,12.187],[109.288,12.189],[109.27,12.199],[109.256,12.211],[109.245,12.221],[109.245,12.228],[109.252,12.226],[109.266,12.224],[109.274,12.221],[109.274,12.224],[109.274,12.236],[109.292,12.228],[109.328,12.221]]],[[[106.664,8.741],[106.638,8.737],[106.638,8.727],[106.649,8.712],[106.656,8.698],[106.642,8.703],[106.631,8.703],[106.624,8.7],[106.61,8.698],[106.602,8.695],[106.599,8.685],[106.602,8.673],[106.599,8.665],[106.602,8.66],[106.602,8.656],[106.599,8.653],[106.584,8.651],[106.577,8.656],[106.563,8.676],[106.559,8.682],[106.57,8.705],[106.599,8.732],[106.631,8.754],[106.66,8.766],[106.664,8.764],[106.667,8.763],[106.667,8.759],[106.667,8.754],[106.667,8.752],[106.656,8.754],[106.66,8.747],[106.66,8.744],[106.664,8.741]]],[[[106.498,9.891],[106.53,9.858],[106.545,9.838],[106.534,9.83],[106.52,9.838],[106.498,9.875],[106.469,9.891],[106.422,9.933],[106.422,9.94],[106.426,9.936],[106.444,9.933],[106.487,9.902],[106.498,9.891]]],[[[104.082,10.372],[104.05,10.009],[103.845,10.372],[103.935,10.367],[104.003,10.451],[104.082,10.372]]],[[[106.876,10.46],[106.818,10.466],[106.84,10.406],[106.757,10.488],[106.786,10.601],[106.754,10.666],[106.847,10.613],[106.876,10.46]]],[[[107.081,20.8],[107.031,20.787],[107.074,20.733],[107.045,20.704],[106.908,20.819],[106.959,20.876],[107.081,20.8]]],[[[106.84,20.88],[106.887,20.795],[106.764,20.876],[106.786,20.93],[106.84,20.88]]],[[[107.524,20.91],[107.553,20.973],[107.463,20.814],[107.47,20.883],[107.524,20.91]]],[[[107.744,21.02],[107.758,21.017],[107.794,20.993],[107.794,20.986],[107.783,20.99],[107.78,20.993],[107.772,20.993],[107.78,20.973],[107.772,20.957],[107.754,20.946],[107.74,20.937],[107.758,20.971],[107.758,20.983],[107.754,20.988],[107.744,20.995],[107.736,21.003],[107.744,21.02]]],[[[107.531,21.02],[107.56,21.035],[107.513,20.924],[107.394,20.897],[107.531,21.02]]],[[[107.621,21.116],[107.628,21.12],[107.632,21.12],[107.632,21.111],[107.596,21.039],[107.589,21.008],[107.578,20.983],[107.56,20.986],[107.571,20.99],[107.571,20.996],[107.567,21.005],[107.567,21.017],[107.571,21.027],[107.585,21.04],[107.589,21.05],[107.589,21.074],[107.592,21.082],[107.592,21.089],[107.6,21.094],[107.621,21.116]]],[[[107.582,21.212],[107.373,21.059],[107.456,21.275],[107.531,21.199],[107.582,21.212]]],[[[107.812,21.361],[107.816,21.358],[107.819,21.354],[107.819,21.351],[107.816,21.349],[107.808,21.348],[107.711,21.307],[107.715,21.31],[107.726,21.324],[107.783,21.356],[107.801,21.363],[107.812,21.361]]],[[[107.87,21.39],[107.999,21.403],[107.999,21.398],[107.96,21.375],[107.945,21.368],[107.934,21.376],[107.931,21.376],[107.924,21.373],[107.855,21.351],[107.841,21.349],[107.844,21.359],[107.848,21.37],[107.855,21.361],[107.855,21.356],[107.859,21.364],[107.866,21.37],[107.873,21.375],[107.852,21.375],[107.826,21.37],[107.826,21.376],[107.859,21.386],[107.87,21.39]]],[[[108.942,10.552],[108.96,10.537],[108.968,10.517],[108.96,10.504],[108.939,10.504],[108.932,10.515],[108.924,10.531],[108.928,10.544],[108.942,10.552]]],[[[109.392,12.602],[109.4,12.582],[109.403,12.57],[109.4,12.559],[109.385,12.564],[109.346,12.589],[109.342,12.596],[109.335,12.604],[109.324,12.606],[109.313,12.614],[109.32,12.628],[109.346,12.631],[109.367,12.628],[109.382,12.624],[109.389,12.614],[109.392,12.602]]],[[[107.369,20.826],[107.38,20.819],[107.384,20.812],[107.384,20.799],[107.38,20.797],[107.376,20.804],[107.369,20.807],[107.362,20.806],[107.351,20.811],[107.34,20.829],[107.34,20.843],[107.344,20.843],[107.358,20.829],[107.369,20.826]]],[[[107.384,20.888],[107.391,20.885],[107.394,20.878],[107.394,20.875],[107.391,20.871],[107.391,20.87],[107.391,20.868],[107.387,20.865],[107.373,20.86],[107.369,20.858],[107.362,20.86],[107.355,20.865],[107.344,20.878],[107.34,20.875],[107.337,20.876],[107.333,20.883],[107.333,20.888],[107.34,20.89],[107.348,20.888],[107.351,20.887],[107.355,20.887],[107.366,20.888],[107.384,20.888]]],[[[107.826,21.025],[107.841,21.035],[107.855,21.033],[107.852,21.02],[107.844,21.012],[107.826,20.99],[107.819,20.988],[107.816,21.006],[107.826,21.025]]]]}}]}